[06Oct2026 00:56:02.713] [main/INFO] [cpw.mods.modlauncher.Launcher/MODLAUNCHER]: ModLauncher running: args [--launchTarget, forgeclientdev, --version, 21.1.190, --assetIndex, 17, --assetsDir, C:\Users\Nazario Delucci\.mcreator\gradle\caches\neoformruntime\assets, --gameDir, ., --fml.fmlVersion, 4.0.41, --fml.mcVersion, 1.21.1, --fml.neoForgeVersion, 21.1.190, --fml.neoFormVersion, 20240808.144430]
[06Oct2026 00:56:02.720] [main/INFO] [cpw.mods.modlauncher.Launcher/MODLAUNCHER]: JVM identified as JetBrains s.r.o. OpenJDK 64-Bit Server VM 21.0.10+1-b1163.105
[06Oct2026 00:56:02.723] [main/INFO] [cpw.mods.modlauncher.Launcher/MODLAUNCHER]: ModLauncher 11.0.5+main.901c6ea8 starting: java version 21.0.10 by JetBrains s.r.o.; OS Windows 10 arch amd64 version 10.0
[06Oct2026 00:56:02.766] [main/DEBUG] [cpw.mods.modlauncher.LaunchServiceHandler/MODLAUNCHER]: Found launch services [minecraft,forgeclient,forgedatauserdev,testharness,forgeserverdev,forgeserveruserdev,forgejunitdev,forgeclientdev,forgeclientuserdev,forgeserver,forgejunituserdev,forgedatadev]
[06Oct2026 00:56:02.824] [main/DEBUG] [cpw.mods.modlauncher.LaunchPluginHandler/MODLAUNCHER]: Found launch plugins: [mixin,slf4jfixer,runtime_enum_extender,accesstransformer,runtimedistcleaner]
[06Oct2026 00:56:02.848] [main/DEBUG] [cpw.mods.modlauncher.TransformationServicesHandler/MODLAUNCHER]: Discovering transformation services
[06Oct2026 00:56:02.858] [main/DEBUG] [net.neoforged.fml.loading.FMLPaths/CORE]: Path GAMEDIR is C:\Users\Nazario Delucci\MCreatorWorkspaces\deep_lucky_block-neoforge-1.21.1\run
[06Oct2026 00:56:02.859] [main/DEBUG] [net.neoforged.fml.loading.FMLPaths/CORE]: Path MODSDIR is C:\Users\Nazario Delucci\MCreatorWorkspaces\deep_lucky_block-neoforge-1.21.1\run\mods
[06Oct2026 00:56:02.860] [main/DEBUG] [net.neoforged.fml.loading.FMLPaths/CORE]: Path CONFIGDIR is C:\Users\Nazario Delucci\MCreatorWorkspaces\deep_lucky_block-neoforge-1.21.1\run\config
[06Oct2026 00:56:02.860] [main/DEBUG] [net.neoforged.fml.loading.FMLPaths/CORE]: Path FMLCONFIG is C:\Users\Nazario Delucci\MCreatorWorkspaces\deep_lucky_block-neoforge-1.21.1\run\config\fml.toml
[06Oct2026 00:56:02.918] [main/WARN] [net.neoforged.fml.loading.FMLConfig/CORE]: Configuration file C:\Users\Nazario Delucci\MCreatorWorkspaces\deep_lucky_block-neoforge-1.21.1\run\config\fml.toml is not correct. Correcting
[06Oct2026 00:56:02.964] [main/DEBUG] [net.neoforged.fml.loading.targets.CommonLaunchHandler/CORE]: Got mod coordinates mcreator%%C:\Users\Nazario Delucci\MCreatorWorkspaces\deep_lucky_block-neoforge-1.21.1\build\classes\java\main;mcreator%%C:\Users\Nazario Delucci\MCreatorWorkspaces\deep_lucky_block-neoforge-1.21.1\build\resources\main from env
[06Oct2026 00:56:02.967] [main/DEBUG] [net.neoforged.fml.loading.targets.CommonLaunchHandler/CORE]: Found supplied mod coordinates [{mcreator=[C:\Users\Nazario Delucci\MCreatorWorkspaces\deep_lucky_block-neoforge-1.21.1\build\classes\java\main, C:\Users\Nazario Delucci\MCreatorWorkspaces\deep_lucky_block-neoforge-1.21.1\build\resources\main]}]
[06Oct2026 00:56:02.978] [main/DEBUG] [cpw.mods.modlauncher.TransformationServicesHandler/MODLAUNCHER]: Found additional transformation services from discovery services: 
[06Oct2026 00:56:02.992] [main/INFO] [net.neoforged.fml.loading.ImmediateWindowHandler/]: Loading ImmediateWindowProvider fmlearlywindow
[06Oct2026 00:56:03.199] [main/INFO] [EARLYDISPLAY/]: Trying GL version 4.6
[06Oct2026 00:56:03.310] [main/INFO] [EARLYDISPLAY/]: Requested GL version 4.6 got version 4.6
[06Oct2026 00:56:03.402] [main/DEBUG] [cpw.mods.modlauncher.TransformationServicesHandler/MODLAUNCHER]: Found transformer services : [mixin,fml]
[06Oct2026 00:56:03.403] [main/DEBUG] [cpw.mods.modlauncher.TransformationServicesHandler/MODLAUNCHER]: Transformation services loading
[06Oct2026 00:56:03.404] [main/DEBUG] [cpw.mods.modlauncher.TransformationServiceDecorator/MODLAUNCHER]: Loading service mixin
[06Oct2026 00:56:03.406] [main/DEBUG] [cpw.mods.modlauncher.TransformationServiceDecorator/MODLAUNCHER]: Loaded service mixin
[06Oct2026 00:56:03.407] [main/DEBUG] [cpw.mods.modlauncher.TransformationServiceDecorator/MODLAUNCHER]: Loading service fml
[06Oct2026 00:56:03.409] [main/DEBUG] [net.neoforged.fml.loading.FMLLoader/CORE]: FML 4.0.41 loading
[06Oct2026 00:56:03.411] [main/DEBUG] [net.neoforged.fml.loading.FMLLoader/CORE]: FML found ModLauncher version : 11.0.5+main.901c6ea8
[06Oct2026 00:56:03.412] [main/DEBUG] [net.neoforged.fml.loading.FMLLoader/CORE]: FML found AccessTransformer version : 10.0.1+139da711
[06Oct2026 00:56:03.413] [main/DEBUG] [net.neoforged.fml.loading.FMLLoader/CORE]: FML found EventBus version : null
[06Oct2026 00:56:03.415] [main/DEBUG] [net.neoforged.fml.loading.FMLLoader/CORE]: Found Runtime Dist Cleaner
[06Oct2026 00:56:03.415] [main/DEBUG] [cpw.mods.modlauncher.TransformationServiceDecorator/MODLAUNCHER]: Loaded service fml
[06Oct2026 00:56:03.417] [main/DEBUG] [cpw.mods.modlauncher.TransformationServicesHandler/MODLAUNCHER]: Configuring option handling for services
[06Oct2026 00:56:03.447] [main/DEBUG] [net.neoforged.fml.loading.FMLServiceProvider/CORE]: Received command line version data  : VersionInfo[neoForgeVersion=21.1.190, fmlVersion=4.0.41, mcVersion=1.21.1, neoFormVersion=20240808.144430]
[06Oct2026 00:56:03.448] [main/DEBUG] [cpw.mods.modlauncher.TransformationServicesHandler/MODLAUNCHER]: Transformation services initializing
[06Oct2026 00:56:03.450] [main/DEBUG] [cpw.mods.modlauncher.TransformationServiceDecorator/MODLAUNCHER]: Initializing transformation service mixin
[06Oct2026 00:56:03.481] [main/DEBUG] [mixin/]: MixinService [ModLauncher] was successfully booted in cpw.mods.cl.ModuleClassLoader@1afd44cb
[06Oct2026 00:56:03.508] [main/INFO] [mixin/]: SpongePowered MIXIN Subsystem Version=0.8.7 Source=union:/C:/Users/Nazario%20Delucci/.mcreator/gradle/caches/modules-2/files-2.1/net.fabricmc/sponge-mixin/0.15.2+mixin.0.8.7/2af2f021d8e02a0220dc27a7a72b4666d66d44ca/sponge-mixin-0.15.2+mixin.0.8.7.jar%23138!/ Service=ModLauncher Env=CLIENT
[06Oct2026 00:56:03.515] [main/DEBUG] [mixin/]: Initialising Mixin Platform Manager
[06Oct2026 00:56:03.516] [main/DEBUG] [mixin/]: Adding mixin platform agents for container ModLauncher Root Container(ModLauncher:4f56a0a2)
[06Oct2026 00:56:03.517] [main/DEBUG] [mixin/]: Instancing new MixinPlatformAgentMinecraftForge for ModLauncher Root Container(ModLauncher:4f56a0a2)
[06Oct2026 00:56:03.518] [main/DEBUG] [mixin/]: MixinPlatformAgentMinecraftForge rejected container ModLauncher Root Container(ModLauncher:4f56a0a2)
[06Oct2026 00:56:03.519] [main/DEBUG] [mixin/]: Instancing new MixinPlatformAgentDefault for ModLauncher Root Container(ModLauncher:4f56a0a2)
[06Oct2026 00:56:03.519] [main/DEBUG] [mixin/]: MixinPlatformAgentDefault accepted container ModLauncher Root Container(ModLauncher:4f56a0a2)
[06Oct2026 00:56:03.524] [main/DEBUG] [cpw.mods.modlauncher.TransformationServiceDecorator/MODLAUNCHER]: Initialized transformation service mixin
[06Oct2026 00:56:03.524] [main/DEBUG] [cpw.mods.modlauncher.TransformationServiceDecorator/MODLAUNCHER]: Initializing transformation service fml
[06Oct2026 00:56:03.525] [main/DEBUG] [net.neoforged.fml.loading.FMLServiceProvider/CORE]: Setting up basic FML game directories
[06Oct2026 00:56:03.526] [main/DEBUG] [net.neoforged.fml.loading.FMLPaths/CORE]: Path GAMEDIR is C:\Users\Nazario Delucci\MCreatorWorkspaces\deep_lucky_block-neoforge-1.21.1\run
[06Oct2026 00:56:03.526] [main/DEBUG] [net.neoforged.fml.loading.FMLPaths/CORE]: Path MODSDIR is C:\Users\Nazario Delucci\MCreatorWorkspaces\deep_lucky_block-neoforge-1.21.1\run\mods
[06Oct2026 00:56:03.583] [main/DEBUG] [net.neoforged.fml.loading.FMLPaths/CORE]: Path CONFIGDIR is C:\Users\Nazario Delucci\MCreatorWorkspaces\deep_lucky_block-neoforge-1.21.1\run\config
[06Oct2026 00:56:03.583] [main/DEBUG] [net.neoforged.fml.loading.FMLPaths/CORE]: Path FMLCONFIG is C:\Users\Nazario Delucci\MCreatorWorkspaces\deep_lucky_block-neoforge-1.21.1\run\config\fml.toml
[06Oct2026 00:56:03.584] [main/DEBUG] [net.neoforged.fml.loading.FMLServiceProvider/CORE]: Loading configuration
[06Oct2026 00:56:03.586] [main/WARN] [net.neoforged.fml.loading.FMLConfig/CORE]: Configuration file C:\Users\Nazario Delucci\MCreatorWorkspaces\deep_lucky_block-neoforge-1.21.1\run\config\fml.toml is not correct. Correcting
[06Oct2026 00:56:03.591] [main/DEBUG] [net.neoforged.fml.loading.FMLServiceProvider/CORE]: Preparing launch handler
[06Oct2026 00:56:03.592] [main/DEBUG] [net.neoforged.fml.loading.FMLLoader/CORE]: Using forgeclientdev as launch service
[06Oct2026 00:56:03.595] [main/DEBUG] [cpw.mods.modlauncher.TransformationServiceDecorator/MODLAUNCHER]: Initialized transformation service fml
[06Oct2026 00:56:03.595] [main/DEBUG] [cpw.mods.modlauncher.TransformationServicesHandler/MODLAUNCHER]: Transformation services begin scanning
[06Oct2026 00:56:03.596] [main/DEBUG] [cpw.mods.modlauncher.TransformationServiceDecorator/MODLAUNCHER]: Beginning scan trigger - transformation service mixin
[06Oct2026 00:56:03.597] [main/DEBUG] [cpw.mods.modlauncher.TransformationServiceDecorator/MODLAUNCHER]: End scan trigger - transformation service mixin
[06Oct2026 00:56:03.597] [main/DEBUG] [cpw.mods.modlauncher.TransformationServiceDecorator/MODLAUNCHER]: Beginning scan trigger - transformation service fml
[06Oct2026 00:56:03.600] [main/DEBUG] [net.neoforged.fml.loading.FMLServiceProvider/CORE]: Initiating mod scan
[06Oct2026 00:56:03.601] [main/DEBUG] [net.neoforged.fml.loading.targets.CommonLaunchHandler/CORE]: Got mod coordinates mcreator%%C:\Users\Nazario Delucci\MCreatorWorkspaces\deep_lucky_block-neoforge-1.21.1\build\classes\java\main;mcreator%%C:\Users\Nazario Delucci\MCreatorWorkspaces\deep_lucky_block-neoforge-1.21.1\build\resources\main from env
[06Oct2026 00:56:03.602] [main/DEBUG] [net.neoforged.fml.loading.targets.CommonLaunchHandler/CORE]: Found supplied mod coordinates [{mcreator=[C:\Users\Nazario Delucci\MCreatorWorkspaces\deep_lucky_block-neoforge-1.21.1\build\classes\java\main, C:\Users\Nazario Delucci\MCreatorWorkspaces\deep_lucky_block-neoforge-1.21.1\build\resources\main]}]
[06Oct2026 00:56:03.607] [main/DEBUG] [net.neoforged.fml.loading.targets.CommonDevLaunchHandler/]: Launching with NeoForge from C:\Users\Nazario Delucci\MCreatorWorkspaces\deep_lucky_block-neoforge-1.21.1\build\moddev\artifacts\neoforge-21.1.190.jar
[06Oct2026 00:56:03.655] [main/DEBUG] [net.neoforged.fml.util.ServiceLoaderUtil/CORE]: Found 4 implementations of IModFileCandidateLocator:
[06Oct2026 00:56:03.657] [main/DEBUG] [net.neoforged.fml.util.ServiceLoaderUtil/CORE]: 	       0 - [built-in] net.neoforged.fml.loading.moddiscovery.locators.NeoForgeDevProvider from loader-4.0.41.jar
[06Oct2026 00:56:03.658] [main/DEBUG] [net.neoforged.fml.util.ServiceLoaderUtil/CORE]: 	       0 - net.neoforged.fml.loading.moddiscovery.locators.ModsFolderLocator from loader-4.0.41.jar
[06Oct2026 00:56:03.658] [main/DEBUG] [net.neoforged.fml.util.ServiceLoaderUtil/CORE]: 	       0 - net.neoforged.fml.loading.moddiscovery.locators.MavenDirectoryLocator from loader-4.0.41.jar
[06Oct2026 00:56:03.659] [main/DEBUG] [net.neoforged.fml.util.ServiceLoaderUtil/CORE]: 	   -1000 - [built-in] net.neoforged.fml.loading.moddiscovery.locators.UserdevLocator from loader-4.0.41.jar
[06Oct2026 00:56:03.664] [main/DEBUG] [net.neoforged.fml.util.ServiceLoaderUtil/CORE]: Found 2 implementations of IModFileReader:
[06Oct2026 00:56:03.665] [main/DEBUG] [net.neoforged.fml.util.ServiceLoaderUtil/CORE]: 	       0 - net.neoforged.fml.loading.moddiscovery.readers.JarModsDotTomlModFileReader from loader-4.0.41.jar
[06Oct2026 00:56:03.666] [main/DEBUG] [net.neoforged.fml.util.ServiceLoaderUtil/CORE]: 	   -1000 - net.neoforged.fml.loading.moddiscovery.readers.NestedLibraryModReader from loader-4.0.41.jar
[06Oct2026 00:56:03.670] [main/DEBUG] [net.neoforged.fml.util.ServiceLoaderUtil/CORE]: Found 1 implementations of IDependencyLocator:
[06Oct2026 00:56:03.670] [main/DEBUG] [net.neoforged.fml.util.ServiceLoaderUtil/CORE]: 	       0 - net.neoforged.fml.loading.moddiscovery.locators.JarInJarDependencyLocator from loader-4.0.41.jar
[06Oct2026 00:56:03.800] [pool-2-thread-1/INFO] [EARLYDISPLAY/]: GL info: Intel(R) HD Graphics 630 GL version 4.6.0 - Build 31.0.101.2141, Intel
[06Oct2026 00:56:03.810] [main/DEBUG] [net.neoforged.fml.loading.moddiscovery.ModFileInfo/LOADING]: Found valid mod file neoforge-21.1.190.jar with {minecraft} mods - versions {1.21.1}
[06Oct2026 00:56:03.829] [main/DEBUG] [net.neoforged.fml.loading.moddiscovery.ModFileParser/LOADING]: Considering mod file candidate C:\Users\Nazario Delucci\MCreatorWorkspaces\deep_lucky_block-neoforge-1.21.1\build\moddev\artifacts\neoforge-21.1.190.jar
[06Oct2026 00:56:03.860] [main/DEBUG] [net.neoforged.fml.loading.moddiscovery.ModFileInfo/LOADING]: Found valid mod file neoforge-21.1.190.jar with {neoforge} mods - versions {21.1.190}
[06Oct2026 00:56:03.867] [main/DEBUG] [net.neoforged.fml.loading.moddiscovery.ModListHandler/CORE]: Found mod coordinates from lists: []
[06Oct2026 00:56:03.872] [main/DEBUG] [net.neoforged.fml.loading.moddiscovery.ModFileParser/LOADING]: Considering mod file candidate C:\Users\Nazario Delucci\MCreatorWorkspaces\deep_lucky_block-neoforge-1.21.1\build\classes\java\main
[06Oct2026 00:56:03.887] [main/DEBUG] [net.neoforged.fml.loading.moddiscovery.ModFileInfo/LOADING]: Found valid mod file main with {deep_lucky_block} mods - versions {1.0}
[06Oct2026 00:56:03.935] [main/DEBUG] [net.neoforged.fml.loading.moddiscovery.ModFileParser/LOADING]: Considering mod file candidate C:\Users\Nazario Delucci\MCreatorWorkspaces\deep_lucky_block-neoforge-1.21.1\build\moddev\artifacts\neoforge-21.1.190.jar
[06Oct2026 00:56:03.939] [main/DEBUG] [net.neoforged.fml.loading.moddiscovery.ModFileInfo/LOADING]: Found valid mod file neoforge-21.1.190.jar with {neoforge} mods - versions {21.1.190}
[06Oct2026 00:56:04.054] [main/DEBUG] [net.neoforged.fml.loading.moddiscovery.ModDiscoverer/]: Skipping C:\Users\Nazario Delucci\.mcreator\gradle\caches\modules-2\files-2.1\net.neoforged.fancymodloader\earlydisplay\4.0.41\53dfbd387ed1b88c7d144bdb6551b7f57d5da6d7\earlydisplay-4.0.41.jar because it was already located earlier
[06Oct2026 00:56:04.054] [main/DEBUG] [net.neoforged.fml.loading.moddiscovery.ModDiscoverer/]: Skipping C:\Users\Nazario Delucci\.mcreator\gradle\caches\modules-2\files-2.1\net.neoforged.fancymodloader\loader\4.0.41\3aebc81b9347fa87bb629ffaed20276f2a4c944e\loader-4.0.41.jar because it was already located earlier
[06Oct2026 00:56:04.055] [main/DEBUG] [net.neoforged.fml.loading.moddiscovery.ModDiscoverer/]: Skipping C:\Users\Nazario Delucci\.mcreator\gradle\caches\modules-2\files-2.1\net.neoforged.accesstransformers\at-modlauncher\10.0.1\5aba50202aceead086bc09fbc2751c9f05cb4890\at-modlauncher-10.0.1.jar because it was already located earlier
[06Oct2026 00:56:04.055] [main/DEBUG] [net.neoforged.fml.loading.moddiscovery.ModDiscoverer/]: Skipping C:\Users\Nazario Delucci\.mcreator\gradle\caches\modules-2\files-2.1\net.neoforged\accesstransformers\10.0.1\fd83b5725f76eae9115e9355fa1c456a6a441400\accesstransformers-10.0.1.jar because it was already located earlier
[06Oct2026 00:56:04.055] [main/DEBUG] [net.neoforged.fml.loading.moddiscovery.ModDiscoverer/]: Skipping C:\Users\Nazario Delucci\.mcreator\gradle\caches\modules-2\files-2.1\net.neoforged\bus\8.0.5\5b2d33285ab5d1554e9798ad98c40d6ea3868bd5\bus-8.0.5.jar because it was already located earlier
[06Oct2026 00:56:04.055] [main/DEBUG] [net.neoforged.fml.loading.moddiscovery.ModDiscoverer/]: Skipping C:\Users\Nazario Delucci\.mcreator\gradle\caches\modules-2\files-2.1\net.neoforged\coremods\7.0.3\9147e6f638b4272b3bd5fc8f92ad37802512c6c\coremods-7.0.3.jar because it was already located earlier
[06Oct2026 00:56:04.056] [main/DEBUG] [net.neoforged.fml.loading.moddiscovery.ModDiscoverer/]: Skipping C:\Users\Nazario Delucci\.mcreator\gradle\caches\modules-2\files-2.1\cpw.mods\modlauncher\11.0.5\b8f0d49294f733fdb6173931b263553e943dc950\modlauncher-11.0.5.jar because it was already located earlier
[06Oct2026 00:56:04.056] [main/DEBUG] [net.neoforged.fml.loading.moddiscovery.ModDiscoverer/]: Skipping C:\Users\Nazario Delucci\.mcreator\gradle\caches\modules-2\files-2.1\net.neoforged\mergetool\2.0.0\52fe1949be64e3303aabaaa21e315f551db9c9f4\mergetool-2.0.0-api.jar because it was already located earlier
[06Oct2026 00:56:04.057] [main/DEBUG] [net.neoforged.fml.loading.moddiscovery.ModDiscoverer/]: Skipping C:\Users\Nazario Delucci\.mcreator\gradle\caches\modules-2\files-2.1\com.electronwill.night-config\toml\3.8.2\c128842f759692f613ea6c3ef0ef052273bbb38c\toml-3.8.2.jar because it was already located earlier
[06Oct2026 00:56:04.057] [main/DEBUG] [net.neoforged.fml.loading.moddiscovery.ModDiscoverer/]: Skipping C:\Users\Nazario Delucci\.mcreator\gradle\caches\modules-2\files-2.1\com.electronwill.night-config\core\3.8.2\94eee571e1524129804d08c75f6416a3be380ad4\core-3.8.2.jar because it was already located earlier
[06Oct2026 00:56:04.057] [main/DEBUG] [net.neoforged.fml.loading.moddiscovery.ModDiscoverer/]: Skipping C:\Users\Nazario Delucci\.mcreator\gradle\caches\modules-2\files-2.1\net.neoforged\JarJarSelector\0.4.1\fb3cc7a58af22ad2880adb98af6d518128c47dae\JarJarSelector-0.4.1.jar because it was already located earlier
[06Oct2026 00:56:04.058] [main/DEBUG] [net.neoforged.fml.loading.moddiscovery.ModDiscoverer/]: Skipping C:\Users\Nazario Delucci\.mcreator\gradle\caches\modules-2\files-2.1\net.neoforged\JarJarMetadata\0.4.1\f8da03683dc81694556dc3e177c5e3bb77ae6fcb\JarJarMetadata-0.4.1.jar because it was already located earlier
[06Oct2026 00:56:04.058] [main/DEBUG] [net.neoforged.fml.loading.moddiscovery.ModDiscoverer/]: Skipping C:\Users\Nazario Delucci\.mcreator\gradle\caches\modules-2\files-2.1\org.apache.maven\maven-artifact\3.8.5\4433f50c07debefaed0553bd0068f4f48d449313\maven-artifact-3.8.5.jar because it was already located earlier
[06Oct2026 00:56:04.059] [main/DEBUG] [net.neoforged.fml.loading.moddiscovery.ModDiscoverer/]: Skipping C:\Users\Nazario Delucci\.mcreator\gradle\caches\modules-2\files-2.1\net.jodah\typetools\0.6.3\a01aaa6ddaea9ec07ec4f209487b7a46a526283a\typetools-0.6.3.jar because it was already located earlier
[06Oct2026 00:56:04.059] [main/DEBUG] [net.neoforged.fml.loading.moddiscovery.ModDiscoverer/]: Skipping C:\Users\Nazario Delucci\.mcreator\gradle\caches\modules-2\files-2.1\net.minecrell\terminalconsoleappender\1.3.0\b562e9bb61235c9520e26282cdee71f8f802d1fc\terminalconsoleappender-1.3.0.jar because it was already located earlier
[06Oct2026 00:56:04.059] [main/DEBUG] [net.neoforged.fml.loading.moddiscovery.ModDiscoverer/]: Skipping C:\Users\Nazario Delucci\.mcreator\gradle\caches\modules-2\files-2.1\net.fabricmc\sponge-mixin\0.15.2+mixin.0.8.7\2af2f021d8e02a0220dc27a7a72b4666d66d44ca\sponge-mixin-0.15.2+mixin.0.8.7.jar because it was already located earlier
[06Oct2026 00:56:04.060] [main/DEBUG] [net.neoforged.fml.loading.moddiscovery.ModDiscoverer/]: Skipping C:\Users\Nazario Delucci\.mcreator\gradle\caches\modules-2\files-2.1\org.openjdk.nashorn\nashorn-core\15.4\f67f5ffaa5f5130cf6fb9b133da00c7df3b532a5\nashorn-core-15.4.jar because it was already located earlier
[06Oct2026 00:56:04.060] [main/DEBUG] [net.neoforged.fml.loading.moddiscovery.ModDiscoverer/]: Skipping C:\Users\Nazario Delucci\.mcreator\gradle\caches\modules-2\files-2.1\org.apache.commons\commons-lang3\3.14.0\1ed471194b02f2c6cb734a0cd6f6f107c673afae\commons-lang3-3.14.0.jar because it was already located earlier
[06Oct2026 00:56:04.061] [main/DEBUG] [net.neoforged.fml.loading.moddiscovery.ModDiscoverer/]: Skipping C:\Users\Nazario Delucci\.mcreator\gradle\caches\modules-2\files-2.1\net.sf.jopt-simple\jopt-simple\5.0.4\4fdac2fbe92dfad86aa6e9301736f6b4342a3f5c\jopt-simple-5.0.4.jar because it was already located earlier
[06Oct2026 00:56:04.061] [main/DEBUG] [net.neoforged.fml.loading.moddiscovery.ModDiscoverer/]: Skipping C:\Users\Nazario Delucci\.mcreator\gradle\caches\modules-2\files-2.1\commons-io\commons-io\2.15.1\f11560da189ab563a5c8e351941415430e9304ea\commons-io-2.15.1.jar because it was already located earlier
[06Oct2026 00:56:04.062] [main/DEBUG] [net.neoforged.fml.loading.moddiscovery.ModDiscoverer/]: Skipping C:\Users\Nazario Delucci\.mcreator\gradle\caches\modules-2\files-2.1\com.mojang\logging\1.2.7\24cb95ffb0e3433fd6e844c04e68009e504ca1c0\logging-1.2.7.jar because it was already located earlier
[06Oct2026 00:56:04.062] [main/DEBUG] [net.neoforged.fml.loading.moddiscovery.ModDiscoverer/]: Skipping C:\Users\Nazario Delucci\.mcreator\gradle\caches\modules-2\files-2.1\org.apache.logging.log4j\log4j-slf4j2-impl\2.22.1\d7e6693c2606cb7e7335047d7bb96dec52db5665\log4j-slf4j2-impl-2.22.1.jar because it was already located earlier
[06Oct2026 00:56:04.063] [main/DEBUG] [net.neoforged.fml.loading.moddiscovery.ModDiscoverer/]: Skipping C:\Users\Nazario Delucci\.mcreator\gradle\caches\modules-2\files-2.1\org.apache.logging.log4j\log4j-core\2.22.1\7183a25510a02ad00cc6a95d3b3d2a7d3c5a8dc4\log4j-core-2.22.1.jar because it was already located earlier
[06Oct2026 00:56:04.063] [main/DEBUG] [net.neoforged.fml.loading.moddiscovery.ModDiscoverer/]: Skipping C:\Users\Nazario Delucci\.mcreator\gradle\caches\modules-2\files-2.1\org.apache.logging.log4j\log4j-api\2.22.1\bea6fede6328fabafd7e68363161a7ea6605abd1\log4j-api-2.22.1.jar because it was already located earlier
[06Oct2026 00:56:04.063] [main/DEBUG] [net.neoforged.fml.loading.moddiscovery.ModDiscoverer/]: Skipping C:\Users\Nazario Delucci\.mcreator\gradle\caches\modules-2\files-2.1\com.google.guava\guava\32.1.2-jre\5e64ec7e056456bef3a4bc4c6fdaef71e8ab6318\guava-32.1.2-jre.jar because it was already located earlier
[06Oct2026 00:56:04.064] [main/DEBUG] [net.neoforged.fml.loading.moddiscovery.ModDiscoverer/]: Skipping C:\Users\Nazario Delucci\.mcreator\gradle\caches\modules-2\files-2.1\com.google.code.gson\gson\2.10.1\b3add478d4382b78ea20b1671390a858002feb6c\gson-2.10.1.jar because it was already located earlier
[06Oct2026 00:56:04.064] [main/DEBUG] [net.neoforged.fml.loading.moddiscovery.ModDiscoverer/]: Skipping C:\Users\Nazario Delucci\.mcreator\gradle\caches\modules-2\files-2.1\org.slf4j\slf4j-api\2.0.9\7cf2726fdcfbc8610f9a71fb3ed639871f315340\slf4j-api-2.0.9.jar because it was already located earlier
[06Oct2026 00:56:04.064] [main/DEBUG] [net.neoforged.fml.loading.moddiscovery.ModDiscoverer/]: Skipping C:\Users\Nazario Delucci\.mcreator\gradle\caches\modules-2\files-2.1\org.antlr\antlr4-runtime\4.13.1\17125bae1d965624e265ef49552f6465a2bfa307\antlr4-runtime-4.13.1.jar because it was already located earlier
[06Oct2026 00:56:04.065] [main/DEBUG] [net.neoforged.fml.loading.moddiscovery.ModDiscoverer/]: Skipping C:\Users\Nazario Delucci\.mcreator\gradle\caches\modules-2\files-2.1\net.minecraftforge\srgutils\0.4.15\ca408b131759478f164e010fae0d73997e125fb5\srgutils-0.4.15.jar because it was already located earlier
[06Oct2026 00:56:04.065] [main/DEBUG] [net.neoforged.fml.loading.moddiscovery.ModDiscoverer/]: Skipping C:\Users\Nazario Delucci\.mcreator\gradle\caches\modules-2\files-2.1\org.codehaus.plexus\plexus-utils\3.3.0\cf43b5391de623b36fe066a21127baef82c64022\plexus-utils-3.3.0.jar because it was already located earlier
[06Oct2026 00:56:04.066] [main/DEBUG] [net.neoforged.fml.loading.moddiscovery.ModDiscoverer/]: Skipping C:\Users\Nazario Delucci\.mcreator\gradle\caches\modules-2\files-2.1\org.jline\jline-reader\3.20.0\8f15415b022a25b473e8e16c28ae913186ffb9c4\jline-reader-3.20.0.jar because it was already located earlier
[06Oct2026 00:56:04.066] [main/DEBUG] [net.neoforged.fml.loading.moddiscovery.ModDiscoverer/]: Skipping C:\Users\Nazario Delucci\.mcreator\gradle\caches\modules-2\files-2.1\com.machinezoo.noexception\noexception\1.7.1\b65330c98e38a1f915fa54a6e5eca496505e3f0a\noexception-1.7.1.jar because it was already located earlier
[06Oct2026 00:56:04.066] [main/DEBUG] [net.neoforged.fml.loading.moddiscovery.ModDiscoverer/]: Skipping C:\Users\Nazario Delucci\.mcreator\gradle\caches\modules-2\files-2.1\com.google.guava\failureaccess\1.0.1\1dcf1de382a0bf95a3d8b0849546c88bac1292c9\failureaccess-1.0.1.jar because it was already located earlier
[06Oct2026 00:56:04.067] [main/DEBUG] [net.neoforged.fml.loading.moddiscovery.ModDiscoverer/]: Skipping C:\Users\Nazario Delucci\.mcreator\gradle\caches\modules-2\files-2.1\com.google.guava\listenablefuture\9999.0-empty-to-avoid-conflict-with-guava\b421526c5f297295adef1c886e5246c39d4ac629\listenablefuture-9999.0-empty-to-avoid-conflict-with-guava.jar because it was already located earlier
[06Oct2026 00:56:04.067] [main/DEBUG] [net.neoforged.fml.loading.moddiscovery.ModDiscoverer/]: Skipping C:\Users\Nazario Delucci\.mcreator\gradle\caches\modules-2\files-2.1\com.google.code.findbugs\jsr305\3.0.2\25ea2e8b0c338a877313bd4672d3fe056ea78f0d\jsr305-3.0.2.jar because it was already located earlier
[06Oct2026 00:56:04.068] [main/DEBUG] [net.neoforged.fml.loading.moddiscovery.ModDiscoverer/]: Skipping C:\Users\Nazario Delucci\.mcreator\gradle\caches\modules-2\files-2.1\org.checkerframework\checker-qual\3.33.0\de2b60b62da487644fc11f734e73c8b0b431238f\checker-qual-3.33.0.jar because it was already located earlier
[06Oct2026 00:56:04.068] [main/DEBUG] [net.neoforged.fml.loading.moddiscovery.ModDiscoverer/]: Skipping C:\Users\Nazario Delucci\.mcreator\gradle\caches\modules-2\files-2.1\com.google.errorprone\error_prone_annotations\2.18.0\89b684257096f548fa39a7df9fdaa409d4d4df91\error_prone_annotations-2.18.0.jar because it was already located earlier
[06Oct2026 00:56:04.069] [main/DEBUG] [net.neoforged.fml.loading.moddiscovery.ModDiscoverer/]: Skipping C:\Users\Nazario Delucci\.mcreator\gradle\caches\modules-2\files-2.1\com.google.j2objc\j2objc-annotations\2.8\c85270e307e7b822f1086b93689124b89768e273\j2objc-annotations-2.8.jar because it was already located earlier
[06Oct2026 00:56:04.069] [main/DEBUG] [net.neoforged.fml.loading.moddiscovery.ModDiscoverer/]: Skipping C:\Users\Nazario Delucci\.mcreator\gradle\caches\modules-2\files-2.1\org.jline\jline-terminal\3.20.0\d0ddcc708ddf527a3454c941b7b9225cc83a15ff\jline-terminal-3.20.0.jar because it was already located earlier
[06Oct2026 00:56:04.070] [main/DEBUG] [net.neoforged.fml.loading.moddiscovery.ModDiscoverer/]: Skipping C:\Users\Nazario Delucci\.mcreator\gradle\caches\modules-2\files-2.1\com.github.oshi\oshi-core\6.4.10\b1d8ab82d11d92fd639b56d639f8f46f739dd5fa\oshi-core-6.4.10.jar because it was already located earlier
[06Oct2026 00:56:04.070] [main/DEBUG] [net.neoforged.fml.loading.moddiscovery.ModDiscoverer/]: Skipping C:\Users\Nazario Delucci\.mcreator\gradle\caches\modules-2\files-2.1\com.ibm.icu\icu4j\73.2\61ad4ef7f9131fcf6d25c34b817f90d6da06c9e9\icu4j-73.2.jar because it was already located earlier
[06Oct2026 00:56:04.071] [main/DEBUG] [net.neoforged.fml.loading.moddiscovery.ModDiscoverer/]: Skipping C:\Users\Nazario Delucci\.mcreator\gradle\caches\modules-2\files-2.1\com.mojang\authlib\6.0.54\de8bc95660e1b2fe8793fd427a7a10dcec5b3ea7\authlib-6.0.54.jar because it was already located earlier
[06Oct2026 00:56:04.071] [main/DEBUG] [net.neoforged.fml.loading.moddiscovery.ModDiscoverer/]: Skipping C:\Users\Nazario Delucci\.mcreator\gradle\caches\modules-2\files-2.1\com.mojang\blocklist\1.0.10\5c685c5ffa94c4cd39496c7184c1d122e515ecef\blocklist-1.0.10.jar because it was already located earlier
[06Oct2026 00:56:04.071] [main/DEBUG] [net.neoforged.fml.loading.moddiscovery.ModDiscoverer/]: Skipping C:\Users\Nazario Delucci\.mcreator\gradle\caches\modules-2\files-2.1\com.mojang\brigadier\1.3.10\d15b53a14cf20fdcaa98f731af5dda654452c010\brigadier-1.3.10.jar because it was already located earlier
[06Oct2026 00:56:04.072] [main/DEBUG] [net.neoforged.fml.loading.moddiscovery.ModDiscoverer/]: Skipping C:\Users\Nazario Delucci\.mcreator\gradle\caches\modules-2\files-2.1\com.mojang\datafixerupper\8.0.16\67d4de6d7f95d89bcf5862995fb854ebaec02a34\datafixerupper-8.0.16.jar because it was already located earlier
[06Oct2026 00:56:04.072] [main/DEBUG] [net.neoforged.fml.loading.moddiscovery.ModDiscoverer/]: Skipping C:\Users\Nazario Delucci\.mcreator\gradle\caches\modules-2\files-2.1\com.mojang\patchy\2.2.10\da05971b07cbb379d002cf7eaec6a2048211fefc\patchy-2.2.10.jar because it was already located earlier
[06Oct2026 00:56:04.073] [main/DEBUG] [net.neoforged.fml.loading.moddiscovery.ModDiscoverer/]: Skipping C:\Users\Nazario Delucci\.mcreator\gradle\caches\modules-2\files-2.1\com.mojang\text2speech\1.17.9\3cad216e3a7f0c19b4b394388bc9ffc446f13b14\text2speech-1.17.9.jar because it was already located earlier
[06Oct2026 00:56:04.075] [main/DEBUG] [net.neoforged.fml.loading.moddiscovery.ModDiscoverer/]: Skipping C:\Users\Nazario Delucci\.mcreator\gradle\caches\modules-2\files-2.1\commons-codec\commons-codec\1.16.0\4e3eb3d79888d76b54e28b350915b5dc3919c9de\commons-codec-1.16.0.jar because it was already located earlier
[06Oct2026 00:56:04.077] [main/DEBUG] [net.neoforged.fml.loading.moddiscovery.ModDiscoverer/]: Skipping C:\Users\Nazario Delucci\.mcreator\gradle\caches\modules-2\files-2.1\commons-logging\commons-logging\1.2\4bfc12adfe4842bf07b657f0369c4cb522955686\commons-logging-1.2.jar because it was already located earlier
[06Oct2026 00:56:04.077] [main/DEBUG] [net.neoforged.fml.loading.moddiscovery.ModDiscoverer/]: Skipping C:\Users\Nazario Delucci\.mcreator\gradle\caches\modules-2\files-2.1\io.netty\netty-buffer\4.1.97.Final\f8f3d8644afa5e6e1a40a3a6aeb9d9aa970ecb4f\netty-buffer-4.1.97.Final.jar because it was already located earlier
[06Oct2026 00:56:04.078] [main/DEBUG] [net.neoforged.fml.loading.moddiscovery.ModDiscoverer/]: Skipping C:\Users\Nazario Delucci\.mcreator\gradle\caches\modules-2\files-2.1\io.netty\netty-codec\4.1.97.Final\384ba4d75670befbedb45c4d3b497a93639c206d\netty-codec-4.1.97.Final.jar because it was already located earlier
[06Oct2026 00:56:04.078] [main/DEBUG] [net.neoforged.fml.loading.moddiscovery.ModDiscoverer/]: Skipping C:\Users\Nazario Delucci\.mcreator\gradle\caches\modules-2\files-2.1\io.netty\netty-common\4.1.97.Final\7cceacaf11df8dc63f23d0fb58e9d4640fc88404\netty-common-4.1.97.Final.jar because it was already located earlier
[06Oct2026 00:56:04.079] [main/DEBUG] [net.neoforged.fml.loading.moddiscovery.ModDiscoverer/]: Skipping C:\Users\Nazario Delucci\.mcreator\gradle\caches\modules-2\files-2.1\io.netty\netty-handler\4.1.97.Final\abb86c6906bf512bf2b797a41cd7d2e8d3cd7c36\netty-handler-4.1.97.Final.jar because it was already located earlier
[06Oct2026 00:56:04.079] [main/DEBUG] [net.neoforged.fml.loading.moddiscovery.ModDiscoverer/]: Skipping C:\Users\Nazario Delucci\.mcreator\gradle\caches\modules-2\files-2.1\io.netty\netty-resolver\4.1.97.Final\cec8348108dc76c47cf87c669d514be52c922144\netty-resolver-4.1.97.Final.jar because it was already located earlier
[06Oct2026 00:56:04.079] [main/DEBUG] [net.neoforged.fml.loading.moddiscovery.ModDiscoverer/]: Skipping C:\Users\Nazario Delucci\.mcreator\gradle\caches\modules-2\files-2.1\io.netty\netty-transport-classes-epoll\4.1.97.Final\795da37ded759e862457a82d9d92c4d39ce8ecee\netty-transport-classes-epoll-4.1.97.Final.jar because it was already located earlier
[06Oct2026 00:56:04.080] [main/DEBUG] [net.neoforged.fml.loading.moddiscovery.ModDiscoverer/]: Skipping C:\Users\Nazario Delucci\.mcreator\gradle\caches\modules-2\files-2.1\io.netty\netty-transport-native-unix-common\4.1.97.Final\d469d84265ab70095b01b40886cabdd433b6e664\netty-transport-native-unix-common-4.1.97.Final.jar because it was already located earlier
[06Oct2026 00:56:04.080] [main/DEBUG] [net.neoforged.fml.loading.moddiscovery.ModDiscoverer/]: Skipping C:\Users\Nazario Delucci\.mcreator\gradle\caches\modules-2\files-2.1\io.netty\netty-transport\4.1.97.Final\f37380d23c9bb079bc702910833b2fd532c9abd0\netty-transport-4.1.97.Final.jar because it was already located earlier
[06Oct2026 00:56:04.080] [main/DEBUG] [net.neoforged.fml.loading.moddiscovery.ModDiscoverer/]: Skipping C:\Users\Nazario Delucci\.mcreator\gradle\caches\modules-2\files-2.1\it.unimi.dsi\fastutil\8.5.12\c24946d46824bd528054bface3231d2ecb7e95e8\fastutil-8.5.12.jar because it was already located earlier
[06Oct2026 00:56:04.081] [main/DEBUG] [net.neoforged.fml.loading.moddiscovery.ModDiscoverer/]: Skipping C:\Users\Nazario Delucci\.mcreator\gradle\caches\modules-2\files-2.1\net.java.dev.jna\jna-platform\5.14.0\28934d48aed814f11e4c584da55c49fa7032b31b\jna-platform-5.14.0.jar because it was already located earlier
[06Oct2026 00:56:04.081] [main/DEBUG] [net.neoforged.fml.loading.moddiscovery.ModDiscoverer/]: Skipping C:\Users\Nazario Delucci\.mcreator\gradle\caches\modules-2\files-2.1\net.java.dev.jna\jna\5.14.0\67bf3eaea4f0718cb376a181a629e5f88fa1c9dd\jna-5.14.0.jar because it was already located earlier
[06Oct2026 00:56:04.081] [main/DEBUG] [net.neoforged.fml.loading.moddiscovery.ModDiscoverer/]: Skipping C:\Users\Nazario Delucci\.mcreator\gradle\caches\modules-2\files-2.1\org.apache.commons\commons-compress\1.26.0\659feffdd12280201c8aacb8f7be94f9a883c824\commons-compress-1.26.0.jar because it was already located earlier
[06Oct2026 00:56:04.082] [main/DEBUG] [net.neoforged.fml.loading.moddiscovery.ModDiscoverer/]: Skipping C:\Users\Nazario Delucci\.mcreator\gradle\caches\modules-2\files-2.1\org.apache.httpcomponents\httpclient\4.5.13\e5f6cae5ca7ecaac1ec2827a9e2d65ae2869cada\httpclient-4.5.13.jar because it was already located earlier
[06Oct2026 00:56:04.082] [main/DEBUG] [net.neoforged.fml.loading.moddiscovery.ModDiscoverer/]: Skipping C:\Users\Nazario Delucci\.mcreator\gradle\caches\modules-2\files-2.1\org.apache.httpcomponents\httpcore\4.4.16\51cf043c87253c9f58b539c9f7e44c8894223850\httpcore-4.4.16.jar because it was already located earlier
[06Oct2026 00:56:04.083] [main/DEBUG] [net.neoforged.fml.loading.moddiscovery.ModDiscoverer/]: Skipping C:\Users\Nazario Delucci\.mcreator\gradle\caches\modules-2\files-2.1\org.jcraft\jorbis\0.0.17\8872d22b293e8f5d7d56ff92be966e6dc28ebdc6\jorbis-0.0.17.jar because it was already located earlier
[06Oct2026 00:56:04.083] [main/DEBUG] [net.neoforged.fml.loading.moddiscovery.ModDiscoverer/]: Skipping C:\Users\Nazario Delucci\.mcreator\gradle\caches\modules-2\files-2.1\org.joml\joml\1.10.5\22566d58af70ad3d72308bab63b8339906deb649\joml-1.10.5.jar because it was already located earlier
[06Oct2026 00:56:04.083] [main/DEBUG] [net.neoforged.fml.loading.moddiscovery.ModDiscoverer/]: Skipping C:\Users\Nazario Delucci\.mcreator\gradle\caches\modules-2\files-2.1\org.lwjgl\lwjgl-freetype\3.3.3\a0db6c84a8becc8ca05f9dbfa985edc348a824c7\lwjgl-freetype-3.3.3.jar because it was already located earlier
[06Oct2026 00:56:04.125] [main/DEBUG] [net.neoforged.fml.loading.moddiscovery.ModDiscoverer/]: Skipping C:\Users\Nazario Delucci\.mcreator\gradle\caches\modules-2\files-2.1\org.lwjgl\lwjgl-freetype\3.3.3\15a8c1de7f51d07a92eae7ce1222557073a0c0c3\lwjgl-freetype-3.3.3-natives-windows-x86.jar because it was already located earlier
[06Oct2026 00:56:04.133] [main/DEBUG] [net.neoforged.fml.loading.moddiscovery.ModDiscoverer/]: Skipping C:\Users\Nazario Delucci\.mcreator\gradle\caches\modules-2\files-2.1\org.lwjgl\lwjgl-glfw\3.3.3\efa1eb78c5ccd840e9f329717109b5e892d72f8e\lwjgl-glfw-3.3.3.jar because it was already located earlier
[06Oct2026 00:56:04.176] [main/DEBUG] [net.neoforged.fml.loading.moddiscovery.ModDiscoverer/]: Skipping C:\Users\Nazario Delucci\.mcreator\gradle\caches\modules-2\files-2.1\org.lwjgl\lwjgl-glfw\3.3.3\32334f3fd5270a59bad9939a93115acb6de36dcf\lwjgl-glfw-3.3.3-natives-windows-x86.jar because it was already located earlier
[06Oct2026 00:56:04.177] [main/DEBUG] [net.neoforged.fml.loading.moddiscovery.ModDiscoverer/]: Skipping C:\Users\Nazario Delucci\.mcreator\gradle\caches\modules-2\files-2.1\org.lwjgl\lwjgl-jemalloc\3.3.3\b543467b7ff3c6920539a88ee602d34098628be5\lwjgl-jemalloc-3.3.3.jar because it was already located earlier
[06Oct2026 00:56:04.178] [main/DEBUG] [net.neoforged.fml.loading.moddiscovery.ModDiscoverer/]: Skipping C:\Users\Nazario Delucci\.mcreator\gradle\caches\modules-2\files-2.1\org.lwjgl\lwjgl-jemalloc\3.3.3\426222fc027602a5f21b9c0fe79cde6a4c7a011f\lwjgl-jemalloc-3.3.3-natives-windows.jar because it was already located earlier
[06Oct2026 00:56:04.208] [main/DEBUG] [net.neoforged.fml.loading.moddiscovery.ModDiscoverer/]: Skipping C:\Users\Nazario Delucci\.mcreator\gradle\caches\modules-2\files-2.1\org.lwjgl\lwjgl-openal\3.3.3\daada81ceb5fc0c291fbfdd4433cb8d9423577f2\lwjgl-openal-3.3.3.jar because it was already located earlier
[06Oct2026 00:56:04.228] [main/DEBUG] [net.neoforged.fml.loading.moddiscovery.ModDiscoverer/]: Skipping C:\Users\Nazario Delucci\.mcreator\gradle\caches\modules-2\files-2.1\org.lwjgl\lwjgl-openal\3.3.3\87b8d5050e3adb46bb58fe1cb2669a4a48fce10d\lwjgl-openal-3.3.3-natives-windows-x86.jar because it was already located earlier
[06Oct2026 00:56:04.229] [main/DEBUG] [net.neoforged.fml.loading.moddiscovery.ModDiscoverer/]: Skipping C:\Users\Nazario Delucci\.mcreator\gradle\caches\modules-2\files-2.1\org.lwjgl\lwjgl-opengl\3.3.3\2f6b0147078396a58979125a4c947664e98293a\lwjgl-opengl-3.3.3.jar because it was already located earlier
[06Oct2026 00:56:04.239] [main/DEBUG] [net.neoforged.fml.loading.moddiscovery.ModDiscoverer/]: Skipping C:\Users\Nazario Delucci\.mcreator\gradle\caches\modules-2\files-2.1\org.lwjgl\lwjgl-opengl\3.3.3\65e956d3735a1abdc82eff4baec1b61174697d4b\lwjgl-opengl-3.3.3-natives-windows-arm64.jar because it was already located earlier
[06Oct2026 00:56:04.248] [main/DEBUG] [net.neoforged.fml.loading.moddiscovery.ModDiscoverer/]: Skipping C:\Users\Nazario Delucci\.mcreator\gradle\caches\modules-2\files-2.1\org.lwjgl\lwjgl-stb\3.3.3\25dd6161988d7e65f71d5065c99902402ee32746\lwjgl-stb-3.3.3.jar because it was already located earlier
[06Oct2026 00:56:04.248] [main/DEBUG] [net.neoforged.fml.loading.moddiscovery.ModDiscoverer/]: Skipping C:\Users\Nazario Delucci\.mcreator\gradle\caches\modules-2\files-2.1\org.lwjgl\lwjgl-stb\3.3.3\1d9facdf6541de114b0f963be33505b7679c78cb\lwjgl-stb-3.3.3-natives-windows.jar because it was already located earlier
[06Oct2026 00:56:04.270] [main/DEBUG] [net.neoforged.fml.loading.moddiscovery.ModDiscoverer/]: Skipping C:\Users\Nazario Delucci\.mcreator\gradle\caches\modules-2\files-2.1\org.lwjgl\lwjgl-tinyfd\3.3.3\82d755ca94b102e9ca77283b9e2dc46d1b15fbe5\lwjgl-tinyfd-3.3.3.jar because it was already located earlier
[06Oct2026 00:56:04.271] [main/DEBUG] [net.neoforged.fml.loading.moddiscovery.ModDiscoverer/]: Skipping C:\Users\Nazario Delucci\.mcreator\gradle\caches\modules-2\files-2.1\org.lwjgl\lwjgl-tinyfd\3.3.3\a6697981b0449a5087c1d546fc08b4f73e8f98c9\lwjgl-tinyfd-3.3.3-natives-windows.jar because it was already located earlier
[06Oct2026 00:56:04.293] [main/DEBUG] [net.neoforged.fml.loading.moddiscovery.ModDiscoverer/]: Skipping C:\Users\Nazario Delucci\.mcreator\gradle\caches\modules-2\files-2.1\org.lwjgl\lwjgl\3.3.3\29589b5f87ed335a6c7e7ee6a5775f81f97ecb84\lwjgl-3.3.3.jar because it was already located earlier
[06Oct2026 00:56:04.318] [main/DEBUG] [net.neoforged.fml.loading.moddiscovery.ModDiscoverer/]: Skipping C:\Users\Nazario Delucci\.mcreator\gradle\caches\modules-2\files-2.1\org.lwjgl\lwjgl\3.3.3\9e670718e050aeaeea0c2d5b907cffb142f2e58f\lwjgl-3.3.3-natives-windows-x86.jar because it was already located earlier
[06Oct2026 00:56:04.318] [main/DEBUG] [net.neoforged.fml.loading.moddiscovery.ModDiscoverer/]: Skipping C:\Users\Nazario Delucci\.mcreator\gradle\caches\modules-2\files-2.1\org.lz4\lz4-java\1.8.0\4b986a99445e49ea5fbf5d149c4b63f6ed6c6780\lz4-java-1.8.0.jar because it was already located earlier
[06Oct2026 00:56:04.322] [main/DEBUG] [net.neoforged.fml.loading.UniqueModListBuilder/]: Found 2 mods for first modid neoforge, selecting most recent based on version data
[06Oct2026 00:56:04.323] [main/DEBUG] [net.neoforged.fml.loading.UniqueModListBuilder/]: Selected file neoforge-21.1.190.jar for modid neoforge with version 21.1.190
[06Oct2026 00:56:04.547] [main/INFO] [net.neoforged.fml.loading.moddiscovery.locators.JarInJarDependencyLocator/]: Found 2 dependencies adding them to mods collection
[06Oct2026 00:56:04.550] [main/INFO] [net.neoforged.fml.loading.moddiscovery.ModDiscoverer/]: 
     Mod List:
		Name Version (Mod Id)

		Deep Lucky Block 1.0 (deep_lucky_block)
		Minecraft 1.21.1 (minecraft)
		NeoForge 21.1.190 (neoforge)
[06Oct2026 00:56:04.552] [main/DEBUG] [net.neoforged.fml.loading.moddiscovery.ModFileInfo/LOADING]: Found valid mod file neoforge-21.1.190.jar with {minecraft} mods - versions {1.21.1}
[06Oct2026 00:56:04.558] [main/DEBUG] [net.neoforged.fml.loading.moddiscovery.ModFile/LOADING]: Loading mod file C:\Users\Nazario Delucci\MCreatorWorkspaces\deep_lucky_block-neoforge-1.21.1\build\moddev\artifacts\neoforge-21.1.190.jar with languages [LanguageSpec[languageName=minecraft, acceptedVersions=1]]
[06Oct2026 00:56:04.561] [main/DEBUG] [net.neoforged.fml.loading.moddiscovery.ModFileParser/LOADING]: Considering mod file candidate C:\Users\Nazario Delucci\MCreatorWorkspaces\deep_lucky_block-neoforge-1.21.1\build\classes\java\main
[06Oct2026 00:56:04.568] [main/DEBUG] [net.neoforged.fml.loading.moddiscovery.ModFileInfo/LOADING]: Found valid mod file main with {deep_lucky_block} mods - versions {1.0}
[06Oct2026 00:56:04.569] [main/DEBUG] [net.neoforged.fml.loading.moddiscovery.ModFile/LOADING]: Loading mod file C:\Users\Nazario Delucci\MCreatorWorkspaces\deep_lucky_block-neoforge-1.21.1\build\classes\java\main with languages [LanguageSpec[languageName=javafml, acceptedVersions=[4,)]]
[06Oct2026 00:56:04.571] [main/DEBUG] [net.neoforged.fml.loading.moddiscovery.ModFile/LOADING]: Found mixin config MixinConfig[config=deep_lucky_block.mixins.json, requiredMods=[]]
[06Oct2026 00:56:04.573] [main/DEBUG] [net.neoforged.fml.loading.moddiscovery.ModFileParser/LOADING]: Considering mod file candidate C:\Users\Nazario Delucci\MCreatorWorkspaces\deep_lucky_block-neoforge-1.21.1\build\moddev\artifacts\neoforge-21.1.190.jar
[06Oct2026 00:56:04.577] [main/DEBUG] [net.neoforged.fml.loading.moddiscovery.ModFileInfo/LOADING]: Found valid mod file neoforge-21.1.190.jar with {neoforge} mods - versions {21.1.190}
[06Oct2026 00:56:04.577] [main/DEBUG] [net.neoforged.fml.loading.moddiscovery.ModFile/LOADING]: Loading mod file C:\Users\Nazario Delucci\MCreatorWorkspaces\deep_lucky_block-neoforge-1.21.1\build\moddev\artifacts\neoforge-21.1.190.jar with languages [LanguageSpec[languageName=javafml, acceptedVersions=[3,]]]
[06Oct2026 00:56:04.578] [main/DEBUG] [net.neoforged.fml.loading.moddiscovery.ModFile/LOADING]: Found mixin config MixinConfig[config=neoforge.mixins.json, requiredMods=[]]
[06Oct2026 00:56:04.578] [main/DEBUG] [net.neoforged.fml.loading.moddiscovery.ModFile/LOADING]: Loading mod file  with languages []
[06Oct2026 00:56:04.580] [main/DEBUG] [cpw.mods.modlauncher.TransformationServiceDecorator/MODLAUNCHER]: End scan trigger - transformation service fml
[06Oct2026 00:56:04.650] [main/DEBUG] [net.neoforged.fml.util.ServiceLoaderUtil/CORE]: Found 3 implementations of IModLanguageLoader:
[06Oct2026 00:56:04.652] [main/DEBUG] [net.neoforged.fml.util.ServiceLoaderUtil/CORE]: 	net.neoforged.fml.javafmlmod.FMLJavaModLanguageProvider from loader-4.0.41.jar
[06Oct2026 00:56:04.653] [main/DEBUG] [net.neoforged.fml.util.ServiceLoaderUtil/CORE]: 	net.neoforged.fml.lowcodemod.LowCodeModLanguageProvider from loader-4.0.41.jar
[06Oct2026 00:56:04.655] [main/DEBUG] [net.neoforged.fml.util.ServiceLoaderUtil/CORE]: 	net.neoforged.fml.mclanguageprovider.MinecraftModLanguageProvider from loader-4.0.41.jar
[06Oct2026 00:56:04.666] [main/DEBUG] [net.neoforged.fml.loading.LanguageProviderLoader/CORE]: Found language provider javafml, version 4.0.41
[06Oct2026 00:56:04.669] [main/DEBUG] [net.neoforged.fml.loading.LanguageProviderLoader/CORE]: Found language provider lowcodefml, version 4.0.41
[06Oct2026 00:56:04.670] [main/DEBUG] [net.neoforged.fml.loading.LanguageProviderLoader/CORE]: Found language provider minecraft, version 4.0.41
[06Oct2026 00:56:04.691] [main/DEBUG] [net.neoforged.fml.loading.ModSorter/]: Configured system mods: [minecraft, neoforge]
[06Oct2026 00:56:04.691] [main/DEBUG] [net.neoforged.fml.loading.ModSorter/]: Found system mod: minecraft
[06Oct2026 00:56:04.692] [main/DEBUG] [net.neoforged.fml.loading.ModSorter/]: Found system mod: neoforge
[06Oct2026 00:56:04.698] [main/DEBUG] [net.neoforged.fml.loading.ModSorter/LOADING]: Found 2 mod requirements (2 mandatory, 0 optional)
[06Oct2026 00:56:04.700] [main/DEBUG] [net.neoforged.fml.loading.ModSorter/LOADING]: Found 0 mod requirements missing (0 mandatory, 0 optional)
[06Oct2026 00:56:05.007] [main/DEBUG] [mixin/]: Adding mixin platform agents for container net.neoforged.fml.loading.mixin.FMLMixinContainerHandle@66c83fc8
[06Oct2026 00:56:05.007] [main/DEBUG] [mixin/]: Instancing new MixinPlatformAgentMinecraftForge for net.neoforged.fml.loading.mixin.FMLMixinContainerHandle@66c83fc8
[06Oct2026 00:56:05.008] [main/DEBUG] [mixin/]: MixinPlatformAgentMinecraftForge rejected container net.neoforged.fml.loading.mixin.FMLMixinContainerHandle@66c83fc8
[06Oct2026 00:56:05.008] [main/DEBUG] [mixin/]: Instancing new MixinPlatformAgentDefault for net.neoforged.fml.loading.mixin.FMLMixinContainerHandle@66c83fc8
[06Oct2026 00:56:05.008] [main/DEBUG] [mixin/]: MixinPlatformAgentDefault accepted container net.neoforged.fml.loading.mixin.FMLMixinContainerHandle@66c83fc8
[06Oct2026 00:56:05.008] [main/DEBUG] [mixin/]: Instancing new FMLMixinPlatformAgent for net.neoforged.fml.loading.mixin.FMLMixinContainerHandle@66c83fc8
[06Oct2026 00:56:05.009] [main/DEBUG] [mixin/]: FMLMixinPlatformAgent accepted container net.neoforged.fml.loading.mixin.FMLMixinContainerHandle@66c83fc8
[06Oct2026 00:56:05.030] [main/DEBUG] [cpw.mods.modlauncher.TransformationServicesHandler/MODLAUNCHER]: Transformation services loading transformers
[06Oct2026 00:56:05.032] [main/DEBUG] [cpw.mods.modlauncher.TransformationServiceDecorator/MODLAUNCHER]: Initializing transformers for transformation service mixin
[06Oct2026 00:56:05.034] [main/DEBUG] [cpw.mods.modlauncher.TransformationServiceDecorator/MODLAUNCHER]: Initialized transformers for transformation service mixin
[06Oct2026 00:56:05.035] [main/DEBUG] [cpw.mods.modlauncher.TransformationServiceDecorator/MODLAUNCHER]: Initializing transformers for transformation service fml
[06Oct2026 00:56:05.036] [main/DEBUG] [net.neoforged.fml.loading.FMLServiceProvider/LOADING]: Loading coremod transformers
[06Oct2026 00:56:05.037] [main/DEBUG] [net.neoforged.fml.loading.FMLServiceProvider/CORE]: Not loading coremod script-engine since no mod requested it
[06Oct2026 00:56:05.039] [main/DEBUG] [net.neoforged.fml.util.ServiceLoaderUtil/CORE]: Found 1 implementations of ICoreMod:
[06Oct2026 00:56:05.040] [main/DEBUG] [net.neoforged.fml.util.ServiceLoaderUtil/CORE]: 	net.neoforged.neoforge.coremods.NeoForgeCoreMod from neoforge-21.1.190.jar > net.neoforged.neoforge-coremods-21.1.190.jar
[06Oct2026 00:56:05.057] [main/DEBUG] [net.neoforged.fml.loading.FMLServiceProvider/CORE]: Adding [Target[className=net.minecraft.world.level.biome.Biome, elementName=, elementDescriptor=, targetType=cpw.mods.modlauncher.api.TargetType@4aa83f4f]] transformer from core-mod net.neoforged.neoforge.coremods.NeoForgeCoreMod@3fa76c61 in neoforge-21.1.190.jar > net.neoforged.neoforge-coremods-21.1.190.jar
[06Oct2026 00:56:05.058] [main/DEBUG] [net.neoforged.fml.loading.FMLServiceProvider/CORE]: Adding [Target[className=net.minecraft.world.level.levelgen.structure.Structure, elementName=, elementDescriptor=, targetType=cpw.mods.modlauncher.api.TargetType@4aa83f4f]] transformer from core-mod net.neoforged.neoforge.coremods.NeoForgeCoreMod@3fa76c61 in neoforge-21.1.190.jar > net.neoforged.neoforge-coremods-21.1.190.jar
[06Oct2026 00:56:05.058] [main/DEBUG] [net.neoforged.fml.loading.FMLServiceProvider/CORE]: Adding [Target[className=net.minecraft.world.level.block.FlowerPotBlock, elementName=, elementDescriptor=, targetType=cpw.mods.modlauncher.api.TargetType@4aa83f4f]] transformer from core-mod net.neoforged.neoforge.coremods.NeoForgeCoreMod@3fa76c61 in neoforge-21.1.190.jar > net.neoforged.neoforge-coremods-21.1.190.jar
[06Oct2026 00:56:05.060] [main/DEBUG] [net.neoforged.fml.loading.FMLServiceProvider/CORE]: Adding [Target[className=net/minecraft/world/entity/monster/Evoker$EvokerSummonSpellGoal, elementName=, elementDescriptor=, targetType=cpw.mods.modlauncher.api.TargetType@4aa83f4f], Target[className=net/minecraft/world/level/levelgen/structure/structures/OceanMonumentPieces$OceanMonumentPiece, elementName=, elementDescriptor=, targetType=cpw.mods.modlauncher.api.TargetType@4aa83f4f], Target[className=net/minecraft/world/entity/monster/ZombieVillager, elementName=, elementDescriptor=, targetType=cpw.mods.modlauncher.api.TargetType@4aa83f4f], Target[className=net/minecraft/world/entity/animal/frog/Tadpole, elementName=, elementDescriptor=, targetType=cpw.mods.modlauncher.api.TargetType@4aa83f4f], Target[className=net/minecraft/server/commands/RaidCommand, elementName=, elementDescriptor=, targetType=cpw.mods.modlauncher.api.TargetType@4aa83f4f], Target[className=net/minecraft/world/entity/animal/horse/SkeletonTrapGoal, elementName=, elementDescriptor=, targetType=cpw.mods.modlauncher.api.TargetType@4aa83f4f], Target[className=net/minecraft/world/level/levelgen/structure/templatesystem/StructureTemplate, elementName=, elementDescriptor=, targetType=cpw.mods.modlauncher.api.TargetType@4aa83f4f], Target[className=net/minecraft/world/entity/monster/Strider, elementName=, elementDescriptor=, targetType=cpw.mods.modlauncher.api.TargetType@4aa83f4f], Target[className=net/minecraft/world/entity/ai/village/VillageSiege, elementName=, elementDescriptor=, targetType=cpw.mods.modlauncher.api.TargetType@4aa83f4f], Target[className=net/minecraft/world/entity/npc/Villager, elementName=, elementDescriptor=, targetType=cpw.mods.modlauncher.api.TargetType@4aa83f4f], Target[className=net/minecraft/world/level/levelgen/PatrolSpawner, elementName=, elementDescriptor=, targetType=cpw.mods.modlauncher.api.TargetType@4aa83f4f], Target[className=net/minecraft/world/level/levelgen/structure/structures/SwampHutPiece, elementName=, elementDescriptor=, targetType=cpw.mods.modlauncher.api.TargetType@4aa83f4f], Target[className=net/minecraft/world/level/levelgen/structure/structures/OceanRuinPieces$OceanRuinPiece, elementName=, elementDescriptor=, targetType=cpw.mods.modlauncher.api.TargetType@4aa83f4f], Target[className=net/minecraft/world/entity/npc/CatSpawner, elementName=, elementDescriptor=, targetType=cpw.mods.modlauncher.api.TargetType@4aa83f4f], Target[className=net/minecraft/world/level/levelgen/PhantomSpawner, elementName=, elementDescriptor=, targetType=cpw.mods.modlauncher.api.TargetType@4aa83f4f], Target[className=net/minecraft/server/commands/SummonCommand, elementName=, elementDescriptor=, targetType=cpw.mods.modlauncher.api.TargetType@4aa83f4f], Target[className=net/minecraft/world/level/levelgen/structure/structures/WoodlandMansionPieces$WoodlandMansionPiece, elementName=, elementDescriptor=, targetType=cpw.mods.modlauncher.api.TargetType@4aa83f4f], Target[className=net/minecraft/world/entity/EntityType, elementName=, elementDescriptor=, targetType=cpw.mods.modlauncher.api.TargetType@4aa83f4f], Target[className=net/minecraft/world/entity/raid/Raid, elementName=, elementDescriptor=, targetType=cpw.mods.modlauncher.api.TargetType@4aa83f4f], Target[className=net/minecraft/world/entity/monster/Spider, elementName=, elementDescriptor=, targetType=cpw.mods.modlauncher.api.TargetType@4aa83f4f], Target[className=net/minecraft/world/entity/monster/Zombie, elementName=, elementDescriptor=, targetType=cpw.mods.modlauncher.api.TargetType@4aa83f4f], Target[className=net/minecraft/world/level/NaturalSpawner, elementName=, elementDescriptor=, targetType=cpw.mods.modlauncher.api.TargetType@4aa83f4f]] transformer from core-mod net.neoforged.neoforge.coremods.NeoForgeCoreMod@3fa76c61 in neoforge-21.1.190.jar > net.neoforged.neoforge-coremods-21.1.190.jar
[06Oct2026 00:56:05.065] [main/DEBUG] [cpw.mods.modlauncher.TransformStore/MODLAUNCHER]: Adding transformer net.neoforged.neoforge.coremods.ReplaceFieldWithGetterAccess@4a0df195 to Target : cpw.mods.modlauncher.api.TargetType@4aa83f4f {Lnet/minecraft/world/level/biome/Biome;} {} {V}
[06Oct2026 00:56:05.068] [main/DEBUG] [cpw.mods.modlauncher.TransformStore/MODLAUNCHER]: Adding transformer net.neoforged.neoforge.coremods.ReplaceFieldWithGetterAccess@7f829c76 to Target : cpw.mods.modlauncher.api.TargetType@4aa83f4f {Lnet/minecraft/world/level/levelgen/structure/Structure;} {} {V}
[06Oct2026 00:56:05.069] [main/DEBUG] [cpw.mods.modlauncher.TransformStore/MODLAUNCHER]: Adding transformer net.neoforged.neoforge.coremods.ReplaceFieldWithGetterAccess@1cb19dba to Target : cpw.mods.modlauncher.api.TargetType@4aa83f4f {Lnet/minecraft/world/level/block/FlowerPotBlock;} {} {V}
[06Oct2026 00:56:05.071] [main/DEBUG] [cpw.mods.modlauncher.TransformStore/MODLAUNCHER]: Adding transformer net.neoforged.neoforge.coremods.MethodRedirector@7c3ebc6b to Target : cpw.mods.modlauncher.api.TargetType@4aa83f4f {Lnet/minecraft/world/entity/monster/Evoker$EvokerSummonSpellGoal;} {} {V}
[06Oct2026 00:56:05.071] [main/DEBUG] [cpw.mods.modlauncher.TransformStore/MODLAUNCHER]: Adding transformer net.neoforged.neoforge.coremods.MethodRedirector@7c3ebc6b to Target : cpw.mods.modlauncher.api.TargetType@4aa83f4f {Lnet/minecraft/world/level/levelgen/structure/structures/OceanMonumentPieces$OceanMonumentPiece;} {} {V}
[06Oct2026 00:56:05.072] [main/DEBUG] [cpw.mods.modlauncher.TransformStore/MODLAUNCHER]: Adding transformer net.neoforged.neoforge.coremods.MethodRedirector@7c3ebc6b to Target : cpw.mods.modlauncher.api.TargetType@4aa83f4f {Lnet/minecraft/world/entity/monster/ZombieVillager;} {} {V}
[06Oct2026 00:56:05.073] [main/DEBUG] [cpw.mods.modlauncher.TransformStore/MODLAUNCHER]: Adding transformer net.neoforged.neoforge.coremods.MethodRedirector@7c3ebc6b to Target : cpw.mods.modlauncher.api.TargetType@4aa83f4f {Lnet/minecraft/world/entity/animal/frog/Tadpole;} {} {V}
[06Oct2026 00:56:05.074] [main/DEBUG] [cpw.mods.modlauncher.TransformStore/MODLAUNCHER]: Adding transformer net.neoforged.neoforge.coremods.MethodRedirector@7c3ebc6b to Target : cpw.mods.modlauncher.api.TargetType@4aa83f4f {Lnet/minecraft/server/commands/RaidCommand;} {} {V}
[06Oct2026 00:56:05.074] [main/DEBUG] [cpw.mods.modlauncher.TransformStore/MODLAUNCHER]: Adding transformer net.neoforged.neoforge.coremods.MethodRedirector@7c3ebc6b to Target : cpw.mods.modlauncher.api.TargetType@4aa83f4f {Lnet/minecraft/world/entity/animal/horse/SkeletonTrapGoal;} {} {V}
[06Oct2026 00:56:05.075] [main/DEBUG] [cpw.mods.modlauncher.TransformStore/MODLAUNCHER]: Adding transformer net.neoforged.neoforge.coremods.MethodRedirector@7c3ebc6b to Target : cpw.mods.modlauncher.api.TargetType@4aa83f4f {Lnet/minecraft/world/level/levelgen/structure/templatesystem/StructureTemplate;} {} {V}
[06Oct2026 00:56:05.075] [main/DEBUG] [cpw.mods.modlauncher.TransformStore/MODLAUNCHER]: Adding transformer net.neoforged.neoforge.coremods.MethodRedirector@7c3ebc6b to Target : cpw.mods.modlauncher.api.TargetType@4aa83f4f {Lnet/minecraft/world/entity/monster/Strider;} {} {V}
[06Oct2026 00:56:05.076] [main/DEBUG] [cpw.mods.modlauncher.TransformStore/MODLAUNCHER]: Adding transformer net.neoforged.neoforge.coremods.MethodRedirector@7c3ebc6b to Target : cpw.mods.modlauncher.api.TargetType@4aa83f4f {Lnet/minecraft/world/entity/ai/village/VillageSiege;} {} {V}
[06Oct2026 00:56:05.076] [main/DEBUG] [cpw.mods.modlauncher.TransformStore/MODLAUNCHER]: Adding transformer net.neoforged.neoforge.coremods.MethodRedirector@7c3ebc6b to Target : cpw.mods.modlauncher.api.TargetType@4aa83f4f {Lnet/minecraft/world/entity/npc/Villager;} {} {V}
[06Oct2026 00:56:05.078] [main/DEBUG] [cpw.mods.modlauncher.TransformStore/MODLAUNCHER]: Adding transformer net.neoforged.neoforge.coremods.MethodRedirector@7c3ebc6b to Target : cpw.mods.modlauncher.api.TargetType@4aa83f4f {Lnet/minecraft/world/level/levelgen/PatrolSpawner;} {} {V}
[06Oct2026 00:56:05.079] [main/DEBUG] [cpw.mods.modlauncher.TransformStore/MODLAUNCHER]: Adding transformer net.neoforged.neoforge.coremods.MethodRedirector@7c3ebc6b to Target : cpw.mods.modlauncher.api.TargetType@4aa83f4f {Lnet/minecraft/world/level/levelgen/structure/structures/SwampHutPiece;} {} {V}
[06Oct2026 00:56:05.080] [main/DEBUG] [cpw.mods.modlauncher.TransformStore/MODLAUNCHER]: Adding transformer net.neoforged.neoforge.coremods.MethodRedirector@7c3ebc6b to Target : cpw.mods.modlauncher.api.TargetType@4aa83f4f {Lnet/minecraft/world/level/levelgen/structure/structures/OceanRuinPieces$OceanRuinPiece;} {} {V}
[06Oct2026 00:56:05.081] [main/DEBUG] [cpw.mods.modlauncher.TransformStore/MODLAUNCHER]: Adding transformer net.neoforged.neoforge.coremods.MethodRedirector@7c3ebc6b to Target : cpw.mods.modlauncher.api.TargetType@4aa83f4f {Lnet/minecraft/world/entity/npc/CatSpawner;} {} {V}
[06Oct2026 00:56:05.082] [main/DEBUG] [cpw.mods.modlauncher.TransformStore/MODLAUNCHER]: Adding transformer net.neoforged.neoforge.coremods.MethodRedirector@7c3ebc6b to Target : cpw.mods.modlauncher.api.TargetType@4aa83f4f {Lnet/minecraft/world/level/levelgen/PhantomSpawner;} {} {V}
[06Oct2026 00:56:05.083] [main/DEBUG] [cpw.mods.modlauncher.TransformStore/MODLAUNCHER]: Adding transformer net.neoforged.neoforge.coremods.MethodRedirector@7c3ebc6b to Target : cpw.mods.modlauncher.api.TargetType@4aa83f4f {Lnet/minecraft/server/commands/SummonCommand;} {} {V}
[06Oct2026 00:56:05.083] [main/DEBUG] [cpw.mods.modlauncher.TransformStore/MODLAUNCHER]: Adding transformer net.neoforged.neoforge.coremods.MethodRedirector@7c3ebc6b to Target : cpw.mods.modlauncher.api.TargetType@4aa83f4f {Lnet/minecraft/world/level/levelgen/structure/structures/WoodlandMansionPieces$WoodlandMansionPiece;} {} {V}
[06Oct2026 00:56:05.157] [main/DEBUG] [cpw.mods.modlauncher.TransformStore/MODLAUNCHER]: Adding transformer net.neoforged.neoforge.coremods.MethodRedirector@7c3ebc6b to Target : cpw.mods.modlauncher.api.TargetType@4aa83f4f {Lnet/minecraft/world/entity/EntityType;} {} {V}
[06Oct2026 00:56:05.157] [main/DEBUG] [cpw.mods.modlauncher.TransformStore/MODLAUNCHER]: Adding transformer net.neoforged.neoforge.coremods.MethodRedirector@7c3ebc6b to Target : cpw.mods.modlauncher.api.TargetType@4aa83f4f {Lnet/minecraft/world/entity/raid/Raid;} {} {V}
[06Oct2026 00:56:05.158] [main/DEBUG] [cpw.mods.modlauncher.TransformStore/MODLAUNCHER]: Adding transformer net.neoforged.neoforge.coremods.MethodRedirector@7c3ebc6b to Target : cpw.mods.modlauncher.api.TargetType@4aa83f4f {Lnet/minecraft/world/entity/monster/Spider;} {} {V}
[06Oct2026 00:56:05.159] [main/DEBUG] [cpw.mods.modlauncher.TransformStore/MODLAUNCHER]: Adding transformer net.neoforged.neoforge.coremods.MethodRedirector@7c3ebc6b to Target : cpw.mods.modlauncher.api.TargetType@4aa83f4f {Lnet/minecraft/world/entity/monster/Zombie;} {} {V}
[06Oct2026 00:56:05.162] [main/DEBUG] [cpw.mods.modlauncher.TransformStore/MODLAUNCHER]: Adding transformer net.neoforged.neoforge.coremods.MethodRedirector@7c3ebc6b to Target : cpw.mods.modlauncher.api.TargetType@4aa83f4f {Lnet/minecraft/world/level/NaturalSpawner;} {} {V}
[06Oct2026 00:56:05.169] [main/DEBUG] [cpw.mods.modlauncher.TransformationServiceDecorator/MODLAUNCHER]: Initialized transformers for transformation service fml
[06Oct2026 00:56:08.233] [main/DEBUG] [mixin/]: Processing prepare() for PlatformAgent[MixinPlatformAgentDefault:ModLauncher Root Container(ModLauncher:4f56a0a2)]
[06Oct2026 00:56:08.239] [main/DEBUG] [mixin/]: Processing prepare() for PlatformAgent[MixinPlatformAgentDefault:net.neoforged.fml.loading.mixin.FMLMixinContainerHandle@66c83fc8]
[06Oct2026 00:56:08.247] [main/DEBUG] [mixin/]: Processing prepare() for PlatformAgent[FMLMixinPlatformAgent:null]
[06Oct2026 00:56:08.596] [main/DEBUG] [mixin/]: Compatibility level JAVA_21 specified by deep_lucky_block.mixins.json is higher than the maximum level supported by this version of mixin (JAVA_13).
[06Oct2026 00:56:08.610] [main/INFO] [mixin/]: Compatibility level set to JAVA_21
[06Oct2026 00:56:08.622] [main/DEBUG] [mixin/]: Processing launch tasks for PlatformAgent[MixinPlatformAgentDefault:ModLauncher Root Container(ModLauncher:4f56a0a2)]
[06Oct2026 00:56:08.623] [main/DEBUG] [mixin/]: Adding mixin platform agents for container SecureJarResource(mixin_synthetic)
[06Oct2026 00:56:08.624] [main/DEBUG] [mixin/]: Instancing new MixinPlatformAgentMinecraftForge for SecureJarResource(mixin_synthetic)
[06Oct2026 00:56:08.624] [main/DEBUG] [mixin/]: MixinPlatformAgentMinecraftForge rejected container SecureJarResource(mixin_synthetic)
[06Oct2026 00:56:08.626] [main/DEBUG] [mixin/]: Instancing new MixinPlatformAgentDefault for SecureJarResource(mixin_synthetic)
[06Oct2026 00:56:08.628] [main/DEBUG] [mixin/]: MixinPlatformAgentDefault accepted container SecureJarResource(mixin_synthetic)
[06Oct2026 00:56:08.629] [main/DEBUG] [mixin/]: Instancing new FMLMixinPlatformAgent for SecureJarResource(mixin_synthetic)
[06Oct2026 00:56:08.632] [main/DEBUG] [mixin/]: FMLMixinPlatformAgent rejected container SecureJarResource(mixin_synthetic)
[06Oct2026 00:56:08.632] [main/DEBUG] [mixin/]: Processing prepare() for PlatformAgent[MixinPlatformAgentDefault:SecureJarResource(mixin_synthetic)]
[06Oct2026 00:56:08.633] [main/DEBUG] [mixin/]: Adding mixin platform agents for container SecureJarResource(minecraft)
[06Oct2026 00:56:08.633] [main/DEBUG] [mixin/]: Instancing new MixinPlatformAgentMinecraftForge for SecureJarResource(minecraft)
[06Oct2026 00:56:08.638] [main/DEBUG] [mixin/]: MixinPlatformAgentMinecraftForge rejected container SecureJarResource(minecraft)
[06Oct2026 00:56:08.639] [main/DEBUG] [mixin/]: Instancing new MixinPlatformAgentDefault for SecureJarResource(minecraft)
[06Oct2026 00:56:08.639] [main/DEBUG] [mixin/]: MixinPlatformAgentDefault accepted container SecureJarResource(minecraft)
[06Oct2026 00:56:08.639] [main/DEBUG] [mixin/]: Instancing new FMLMixinPlatformAgent for SecureJarResource(minecraft)
[06Oct2026 00:56:08.640] [main/DEBUG] [mixin/]: FMLMixinPlatformAgent rejected container SecureJarResource(minecraft)
[06Oct2026 00:56:08.640] [main/DEBUG] [mixin/]: Processing prepare() for PlatformAgent[MixinPlatformAgentDefault:SecureJarResource(minecraft)]
[06Oct2026 00:56:08.640] [main/DEBUG] [mixin/]: Adding mixin platform agents for container SecureJarResource(deep_lucky_block)
[06Oct2026 00:56:08.641] [main/DEBUG] [mixin/]: Instancing new MixinPlatformAgentMinecraftForge for SecureJarResource(deep_lucky_block)
[06Oct2026 00:56:08.641] [main/DEBUG] [mixin/]: MixinPlatformAgentMinecraftForge rejected container SecureJarResource(deep_lucky_block)
[06Oct2026 00:56:08.642] [main/DEBUG] [mixin/]: Instancing new MixinPlatformAgentDefault for SecureJarResource(deep_lucky_block)
[06Oct2026 00:56:08.642] [main/DEBUG] [mixin/]: MixinPlatformAgentDefault accepted container SecureJarResource(deep_lucky_block)
[06Oct2026 00:56:08.642] [main/DEBUG] [mixin/]: Instancing new FMLMixinPlatformAgent for SecureJarResource(deep_lucky_block)
[06Oct2026 00:56:08.643] [main/DEBUG] [mixin/]: FMLMixinPlatformAgent rejected container SecureJarResource(deep_lucky_block)
[06Oct2026 00:56:08.643] [main/DEBUG] [mixin/]: Processing prepare() for PlatformAgent[MixinPlatformAgentDefault:SecureJarResource(deep_lucky_block)]
[06Oct2026 00:56:08.644] [main/DEBUG] [mixin/]: Adding mixin platform agents for container SecureJarResource(mixinextras.neoforge)
[06Oct2026 00:56:08.645] [main/DEBUG] [mixin/]: Instancing new MixinPlatformAgentMinecraftForge for SecureJarResource(mixinextras.neoforge)
[06Oct2026 00:56:08.646] [main/DEBUG] [mixin/]: MixinPlatformAgentMinecraftForge rejected container SecureJarResource(mixinextras.neoforge)
[06Oct2026 00:56:08.646] [main/DEBUG] [mixin/]: Instancing new MixinPlatformAgentDefault for SecureJarResource(mixinextras.neoforge)
[06Oct2026 00:56:08.646] [main/DEBUG] [mixin/]: MixinPlatformAgentDefault accepted container SecureJarResource(mixinextras.neoforge)
[06Oct2026 00:56:08.647] [main/DEBUG] [mixin/]: Instancing new FMLMixinPlatformAgent for SecureJarResource(mixinextras.neoforge)
[06Oct2026 00:56:08.647] [main/DEBUG] [mixin/]: FMLMixinPlatformAgent rejected container SecureJarResource(mixinextras.neoforge)
[06Oct2026 00:56:08.647] [main/DEBUG] [mixin/]: Processing prepare() for PlatformAgent[MixinPlatformAgentDefault:SecureJarResource(mixinextras.neoforge)]
[06Oct2026 00:56:08.648] [main/DEBUG] [mixin/]: Registering mixin config: mixinextras.init.mixins.json source=SecureJarResource(mixinextras.neoforge)
[06Oct2026 00:56:08.652] [main/DEBUG] [mixin/]: inject() running with 6 agents
[06Oct2026 00:56:08.652] [main/DEBUG] [mixin/]: Processing inject() for PlatformAgent[MixinPlatformAgentDefault:ModLauncher Root Container(ModLauncher:4f56a0a2)]
[06Oct2026 00:56:08.653] [main/DEBUG] [mixin/]: Processing inject() for PlatformAgent[MixinPlatformAgentDefault:net.neoforged.fml.loading.mixin.FMLMixinContainerHandle@66c83fc8]
[06Oct2026 00:56:08.653] [main/DEBUG] [mixin/]: Processing inject() for PlatformAgent[FMLMixinPlatformAgent:null]
[06Oct2026 00:56:08.653] [main/DEBUG] [mixin/]: Processing inject() for PlatformAgent[MixinPlatformAgentDefault:SecureJarResource(mixin_synthetic)]
[06Oct2026 00:56:08.653] [main/DEBUG] [mixin/]: Processing inject() for PlatformAgent[MixinPlatformAgentDefault:SecureJarResource(minecraft)]
[06Oct2026 00:56:08.654] [main/DEBUG] [mixin/]: Processing inject() for PlatformAgent[MixinPlatformAgentDefault:SecureJarResource(deep_lucky_block)]
[06Oct2026 00:56:08.654] [main/DEBUG] [mixin/]: Processing inject() for PlatformAgent[MixinPlatformAgentDefault:SecureJarResource(mixinextras.neoforge)]
[06Oct2026 00:56:08.654] [main/INFO] [cpw.mods.modlauncher.LaunchServiceHandler/MODLAUNCHER]: Launching target 'forgeclientdev' with arguments [--version, 21.1.190, --gameDir, ., --assetsDir, C:\Users\Nazario Delucci\.mcreator\gradle\caches\neoformruntime\assets, --assetIndex, 17]
[06Oct2026 00:56:08.782] [main/DEBUG] [mixin/]: Preparing mixins for MixinEnvironment[DEFAULT]
[06Oct2026 00:56:08.786] [main/DEBUG] [mixin/]: Selecting config deep_lucky_block.mixins.json
[06Oct2026 00:56:08.826] [main/WARN] [mixin/]: Reference map 'deep_lucky_block.refmap.json' for deep_lucky_block.mixins.json could not be read. If this is a development environment you can ignore this message
[06Oct2026 00:56:08.835] [main/DEBUG] [mixin/]: Selecting config neoforge.mixins.json
[06Oct2026 00:56:08.838] [main/DEBUG] [mixin/]: Selecting config mixinextras.init.mixins.json
[06Oct2026 00:56:09.022] [main/DEBUG] [MixinExtras|Service/]: com.llamalad7.mixinextras.service.MixinExtrasServiceImpl(version=0.4.1) is taking over from null
[06Oct2026 00:56:09.128] [main/DEBUG] [mixin/]: Registering new injector for @Inject with org.spongepowered.asm.mixin.injection.struct.CallbackInjectionInfo
[06Oct2026 00:56:09.151] [main/DEBUG] [mixin/]: Registering new injector for @ModifyArg with org.spongepowered.asm.mixin.injection.struct.ModifyArgInjectionInfo
[06Oct2026 00:56:09.156] [main/DEBUG] [mixin/]: Registering new injector for @ModifyArgs with org.spongepowered.asm.mixin.injection.struct.ModifyArgsInjectionInfo
[06Oct2026 00:56:09.160] [main/DEBUG] [mixin/]: Registering new injector for @Redirect with org.spongepowered.asm.mixin.injection.struct.RedirectInjectionInfo
[06Oct2026 00:56:09.163] [main/DEBUG] [mixin/]: Registering new injector for @ModifyVariable with org.spongepowered.asm.mixin.injection.struct.ModifyVariableInjectionInfo
[06Oct2026 00:56:09.167] [main/DEBUG] [mixin/]: Registering new injector for @ModifyConstant with org.spongepowered.asm.mixin.injection.struct.ModifyConstantInjectionInfo
[06Oct2026 00:56:09.216] [main/DEBUG] [mixin/]: Preparing deep_lucky_block.mixins.json (5)
[06Oct2026 00:56:09.619] [main/DEBUG] [mixin/]: Preparing neoforge.mixins.json (2)
[06Oct2026 00:56:09.644] [main/DEBUG] [mixin/]: Preparing mixinextras.init.mixins.json (0)
[06Oct2026 00:56:09.697] [main/DEBUG] [mixin/]: Prepared 7 mixins in 0.908 sec (129.7ms avg) (0ms load, 0ms transform, 0ms plugin)
[06Oct2026 00:56:10.326] [main/DEBUG] [io.netty.util.internal.logging.InternalLoggerFactory/]: Using SLF4J as the default logging framework
[06Oct2026 00:56:10.362] [main/DEBUG] [io.netty.util.ResourceLeakDetector/]: -Dio.netty.leakDetection.level: simple
[06Oct2026 00:56:10.363] [main/DEBUG] [io.netty.util.ResourceLeakDetector/]: -Dio.netty.leakDetection.targetRecords: 4
[06Oct2026 00:56:13.499] [main/DEBUG] [oshi.util.FileUtil/]: No oshi.properties file found from ClassLoader cpw.mods.modlauncher.TransformingClassLoader@1cb37ee4
[06Oct2026 00:56:14.394] [main/DEBUG] [oshi.util.FileUtil/]: No oshi.architecture.properties file found from ClassLoader cpw.mods.modlauncher.TransformingClassLoader@1cb37ee4
[06Oct2026 00:56:14.595] [Datafixer Bootstrap/INFO] [com.mojang.datafixers.DataFixerBuilder/]: 229 Datafixer optimizations took 1153 milliseconds
[06Oct2026 00:56:14.639] [pool-7-thread-1/INFO] [MixinExtras|Service/]: Initializing MixinExtras via com.llamalad7.mixinextras.service.MixinExtrasServiceImpl(version=0.4.1).
[06Oct2026 00:56:14.641] [pool-7-thread-1/DEBUG] [mixin/]: Registering new injector for @SugarWrapper with com.llamalad7.mixinextras.sugar.impl.SugarWrapperInjectionInfo
[06Oct2026 00:56:14.642] [pool-7-thread-1/DEBUG] [mixin/]: Registering new injector for @FactoryRedirectWrapper with com.llamalad7.mixinextras.wrapper.factory.FactoryRedirectWrapperInjectionInfo
[06Oct2026 00:56:14.650] [pool-7-thread-1/DEBUG] [mixin/]: Mixing MappedRegistryAccessor from neoforge.mixins.json into net.minecraft.core.MappedRegistry
[06Oct2026 00:56:16.905] [pool-7-thread-1/DEBUG] [mixin/]: Mixing BlockEntityTypeAccessor from neoforge.mixins.json into net.minecraft.world.level.block.entity.BlockEntityType
[06Oct2026 00:56:20.566] [pool-7-thread-1/DEBUG] [io.netty.util.internal.PlatformDependent0/]: -Dio.netty.noUnsafe: false
[06Oct2026 00:56:20.567] [pool-7-thread-1/DEBUG] [io.netty.util.internal.PlatformDependent0/]: Java version: 21
[06Oct2026 00:56:20.569] [pool-7-thread-1/DEBUG] [io.netty.util.internal.PlatformDependent0/]: sun.misc.Unsafe.theUnsafe: available
[06Oct2026 00:56:20.570] [pool-7-thread-1/DEBUG] [io.netty.util.internal.PlatformDependent0/]: sun.misc.Unsafe.copyMemory: available
[06Oct2026 00:56:20.571] [pool-7-thread-1/DEBUG] [io.netty.util.internal.PlatformDependent0/]: sun.misc.Unsafe.storeFence: available
[06Oct2026 00:56:20.571] [pool-7-thread-1/DEBUG] [io.netty.util.internal.PlatformDependent0/]: java.nio.Buffer.address: available
[06Oct2026 00:56:20.573] [pool-7-thread-1/DEBUG] [io.netty.util.internal.PlatformDependent0/]: direct buffer constructor: unavailable: Reflective setAccessible(true) disabled
[06Oct2026 00:56:20.575] [pool-7-thread-1/DEBUG] [io.netty.util.internal.PlatformDependent0/]: java.nio.Bits.unaligned: available, true
[06Oct2026 00:56:20.579] [pool-7-thread-1/DEBUG] [io.netty.util.internal.PlatformDependent0/]: jdk.internal.misc.Unsafe.allocateUninitializedArray(int): unavailable: class io.netty.util.internal.PlatformDependent0$7 (in module io.netty.common) cannot access class jdk.internal.misc.Unsafe (in module java.base) because module java.base does not export jdk.internal.misc to module io.netty.common
[06Oct2026 00:56:20.580] [pool-7-thread-1/DEBUG] [io.netty.util.internal.PlatformDependent0/]: java.nio.DirectByteBuffer.<init>(long, {int,long}): unavailable
[06Oct2026 00:56:20.581] [pool-7-thread-1/DEBUG] [io.netty.util.internal.PlatformDependent/]: sun.misc.Unsafe: available
[06Oct2026 00:56:20.583] [pool-7-thread-1/DEBUG] [io.netty.util.internal.PlatformDependent/]: maxDirectMemory: 4265607168 bytes (maybe)
[06Oct2026 00:56:20.584] [pool-7-thread-1/DEBUG] [io.netty.util.internal.PlatformDependent/]: -Dio.netty.tmpdir: C:\Users\NAZARI~1\AppData\Local\Temp (java.io.tmpdir)
[06Oct2026 00:56:20.584] [pool-7-thread-1/DEBUG] [io.netty.util.internal.PlatformDependent/]: -Dio.netty.bitMode: 64 (sun.arch.data.model)
[06Oct2026 00:56:20.586] [pool-7-thread-1/DEBUG] [io.netty.util.internal.PlatformDependent/]: Platform: Windows
[06Oct2026 00:56:20.588] [pool-7-thread-1/DEBUG] [io.netty.util.internal.PlatformDependent/]: -Dio.netty.maxDirectMemory: -1 bytes
[06Oct2026 00:56:20.588] [pool-7-thread-1/DEBUG] [io.netty.util.internal.PlatformDependent/]: -Dio.netty.uninitializedArrayAllocationThreshold: -1
[06Oct2026 00:56:20.593] [pool-7-thread-1/DEBUG] [io.netty.util.internal.CleanerJava9/]: java.nio.ByteBuffer.cleaner(): available
[06Oct2026 00:56:20.595] [pool-7-thread-1/DEBUG] [io.netty.util.internal.PlatformDependent/]: -Dio.netty.noPreferDirect: false
[06Oct2026 00:56:27.050] [main/WARN] [net.minecraft.commands.Commands/]: Ambiguity between arguments [teleport, location] and [teleport, destination] with inputs: [0.1 -0.5 .9, 0 0 0]
[06Oct2026 00:56:27.054] [main/WARN] [net.minecraft.commands.Commands/]: Ambiguity between arguments [teleport, location] and [teleport, targets] with inputs: [0.1 -0.5 .9, 0 0 0]
[06Oct2026 00:56:27.062] [main/WARN] [net.minecraft.commands.Commands/]: Ambiguity between arguments [teleport, destination] and [teleport, targets] with inputs: [Player, 0123, @e, dd12be42-52a9-4a91-a8a1-11c01849e498]
[06Oct2026 00:56:27.066] [main/WARN] [net.minecraft.commands.Commands/]: Ambiguity between arguments [teleport, targets] and [teleport, destination] with inputs: [Player, 0123, dd12be42-52a9-4a91-a8a1-11c01849e498]
[06Oct2026 00:56:27.071] [main/WARN] [net.minecraft.commands.Commands/]: Ambiguity between arguments [teleport, targets, location] and [teleport, targets, destination] with inputs: [0.1 -0.5 .9, 0 0 0]
[06Oct2026 00:56:27.352] [Render thread/WARN] [net.minecraft.server.packs.VanillaPackResourcesBuilder/]: Assets URL 'union:/C:/Users/Nazario%20Delucci/MCreatorWorkspaces/deep_lucky_block-neoforge-1.21.1/build/moddev/artifacts/neoforge-21.1.190.jar%23189!/assets/.mcassetsroot' uses unexpected schema
[06Oct2026 00:56:27.353] [Render thread/WARN] [net.minecraft.server.packs.VanillaPackResourcesBuilder/]: Assets URL 'union:/C:/Users/Nazario%20Delucci/MCreatorWorkspaces/deep_lucky_block-neoforge-1.21.1/build/moddev/artifacts/neoforge-21.1.190.jar%23189!/data/.mcassetsroot' uses unexpected schema
[06Oct2026 00:56:27.404] [Render thread/INFO] [com.mojang.authlib.yggdrasil.YggdrasilAuthenticationService/]: Environment: Environment[sessionHost=https://sessionserver.mojang.com, servicesHost=https://api.minecraftservices.com, name=PROD]
[06Oct2026 00:56:27.419] [Render thread/INFO] [net.minecraft.client.Minecraft/]: Setting user: Dev
[06Oct2026 00:56:27.647] [Render thread/INFO] [net.minecraft.client.Minecraft/]: Backend library: LWJGL version 3.3.3+5
[06Oct2026 00:56:28.059] [Render thread/DEBUG] [net.neoforged.fml.ModWorkManager/LOADING]: Using 8 threads for parallel mod-loading
[06Oct2026 00:56:28.081] [Render thread/DEBUG] [net.neoforged.fml.javafmlmod.FMLModContainer/LOADING]: Creating FMLModContainer instance for [deepluckyblock.DeepLuckyBlockMod]
[06Oct2026 00:56:28.088] [Render thread/DEBUG] [net.neoforged.fml.javafmlmod.FMLModContainer/LOADING]: Creating FMLModContainer instance for [net.neoforged.neoforge.common.NeoForgeMod, net.neoforged.neoforge.client.ClientNeoForgeMod]
[06Oct2026 00:56:28.179] [modloading-worker-0/DEBUG] [net.neoforged.neoforge.internal.versions.neoforge.NeoForgeVersion/CORE]: Found NeoForge version 21.1.190
[06Oct2026 00:56:28.180] [modloading-worker-0/DEBUG] [net.neoforged.neoforge.internal.versions.neoforge.NeoForgeVersion/CORE]: Found FML version 4.0.41
[06Oct2026 00:56:28.180] [modloading-worker-0/INFO] [net.neoforged.neoforge.common.NeoForgeMod/NEOFORGE-MOD]: NeoForge mod loading, version 21.1.190, for MC 1.21.1
[06Oct2026 00:56:28.239] [modloading-worker-0/DEBUG] [net.neoforged.fml.config.ConfigTracker/CONFIG]: Config file neoforge-client.toml for neoforge tracking
[06Oct2026 00:56:28.240] [modloading-worker-0/DEBUG] [net.neoforged.fml.config.ConfigTracker/CONFIG]: Config file neoforge-server.toml for neoforge tracking
[06Oct2026 00:56:28.240] [modloading-worker-0/DEBUG] [net.neoforged.fml.config.ConfigTracker/CONFIG]: Config file neoforge-common.toml for neoforge tracking
[06Oct2026 00:56:28.310] [modloading-worker-0/INFO] [deepluckyblock.compat.DeepMixinBootstrap/]: [DeepMixinBootstrap] deep_lucky_block.mixins.json est embarqué (union), non modifiable.
[06Oct2026 00:56:28.370] [modloading-worker-0/DEBUG] [net.neoforged.fml.config.ConfigTracker/CONFIG]: Config file deep_lucky_block-tillage_boot.toml for deep_lucky_block tracking
[06Oct2026 00:56:28.374] [modloading-worker-0/DEBUG] [net.neoforged.fml.config.ConfigTracker/CONFIG]: Config file deep_lucky_block-core_collection.toml for deep_lucky_block tracking
[06Oct2026 00:56:28.376] [modloading-worker-0/DEBUG] [net.neoforged.fml.javafmlmod.AutomaticEventSubscriber/LOADING]: Attempting to inject @EventBusSubscriber classes into the eventbus for neoforge
[06Oct2026 00:56:28.378] [modloading-worker-0/DEBUG] [net.neoforged.fml.javafmlmod.AutomaticEventSubscriber/LOADING]: Scanning class net.neoforged.neoforge.server.command.ConfigCommand for @SubscribeEvent-annotated methods
[06Oct2026 00:56:28.380] [modloading-worker-0/DEBUG] [net.neoforged.fml.javafmlmod.AutomaticEventSubscriber/]: Subscribing @EventBusSubscriber class Lnet/neoforged/neoforge/server/command/ConfigCommand; to the game event bus
[06Oct2026 00:56:28.380] [modloading-worker-0/DEBUG] [net.neoforged.fml.config.ConfigTracker/CONFIG]: Config file deep_lucky_block-crop_harvest.toml for deep_lucky_block tracking
[06Oct2026 00:56:28.382] [modloading-worker-0/DEBUG] [net.neoforged.fml.javafmlmod.AutomaticEventSubscriber/LOADING]: Scanning class net.neoforged.neoforge.network.filters.GenericPacketSplitter for @SubscribeEvent-annotated methods
[06Oct2026 00:56:28.384] [modloading-worker-0/DEBUG] [net.neoforged.fml.config.ConfigTracker/CONFIG]: Config file deep_lucky_block-ore_detector.toml for deep_lucky_block tracking
[06Oct2026 00:56:28.387] [modloading-worker-0/DEBUG] [net.neoforged.fml.config.ConfigTracker/CONFIG]: Config file deep_lucky_block-range_foot_block.toml for deep_lucky_block tracking
[06Oct2026 00:56:28.391] [modloading-worker-0/DEBUG] [net.neoforged.fml.config.ConfigTracker/CONFIG]: Config file deep_lucky_block-transfer.toml for deep_lucky_block tracking
[06Oct2026 00:56:28.396] [modloading-worker-0/DEBUG] [net.neoforged.fml.config.ConfigTracker/CONFIG]: Config file deep_lucky_block-weed_removal.toml for deep_lucky_block tracking
[06Oct2026 00:56:28.403] [modloading-worker-0/DEBUG] [net.neoforged.fml.config.ConfigTracker/CONFIG]: Config file deep_lucky_block-luck_infusion.toml for deep_lucky_block tracking
[06Oct2026 00:56:28.409] [modloading-worker-0/DEBUG] [net.neoforged.fml.config.ConfigTracker/CONFIG]: Config file deep_lucky_block-lucky_drop.toml for deep_lucky_block tracking
[06Oct2026 00:56:28.409] [modloading-worker-0/DEBUG] [net.neoforged.fml.javafmlmod.AutomaticEventSubscriber/LOADING]: Attempting to inject @EventBusSubscriber classes into the eventbus for deep_lucky_block
[06Oct2026 00:56:28.410] [modloading-worker-0/DEBUG] [net.neoforged.fml.javafmlmod.AutomaticEventSubscriber/LOADING]: Scanning class deepluckyblock.advancements.DeepLuckyBlockAdvancementIntegration for @SubscribeEvent-annotated methods
[06Oct2026 00:56:28.414] [modloading-worker-0/DEBUG] [net.neoforged.fml.javafmlmod.AutomaticEventSubscriber/]: Subscribing @EventBusSubscriber class Ldeepluckyblock/advancements/DeepLuckyBlockAdvancementIntegration; to the game event bus
[06Oct2026 00:56:28.416] [modloading-worker-0/DEBUG] [net.neoforged.fml.javafmlmod.AutomaticEventSubscriber/LOADING]: Scanning class deepluckyblock.advancements.DeepLuckyBlockAdvancements for @SubscribeEvent-annotated methods
[06Oct2026 00:56:28.424] [modloading-worker-0/DEBUG] [net.neoforged.fml.javafmlmod.AutomaticEventSubscriber/]: Subscribing @EventBusSubscriber class Ldeepluckyblock/advancements/DeepLuckyBlockAdvancements; to the game event bus
[06Oct2026 00:56:28.425] [modloading-worker-0/DEBUG] [net.neoforged.fml.javafmlmod.AutomaticEventSubscriber/LOADING]: Scanning class deepluckyblock.client.ClientTranslationInjector for @SubscribeEvent-annotated methods
[06Oct2026 00:56:28.439] [modloading-worker-0/DEBUG] [net.neoforged.fml.javafmlmod.AutomaticEventSubscriber/]: Subscribing @EventBusSubscriber class Ldeepluckyblock/client/ClientTranslationInjector; to the mod event bus of mod deep_lucky_block
[06Oct2026 00:56:28.440] [modloading-worker-0/DEBUG] [net.neoforged.fml.javafmlmod.AutomaticEventSubscriber/LOADING]: Scanning class deepluckyblock.client.DeepEnchantmentDescriptionCompatibility for @SubscribeEvent-annotated methods
[06Oct2026 00:56:28.444] [modloading-worker-0/DEBUG] [net.neoforged.fml.javafmlmod.AutomaticEventSubscriber/]: Subscribing @EventBusSubscriber class Ldeepluckyblock/client/DeepEnchantmentDescriptionCompatibility; to the game event bus
[06Oct2026 00:56:28.445] [modloading-worker-0/DEBUG] [net.neoforged.fml.javafmlmod.AutomaticEventSubscriber/LOADING]: Scanning class deepluckyblock.client.DeepRadarDropBonusOverlay for @SubscribeEvent-annotated methods
[06Oct2026 00:56:28.451] [modloading-worker-0/DEBUG] [net.neoforged.fml.javafmlmod.AutomaticEventSubscriber/]: Subscribing @EventBusSubscriber class Ldeepluckyblock/client/DeepRadarDropBonusOverlay; to the game event bus
[06Oct2026 00:56:28.452] [modloading-worker-0/DEBUG] [net.neoforged.fml.javafmlmod.AutomaticEventSubscriber/LOADING]: Scanning class deepluckyblock.client.ElementalHeartOverlay for @SubscribeEvent-annotated methods
[06Oct2026 00:56:28.456] [modloading-worker-0/DEBUG] [io.netty.buffer.AbstractByteBuf/]: -Dio.netty.buffer.checkAccessible: true
[06Oct2026 00:56:28.457] [modloading-worker-0/DEBUG] [io.netty.buffer.AbstractByteBuf/]: -Dio.netty.buffer.checkBounds: true
[06Oct2026 00:56:28.459] [modloading-worker-0/DEBUG] [io.netty.util.ResourceLeakDetectorFactory/]: Loaded default ResourceLeakDetector: io.netty.util.ResourceLeakDetector@309128ac
[06Oct2026 00:56:28.465] [modloading-worker-0/DEBUG] [net.neoforged.fml.javafmlmod.AutomaticEventSubscriber/]: Subscribing @EventBusSubscriber class Ldeepluckyblock/client/ElementalHeartOverlay; to the game event bus
[06Oct2026 00:56:28.466] [modloading-worker-0/DEBUG] [net.neoforged.fml.javafmlmod.AutomaticEventSubscriber/LOADING]: Scanning class deepluckyblock.client.EnchantmentTooltipHandler for @SubscribeEvent-annotated methods
[06Oct2026 00:56:28.469] [modloading-worker-0/DEBUG] [net.neoforged.fml.javafmlmod.AutomaticEventSubscriber/]: Subscribing @EventBusSubscriber class Ldeepluckyblock/client/EnchantmentTooltipHandler; to the game event bus
[06Oct2026 00:56:28.470] [modloading-worker-0/DEBUG] [net.neoforged.fml.javafmlmod.AutomaticEventSubscriber/LOADING]: Scanning class deepluckyblock.client.EternalAuraParticles for @SubscribeEvent-annotated methods
[06Oct2026 00:56:28.475] [modloading-worker-0/DEBUG] [net.neoforged.fml.javafmlmod.AutomaticEventSubscriber/]: Subscribing @EventBusSubscriber class Ldeepluckyblock/client/EternalAuraParticles; to the game event bus
[06Oct2026 00:56:28.478] [modloading-worker-0/DEBUG] [net.neoforged.fml.javafmlmod.AutomaticEventSubscriber/LOADING]: Scanning class deepluckyblock.client.ImmediatelyFastGlintCompat for @SubscribeEvent-annotated methods
[06Oct2026 00:56:28.479] [modloading-worker-0/DEBUG] [io.netty.util.internal.InternalThreadLocalMap/]: -Dio.netty.threadLocalMap.stringBuilder.initialSize: 1024
[06Oct2026 00:56:28.479] [modloading-worker-0/DEBUG] [io.netty.util.internal.InternalThreadLocalMap/]: -Dio.netty.threadLocalMap.stringBuilder.maxSize: 4096
[06Oct2026 00:56:28.481] [modloading-worker-0/DEBUG] [net.neoforged.fml.javafmlmod.AutomaticEventSubscriber/]: Subscribing @EventBusSubscriber class Ldeepluckyblock/client/ImmediatelyFastGlintCompat; to the mod event bus of mod deep_lucky_block
[06Oct2026 00:56:28.482] [modloading-worker-0/DEBUG] [net.neoforged.fml.javafmlmod.AutomaticEventSubscriber/LOADING]: Scanning class deepluckyblock.client.ManishDiscountTint for @SubscribeEvent-annotated methods
[06Oct2026 00:56:28.487] [modloading-worker-0/DEBUG] [io.netty.buffer.PooledByteBufAllocator/]: -Dio.netty.allocator.numHeapArenas: 16
[06Oct2026 00:56:28.487] [modloading-worker-0/DEBUG] [io.netty.buffer.PooledByteBufAllocator/]: -Dio.netty.allocator.numDirectArenas: 16
[06Oct2026 00:56:28.487] [modloading-worker-0/DEBUG] [io.netty.buffer.PooledByteBufAllocator/]: -Dio.netty.allocator.pageSize: 8192
[06Oct2026 00:56:28.487] [modloading-worker-0/DEBUG] [net.neoforged.fml.javafmlmod.AutomaticEventSubscriber/]: Subscribing @EventBusSubscriber class Ldeepluckyblock/client/ManishDiscountTint; to the game event bus
[06Oct2026 00:56:28.488] [modloading-worker-0/DEBUG] [io.netty.buffer.PooledByteBufAllocator/]: -Dio.netty.allocator.maxOrder: 9
[06Oct2026 00:56:28.488] [modloading-worker-0/DEBUG] [io.netty.buffer.PooledByteBufAllocator/]: -Dio.netty.allocator.chunkSize: 4194304
[06Oct2026 00:56:28.488] [modloading-worker-0/DEBUG] [io.netty.buffer.PooledByteBufAllocator/]: -Dio.netty.allocator.smallCacheSize: 256
[06Oct2026 00:56:28.488] [modloading-worker-0/DEBUG] [io.netty.buffer.PooledByteBufAllocator/]: -Dio.netty.allocator.normalCacheSize: 64
[06Oct2026 00:56:28.489] [modloading-worker-0/DEBUG] [io.netty.buffer.PooledByteBufAllocator/]: -Dio.netty.allocator.maxCachedBufferCapacity: 32768
[06Oct2026 00:56:28.489] [modloading-worker-0/DEBUG] [net.neoforged.fml.javafmlmod.AutomaticEventSubscriber/LOADING]: Scanning class deepluckyblock.commands.DlbTestCommands for @SubscribeEvent-annotated methods
[06Oct2026 00:56:28.489] [modloading-worker-0/DEBUG] [io.netty.buffer.PooledByteBufAllocator/]: -Dio.netty.allocator.cacheTrimInterval: 8192
[06Oct2026 00:56:28.489] [modloading-worker-0/DEBUG] [io.netty.buffer.PooledByteBufAllocator/]: -Dio.netty.allocator.cacheTrimIntervalMillis: 0
[06Oct2026 00:56:28.489] [modloading-worker-0/DEBUG] [io.netty.buffer.PooledByteBufAllocator/]: -Dio.netty.allocator.useCacheForAllThreads: false
[06Oct2026 00:56:28.490] [modloading-worker-0/DEBUG] [io.netty.buffer.PooledByteBufAllocator/]: -Dio.netty.allocator.maxCachedByteBuffersPerChunk: 1023
[06Oct2026 00:56:28.504] [modloading-worker-0/DEBUG] [net.neoforged.fml.javafmlmod.AutomaticEventSubscriber/]: Subscribing @EventBusSubscriber class Ldeepluckyblock/commands/DlbTestCommands; to the game event bus
[06Oct2026 00:56:28.505] [modloading-worker-0/DEBUG] [net.neoforged.fml.javafmlmod.AutomaticEventSubscriber/LOADING]: Scanning class deepluckyblock.commands.SpeedCommand for @SubscribeEvent-annotated methods
[06Oct2026 00:56:28.508] [modloading-worker-0/DEBUG] [net.neoforged.fml.javafmlmod.AutomaticEventSubscriber/]: Subscribing @EventBusSubscriber class Ldeepluckyblock/commands/SpeedCommand; to the game event bus
[06Oct2026 00:56:28.509] [modloading-worker-0/DEBUG] [net.neoforged.fml.javafmlmod.AutomaticEventSubscriber/LOADING]: Scanning class deepluckyblock.compat.LuckyToolsCompatibility for @SubscribeEvent-annotated methods
[06Oct2026 00:56:28.515] [modloading-worker-0/DEBUG] [io.netty.buffer.ByteBufUtil/]: -Dio.netty.allocator.type: pooled
[06Oct2026 00:56:28.516] [modloading-worker-0/DEBUG] [io.netty.buffer.ByteBufUtil/]: -Dio.netty.threadLocalDirectBufferSize: 0
[06Oct2026 00:56:28.516] [modloading-worker-0/DEBUG] [io.netty.buffer.ByteBufUtil/]: -Dio.netty.maxThreadLocalCharBufferSize: 16384
[06Oct2026 00:56:28.517] [modloading-worker-0/DEBUG] [net.neoforged.fml.javafmlmod.AutomaticEventSubscriber/]: Subscribing @EventBusSubscriber class Ldeepluckyblock/compat/LuckyToolsCompatibility; to the game event bus
[06Oct2026 00:56:28.520] [modloading-worker-0/DEBUG] [net.neoforged.fml.javafmlmod.AutomaticEventSubscriber/LOADING]: Scanning class deepluckyblock.enchantments.EquipmentExpansionHandler for @SubscribeEvent-annotated methods
[06Oct2026 00:56:28.535] [modloading-worker-0/DEBUG] [net.neoforged.fml.javafmlmod.AutomaticEventSubscriber/]: Subscribing @EventBusSubscriber class Lnet/neoforged/neoforge/network/filters/GenericPacketSplitter; to the mod event bus of mod neoforge
[06Oct2026 00:56:28.541] [modloading-worker-0/DEBUG] [net.neoforged.fml.javafmlmod.AutomaticEventSubscriber/LOADING]: Scanning class net.neoforged.neoforge.network.NetworkInitialization for @SubscribeEvent-annotated methods
[06Oct2026 00:56:28.543] [modloading-worker-0/DEBUG] [net.neoforged.fml.javafmlmod.AutomaticEventSubscriber/]: Subscribing @EventBusSubscriber class Lnet/neoforged/neoforge/network/NetworkInitialization; to the mod event bus of mod neoforge
[06Oct2026 00:56:28.543] [modloading-worker-0/DEBUG] [net.neoforged.fml.javafmlmod.AutomaticEventSubscriber/]: Subscribing @EventBusSubscriber class Ldeepluckyblock/enchantments/EquipmentExpansionHandler; to the game event bus
[06Oct2026 00:56:28.544] [modloading-worker-0/DEBUG] [net.neoforged.fml.javafmlmod.AutomaticEventSubscriber/LOADING]: Scanning class net.neoforged.neoforge.network.ConfigurationInitialization for @SubscribeEvent-annotated methods
[06Oct2026 00:56:28.548] [modloading-worker-0/DEBUG] [net.neoforged.fml.javafmlmod.AutomaticEventSubscriber/LOADING]: Scanning class deepluckyblock.enchantments.FishingTridentElytraHandler for @SubscribeEvent-annotated methods
[06Oct2026 00:56:28.551] [modloading-worker-0/DEBUG] [net.neoforged.fml.javafmlmod.AutomaticEventSubscriber/]: Subscribing @EventBusSubscriber class Lnet/neoforged/neoforge/network/ConfigurationInitialization; to the mod event bus of mod neoforge
[06Oct2026 00:56:28.552] [modloading-worker-0/DEBUG] [net.neoforged.fml.javafmlmod.AutomaticEventSubscriber/LOADING]: Scanning class net.neoforged.neoforge.common.MonsterRoomHooks for @SubscribeEvent-annotated methods
[06Oct2026 00:56:28.554] [modloading-worker-0/DEBUG] [net.neoforged.fml.javafmlmod.AutomaticEventSubscriber/]: Subscribing @EventBusSubscriber class Lnet/neoforged/neoforge/common/MonsterRoomHooks; to the game event bus
[06Oct2026 00:56:28.555] [modloading-worker-0/DEBUG] [net.neoforged.fml.javafmlmod.AutomaticEventSubscriber/LOADING]: Scanning class net.neoforged.neoforge.common.DeferredSpawnEggItem$CommonHandler for @SubscribeEvent-annotated methods
[06Oct2026 00:56:28.555] [modloading-worker-0/DEBUG] [net.neoforged.fml.javafmlmod.AutomaticEventSubscriber/]: Subscribing @EventBusSubscriber class Ldeepluckyblock/enchantments/FishingTridentElytraHandler; to the game event bus
[06Oct2026 00:56:28.556] [modloading-worker-0/DEBUG] [net.neoforged.fml.javafmlmod.AutomaticEventSubscriber/]: Subscribing @EventBusSubscriber class Lnet/neoforged/neoforge/common/DeferredSpawnEggItem$CommonHandler; to the mod event bus of mod neoforge
[06Oct2026 00:56:28.557] [modloading-worker-0/DEBUG] [net.neoforged.fml.javafmlmod.AutomaticEventSubscriber/LOADING]: Scanning class net.neoforged.neoforge.common.DeferredSpawnEggItem$ColorRegisterHandler for @SubscribeEvent-annotated methods
[06Oct2026 00:56:28.558] [modloading-worker-0/DEBUG] [net.neoforged.fml.javafmlmod.AutomaticEventSubscriber/]: Subscribing @EventBusSubscriber class Lnet/neoforged/neoforge/common/DeferredSpawnEggItem$ColorRegisterHandler; to the mod event bus of mod neoforge
[06Oct2026 00:56:28.560] [modloading-worker-0/DEBUG] [net.neoforged.fml.javafmlmod.AutomaticEventSubscriber/LOADING]: Scanning class net.neoforged.neoforge.client.model.data.ModelDataManager for @SubscribeEvent-annotated methods
[06Oct2026 00:56:28.562] [modloading-worker-0/DEBUG] [net.neoforged.fml.javafmlmod.AutomaticEventSubscriber/LOADING]: Scanning class deepluckyblock.enchantments.RealAttributeModifierHandler for @SubscribeEvent-annotated methods
[06Oct2026 00:56:28.565] [modloading-worker-0/DEBUG] [net.neoforged.fml.javafmlmod.AutomaticEventSubscriber/]: Subscribing @EventBusSubscriber class Lnet/neoforged/neoforge/client/model/data/ModelDataManager; to the game event bus
[06Oct2026 00:56:28.566] [modloading-worker-0/DEBUG] [net.neoforged.fml.javafmlmod.AutomaticEventSubscriber/LOADING]: Scanning class net.neoforged.neoforge.client.ParticleBoundsDebugRenderer for @SubscribeEvent-annotated methods
[06Oct2026 00:56:28.567] [modloading-worker-0/DEBUG] [net.neoforged.fml.javafmlmod.AutomaticEventSubscriber/]: Subscribing @EventBusSubscriber class Ldeepluckyblock/enchantments/RealAttributeModifierHandler; to the game event bus
[06Oct2026 00:56:28.568] [modloading-worker-0/DEBUG] [net.neoforged.fml.javafmlmod.AutomaticEventSubscriber/LOADING]: Scanning class deepluckyblock.enchantments.UniversalEnchantmentHandler for @SubscribeEvent-annotated methods
[06Oct2026 00:56:28.574] [modloading-worker-0/DEBUG] [net.neoforged.fml.javafmlmod.AutomaticEventSubscriber/]: Subscribing @EventBusSubscriber class Lnet/neoforged/neoforge/client/ParticleBoundsDebugRenderer; to the game event bus
[06Oct2026 00:56:28.576] [modloading-worker-0/DEBUG] [net.neoforged.fml.javafmlmod.AutomaticEventSubscriber/LOADING]: Scanning class net.neoforged.neoforge.client.ClientHooks$ClientEvents for @SubscribeEvent-annotated methods
[06Oct2026 00:56:28.583] [modloading-worker-0/DEBUG] [net.neoforged.fml.javafmlmod.AutomaticEventSubscriber/]: Subscribing @EventBusSubscriber class Lnet/neoforged/neoforge/client/ClientHooks$ClientEvents; to the mod event bus of mod neoforge
[06Oct2026 00:56:28.584] [modloading-worker-0/DEBUG] [net.neoforged.fml.javafmlmod.AutomaticEventSubscriber/LOADING]: Scanning class net.neoforged.neoforge.client.BlockEntityRenderBoundsDebugRenderer for @SubscribeEvent-annotated methods
[06Oct2026 00:56:28.586] [modloading-worker-0/DEBUG] [net.neoforged.fml.javafmlmod.AutomaticEventSubscriber/]: Subscribing @EventBusSubscriber class Lnet/neoforged/neoforge/client/BlockEntityRenderBoundsDebugRenderer; to the game event bus
[06Oct2026 00:56:28.587] [modloading-worker-0/DEBUG] [net.neoforged.fml.javafmlmod.AutomaticEventSubscriber/LOADING]: Scanning class net.neoforged.neoforge.attachment.AttachmentInternals for @SubscribeEvent-annotated methods
[06Oct2026 00:56:28.589] [modloading-worker-0/DEBUG] [net.neoforged.fml.javafmlmod.AutomaticEventSubscriber/]: Subscribing @EventBusSubscriber class Lnet/neoforged/neoforge/attachment/AttachmentInternals; to the game event bus
[06Oct2026 00:56:28.591] [modloading-worker-0/DEBUG] [net.neoforged.fml.javafmlmod.AutomaticEventSubscriber/]: Subscribing @EventBusSubscriber class Ldeepluckyblock/enchantments/UniversalEnchantmentHandler; to the game event bus
[06Oct2026 00:56:28.606] [modloading-worker-0/DEBUG] [net.neoforged.fml.javafmlmod.AutomaticEventSubscriber/LOADING]: Scanning class deepluckyblock.init.DeepLuckyBlockModEntities for @SubscribeEvent-annotated methods
[06Oct2026 00:56:28.625] [modloading-worker-0/DEBUG] [net.neoforged.fml.javafmlmod.AutomaticEventSubscriber/]: Subscribing @EventBusSubscriber class Ldeepluckyblock/init/DeepLuckyBlockModEntities; to the mod event bus of mod deep_lucky_block
[06Oct2026 00:56:28.627] [modloading-worker-0/DEBUG] [net.neoforged.fml.javafmlmod.AutomaticEventSubscriber/LOADING]: Scanning class deepluckyblock.init.DeepLuckyBlockModEntityRenderers for @SubscribeEvent-annotated methods
[06Oct2026 00:56:28.632] [modloading-worker-0/DEBUG] [net.neoforged.fml.javafmlmod.AutomaticEventSubscriber/]: Subscribing @EventBusSubscriber class Ldeepluckyblock/init/DeepLuckyBlockModEntityRenderers; to the mod event bus of mod deep_lucky_block
[06Oct2026 00:56:28.633] [modloading-worker-0/DEBUG] [net.neoforged.fml.javafmlmod.AutomaticEventSubscriber/LOADING]: Scanning class deepluckyblock.init.DeepLuckyBlockModModels for @SubscribeEvent-annotated methods
[06Oct2026 00:56:28.640] [modloading-worker-0/DEBUG] [net.neoforged.fml.javafmlmod.AutomaticEventSubscriber/]: Subscribing @EventBusSubscriber class Ldeepluckyblock/init/DeepLuckyBlockModModels; to the mod event bus of mod deep_lucky_block
[06Oct2026 00:56:28.641] [modloading-worker-0/DEBUG] [net.neoforged.fml.javafmlmod.AutomaticEventSubscriber/LOADING]: Scanning class deepluckyblock.init.DeepLuckyBlockModTabs for @SubscribeEvent-annotated methods
[06Oct2026 00:56:28.641] [modloading-worker-0/DEBUG] [net.neoforged.fml.javafmlmod.AutomaticEventSubscriber/]: Subscribing @EventBusSubscriber class Ldeepluckyblock/init/DeepLuckyBlockModTabs; to the mod event bus of mod deep_lucky_block
[06Oct2026 00:56:28.643] [modloading-worker-0/DEBUG] [net.neoforged.fml.javafmlmod.AutomaticEventSubscriber/LOADING]: Scanning class deepluckyblock.init.SpawnPlacementRegistration for @SubscribeEvent-annotated methods
[06Oct2026 00:56:28.649] [modloading-worker-0/DEBUG] [net.neoforged.fml.javafmlmod.AutomaticEventSubscriber/]: Subscribing @EventBusSubscriber class Ldeepluckyblock/init/SpawnPlacementRegistration; to the mod event bus of mod deep_lucky_block
[06Oct2026 00:56:28.650] [modloading-worker-0/DEBUG] [net.neoforged.fml.javafmlmod.AutomaticEventSubscriber/LOADING]: Scanning class deepluckyblock.network.DeepLuckyBlockModVariables$EventBusVariableHandlers for @SubscribeEvent-annotated methods
[06Oct2026 00:56:28.665] [modloading-worker-0/DEBUG] [net.neoforged.fml.javafmlmod.AutomaticEventSubscriber/]: Subscribing @EventBusSubscriber class Ldeepluckyblock/network/DeepLuckyBlockModVariables$EventBusVariableHandlers; to the game event bus
[06Oct2026 00:56:28.668] [modloading-worker-0/DEBUG] [net.neoforged.fml.javafmlmod.AutomaticEventSubscriber/LOADING]: Scanning class deepluckyblock.network.DeepLuckyBlockModVariables for @SubscribeEvent-annotated methods
[06Oct2026 00:56:28.676] [modloading-worker-0/DEBUG] [net.neoforged.fml.javafmlmod.AutomaticEventSubscriber/]: Subscribing @EventBusSubscriber class Ldeepluckyblock/network/DeepLuckyBlockModVariables; to the mod event bus of mod deep_lucky_block
[06Oct2026 00:56:28.678] [modloading-worker-0/DEBUG] [net.neoforged.fml.javafmlmod.AutomaticEventSubscriber/LOADING]: Scanning class deepluckyblock.network.DeepPayloads for @SubscribeEvent-annotated methods
[06Oct2026 00:56:28.681] [modloading-worker-0/DEBUG] [net.neoforged.fml.javafmlmod.AutomaticEventSubscriber/]: Subscribing @EventBusSubscriber class Ldeepluckyblock/network/DeepPayloads; to the mod event bus of mod deep_lucky_block
[06Oct2026 00:56:28.682] [modloading-worker-0/DEBUG] [net.neoforged.fml.javafmlmod.AutomaticEventSubscriber/LOADING]: Scanning class deepluckyblock.procedures.BobFishingHookProcedure for @SubscribeEvent-annotated methods
[06Oct2026 00:56:28.694] [modloading-worker-0/DEBUG] [net.neoforged.fml.javafmlmod.AutomaticEventSubscriber/]: Subscribing @EventBusSubscriber class Ldeepluckyblock/procedures/BobFishingHookProcedure; to the game event bus
[06Oct2026 00:56:28.695] [modloading-worker-0/DEBUG] [net.neoforged.fml.javafmlmod.AutomaticEventSubscriber/LOADING]: Scanning class deepluckyblock.procedures.CrimsonLakeStructureSpawnProcedure for @SubscribeEvent-annotated methods
[06Oct2026 00:56:28.789] [modloading-worker-0/DEBUG] [net.neoforged.fml.javafmlmod.AutomaticEventSubscriber/]: Subscribing @EventBusSubscriber class Ldeepluckyblock/procedures/CrimsonLakeStructureSpawnProcedure; to the game event bus
[06Oct2026 00:56:28.792] [modloading-worker-0/DEBUG] [net.neoforged.fml.javafmlmod.AutomaticEventSubscriber/LOADING]: Scanning class deepluckyblock.procedures.EnchantmentAuditCommand for @SubscribeEvent-annotated methods
[06Oct2026 00:56:28.808] [modloading-worker-0/DEBUG] [net.neoforged.fml.javafmlmod.AutomaticEventSubscriber/]: Subscribing @EventBusSubscriber class Ldeepluckyblock/procedures/EnchantmentAuditCommand; to the game event bus
[06Oct2026 00:56:28.809] [modloading-worker-0/DEBUG] [net.neoforged.fml.javafmlmod.AutomaticEventSubscriber/LOADING]: Scanning class deepluckyblock.procedures.EnchantmentTooltipFixProcedure for @SubscribeEvent-annotated methods
[06Oct2026 00:56:28.848] [modloading-worker-0/DEBUG] [net.neoforged.fml.javafmlmod.AutomaticEventSubscriber/]: Subscribing @EventBusSubscriber class Ldeepluckyblock/procedures/EnchantmentTooltipFixProcedure; to the game event bus
[06Oct2026 00:56:28.849] [modloading-worker-0/DEBUG] [net.neoforged.fml.javafmlmod.AutomaticEventSubscriber/LOADING]: Scanning class deepluckyblock.procedures.FeatherFallingFixProcedure for @SubscribeEvent-annotated methods
[06Oct2026 00:56:28.855] [modloading-worker-0/DEBUG] [net.neoforged.fml.javafmlmod.AutomaticEventSubscriber/]: Subscribing @EventBusSubscriber class Ldeepluckyblock/procedures/FeatherFallingFixProcedure; to the game event bus
[06Oct2026 00:56:28.856] [modloading-worker-0/DEBUG] [net.neoforged.fml.javafmlmod.AutomaticEventSubscriber/LOADING]: Scanning class deepluckyblock.procedures.GenerateBadProcedure for @SubscribeEvent-annotated methods
[06Oct2026 00:56:28.931] [modloading-worker-0/DEBUG] [net.neoforged.fml.javafmlmod.AutomaticEventSubscriber/]: Subscribing @EventBusSubscriber class Ldeepluckyblock/procedures/GenerateBadProcedure; to the game event bus
[06Oct2026 00:56:28.935] [modloading-worker-0/DEBUG] [net.neoforged.fml.javafmlmod.AutomaticEventSubscriber/LOADING]: Scanning class deepluckyblock.procedures.GenerateLuckyItemProcedure for @SubscribeEvent-annotated methods
[06Oct2026 00:56:28.984] [modloading-worker-0/DEBUG] [net.neoforged.fml.javafmlmod.AutomaticEventSubscriber/]: Subscribing @EventBusSubscriber class Ldeepluckyblock/procedures/GenerateLuckyItemProcedure; to the game event bus
[06Oct2026 00:56:28.985] [modloading-worker-0/DEBUG] [net.neoforged.fml.javafmlmod.AutomaticEventSubscriber/LOADING]: Scanning class deepluckyblock.procedures.GlintCommand for @SubscribeEvent-annotated methods
[06Oct2026 00:56:28.988] [modloading-worker-0/DEBUG] [net.neoforged.fml.javafmlmod.AutomaticEventSubscriber/]: Subscribing @EventBusSubscriber class Ldeepluckyblock/procedures/GlintCommand; to the game event bus
[06Oct2026 00:56:28.989] [modloading-worker-0/DEBUG] [net.neoforged.fml.javafmlmod.AutomaticEventSubscriber/LOADING]: Scanning class deepluckyblock.procedures.HeartTestCommand for @SubscribeEvent-annotated methods
[06Oct2026 00:56:28.991] [modloading-worker-0/DEBUG] [net.neoforged.fml.javafmlmod.AutomaticEventSubscriber/]: Subscribing @EventBusSubscriber class Ldeepluckyblock/procedures/HeartTestCommand; to the game event bus
[06Oct2026 00:56:28.992] [modloading-worker-0/DEBUG] [net.neoforged.fml.javafmlmod.AutomaticEventSubscriber/LOADING]: Scanning class deepluckyblock.procedures.LuckyChestAutofillProcedure for @SubscribeEvent-annotated methods
[06Oct2026 00:56:28.995] [modloading-worker-0/DEBUG] [net.neoforged.fml.javafmlmod.AutomaticEventSubscriber/]: Subscribing @EventBusSubscriber class Ldeepluckyblock/procedures/LuckyChestAutofillProcedure; to the game event bus
[06Oct2026 00:56:28.996] [modloading-worker-0/DEBUG] [net.neoforged.fml.javafmlmod.AutomaticEventSubscriber/LOADING]: Scanning class deepluckyblock.procedures.SanctuarySpawnerEquipProcedure for @SubscribeEvent-annotated methods
[06Oct2026 00:56:29.002] [modloading-worker-0/DEBUG] [net.neoforged.fml.javafmlmod.AutomaticEventSubscriber/]: Subscribing @EventBusSubscriber class Ldeepluckyblock/procedures/SanctuarySpawnerEquipProcedure; to the game event bus
[06Oct2026 00:56:29.003] [modloading-worker-0/DEBUG] [net.neoforged.fml.javafmlmod.AutomaticEventSubscriber/LOADING]: Scanning class deepluckyblock.procedures.SpawnBobCommand$Registration for @SubscribeEvent-annotated methods
[06Oct2026 00:56:29.006] [modloading-worker-0/DEBUG] [net.neoforged.fml.javafmlmod.AutomaticEventSubscriber/]: Subscribing @EventBusSubscriber class Ldeepluckyblock/procedures/SpawnBobCommand$Registration; to the game event bus
[06Oct2026 00:56:29.007] [modloading-worker-0/DEBUG] [net.neoforged.fml.javafmlmod.AutomaticEventSubscriber/LOADING]: Scanning class deepluckyblock.procedures.Structures4Procedure for @SubscribeEvent-annotated methods
[06Oct2026 00:56:29.027] [modloading-worker-0/DEBUG] [net.neoforged.fml.javafmlmod.AutomaticEventSubscriber/]: Subscribing @EventBusSubscriber class Ldeepluckyblock/procedures/Structures4Procedure; to the game event bus
[06Oct2026 00:56:29.028] [modloading-worker-0/DEBUG] [net.neoforged.fml.javafmlmod.AutomaticEventSubscriber/LOADING]: Scanning class deepluckyblock.procedures.Structures5Procedure for @SubscribeEvent-annotated methods
[06Oct2026 00:56:29.047] [modloading-worker-0/DEBUG] [net.neoforged.fml.javafmlmod.AutomaticEventSubscriber/]: Subscribing @EventBusSubscriber class Ldeepluckyblock/procedures/Structures5Procedure; to the game event bus
[06Oct2026 00:56:29.048] [modloading-worker-0/DEBUG] [net.neoforged.fml.javafmlmod.AutomaticEventSubscriber/LOADING]: Scanning class deepluckyblock.procedures.SupremeLuckyBlockDropProcedure for @SubscribeEvent-annotated methods
[06Oct2026 00:56:29.048] [modloading-worker-0/DEBUG] [net.neoforged.fml.javafmlmod.AutomaticEventSubscriber/]: Subscribing @EventBusSubscriber class Ldeepluckyblock/procedures/SupremeLuckyBlockDropProcedure; to the game event bus
[06Oct2026 00:56:29.057] [modloading-worker-0/DEBUG] [net.neoforged.fml.javafmlmod.AutomaticEventSubscriber/LOADING]: Scanning class deepluckyblock.procedures.TestProcedure for @SubscribeEvent-annotated methods
[06Oct2026 00:56:29.093] [modloading-worker-0/DEBUG] [net.neoforged.fml.javafmlmod.AutomaticEventSubscriber/]: Subscribing @EventBusSubscriber class Ldeepluckyblock/procedures/TestProcedure; to the game event bus
[06Oct2026 00:56:29.094] [modloading-worker-0/DEBUG] [net.neoforged.fml.javafmlmod.AutomaticEventSubscriber/LOADING]: Scanning class deepluckyblock.SlbDiagnostics for @SubscribeEvent-annotated methods
[06Oct2026 00:56:29.094] [modloading-worker-0/DEBUG] [net.neoforged.fml.javafmlmod.AutomaticEventSubscriber/]: Subscribing @EventBusSubscriber class Ldeepluckyblock/SlbDiagnostics; to the game event bus
[06Oct2026 00:56:29.095] [modloading-worker-0/DEBUG] [net.neoforged.fml.javafmlmod.AutomaticEventSubscriber/LOADING]: Scanning class deepluckyblock.util.CrimsonButterflyRetaliation for @SubscribeEvent-annotated methods
[06Oct2026 00:56:29.097] [modloading-worker-0/DEBUG] [net.neoforged.fml.javafmlmod.AutomaticEventSubscriber/]: Subscribing @EventBusSubscriber class Ldeepluckyblock/util/CrimsonButterflyRetaliation; to the game event bus
[06Oct2026 00:56:29.097] [modloading-worker-0/DEBUG] [net.neoforged.fml.javafmlmod.AutomaticEventSubscriber/LOADING]: Scanning class deepluckyblock.util.StructureTemplateStartupPreloader$GameLaunchHook for @SubscribeEvent-annotated methods
[06Oct2026 00:56:29.099] [modloading-worker-0/DEBUG] [net.neoforged.fml.javafmlmod.AutomaticEventSubscriber/]: Subscribing @EventBusSubscriber class Ldeepluckyblock/util/StructureTemplateStartupPreloader$GameLaunchHook; to the mod event bus of mod deep_lucky_block
[06Oct2026 00:56:29.099] [modloading-worker-0/DEBUG] [net.neoforged.fml.javafmlmod.AutomaticEventSubscriber/LOADING]: Scanning class deepluckyblock.util.StructureTemplateStartupPreloader for @SubscribeEvent-annotated methods
[06Oct2026 00:56:29.101] [modloading-worker-0/DEBUG] [net.neoforged.fml.javafmlmod.AutomaticEventSubscriber/]: Subscribing @EventBusSubscriber class Ldeepluckyblock/util/StructureTemplateStartupPreloader; to the game event bus
[06Oct2026 00:56:29.353] [modloading-sync-worker/DEBUG] [net.neoforged.fml.config.ConfigTracker/CONFIG]: Loading configs type CLIENT
[06Oct2026 00:56:29.369] [modloading-sync-worker/DEBUG] [net.neoforged.neoforge.common.NeoForgeConfig/FORGEMOD]: Loaded NeoForge config file neoforge-client.toml
[06Oct2026 00:56:29.370] [modloading-sync-worker/DEBUG] [net.neoforged.fml.config.ConfigTracker/CONFIG]: Loaded TOML config file C:\Users\Nazario Delucci\MCreatorWorkspaces\deep_lucky_block-neoforge-1.21.1\run\config\neoforge-client.toml
[06Oct2026 00:56:29.383] [modloading-sync-worker/DEBUG] [net.neoforged.fml.config.ConfigTracker/CONFIG]: Watching TOML config file C:\Users\Nazario Delucci\MCreatorWorkspaces\deep_lucky_block-neoforge-1.21.1\run\config\neoforge-client.toml for changes
[06Oct2026 00:56:29.384] [modloading-sync-worker/DEBUG] [net.neoforged.fml.config.ConfigTracker/CONFIG]: Loading configs type COMMON
[06Oct2026 00:56:29.387] [modloading-sync-worker/DEBUG] [net.neoforged.neoforge.common.NeoForgeConfig/FORGEMOD]: Loaded NeoForge config file neoforge-common.toml
[06Oct2026 00:56:29.387] [modloading-sync-worker/DEBUG] [net.neoforged.fml.config.ConfigTracker/CONFIG]: Loaded TOML config file C:\Users\Nazario Delucci\MCreatorWorkspaces\deep_lucky_block-neoforge-1.21.1\run\config\neoforge-common.toml
[06Oct2026 00:56:29.389] [modloading-sync-worker/DEBUG] [net.neoforged.fml.config.ConfigTracker/CONFIG]: Watching TOML config file C:\Users\Nazario Delucci\MCreatorWorkspaces\deep_lucky_block-neoforge-1.21.1\run\config\neoforge-common.toml for changes
[06Oct2026 00:56:29.392] [modloading-sync-worker/DEBUG] [net.neoforged.fml.config.ConfigTracker/CONFIG]: Loaded TOML config file C:\Users\Nazario Delucci\MCreatorWorkspaces\deep_lucky_block-neoforge-1.21.1\run\config\deep_lucky_block-tillage_boot.toml
[06Oct2026 00:56:29.394] [modloading-sync-worker/DEBUG] [net.neoforged.fml.config.ConfigTracker/CONFIG]: Watching TOML config file C:\Users\Nazario Delucci\MCreatorWorkspaces\deep_lucky_block-neoforge-1.21.1\run\config\deep_lucky_block-tillage_boot.toml for changes
[06Oct2026 00:56:29.396] [modloading-sync-worker/DEBUG] [net.neoforged.fml.config.ConfigTracker/CONFIG]: Loaded TOML config file C:\Users\Nazario Delucci\MCreatorWorkspaces\deep_lucky_block-neoforge-1.21.1\run\config\deep_lucky_block-core_collection.toml
[06Oct2026 00:56:29.398] [modloading-sync-worker/DEBUG] [net.neoforged.fml.config.ConfigTracker/CONFIG]: Watching TOML config file C:\Users\Nazario Delucci\MCreatorWorkspaces\deep_lucky_block-neoforge-1.21.1\run\config\deep_lucky_block-core_collection.toml for changes
[06Oct2026 00:56:29.400] [modloading-sync-worker/DEBUG] [net.neoforged.fml.config.ConfigTracker/CONFIG]: Loaded TOML config file C:\Users\Nazario Delucci\MCreatorWorkspaces\deep_lucky_block-neoforge-1.21.1\run\config\deep_lucky_block-crop_harvest.toml
[06Oct2026 00:56:29.402] [modloading-sync-worker/DEBUG] [net.neoforged.fml.config.ConfigTracker/CONFIG]: Watching TOML config file C:\Users\Nazario Delucci\MCreatorWorkspaces\deep_lucky_block-neoforge-1.21.1\run\config\deep_lucky_block-crop_harvest.toml for changes
[06Oct2026 00:56:29.405] [modloading-sync-worker/DEBUG] [net.neoforged.fml.config.ConfigTracker/CONFIG]: Loaded TOML config file C:\Users\Nazario Delucci\MCreatorWorkspaces\deep_lucky_block-neoforge-1.21.1\run\config\deep_lucky_block-ore_detector.toml
[06Oct2026 00:56:29.408] [modloading-sync-worker/DEBUG] [net.neoforged.fml.config.ConfigTracker/CONFIG]: Watching TOML config file C:\Users\Nazario Delucci\MCreatorWorkspaces\deep_lucky_block-neoforge-1.21.1\run\config\deep_lucky_block-ore_detector.toml for changes
[06Oct2026 00:56:29.411] [modloading-sync-worker/DEBUG] [net.neoforged.fml.config.ConfigTracker/CONFIG]: Loaded TOML config file C:\Users\Nazario Delucci\MCreatorWorkspaces\deep_lucky_block-neoforge-1.21.1\run\config\deep_lucky_block-range_foot_block.toml
[06Oct2026 00:56:29.413] [modloading-sync-worker/DEBUG] [net.neoforged.fml.config.ConfigTracker/CONFIG]: Watching TOML config file C:\Users\Nazario Delucci\MCreatorWorkspaces\deep_lucky_block-neoforge-1.21.1\run\config\deep_lucky_block-range_foot_block.toml for changes
[06Oct2026 00:56:29.418] [modloading-sync-worker/DEBUG] [net.neoforged.fml.config.ConfigTracker/CONFIG]: Loaded TOML config file C:\Users\Nazario Delucci\MCreatorWorkspaces\deep_lucky_block-neoforge-1.21.1\run\config\deep_lucky_block-transfer.toml
[06Oct2026 00:56:29.420] [modloading-sync-worker/DEBUG] [net.neoforged.fml.config.ConfigTracker/CONFIG]: Watching TOML config file C:\Users\Nazario Delucci\MCreatorWorkspaces\deep_lucky_block-neoforge-1.21.1\run\config\deep_lucky_block-transfer.toml for changes
[06Oct2026 00:56:29.422] [modloading-sync-worker/DEBUG] [net.neoforged.fml.config.ConfigTracker/CONFIG]: Loaded TOML config file C:\Users\Nazario Delucci\MCreatorWorkspaces\deep_lucky_block-neoforge-1.21.1\run\config\deep_lucky_block-weed_removal.toml
[06Oct2026 00:56:29.424] [modloading-sync-worker/DEBUG] [net.neoforged.fml.config.ConfigTracker/CONFIG]: Watching TOML config file C:\Users\Nazario Delucci\MCreatorWorkspaces\deep_lucky_block-neoforge-1.21.1\run\config\deep_lucky_block-weed_removal.toml for changes
[06Oct2026 00:56:29.426] [modloading-sync-worker/DEBUG] [net.neoforged.fml.config.ConfigTracker/CONFIG]: Loaded TOML config file C:\Users\Nazario Delucci\MCreatorWorkspaces\deep_lucky_block-neoforge-1.21.1\run\config\deep_lucky_block-luck_infusion.toml
[06Oct2026 00:56:29.428] [modloading-sync-worker/DEBUG] [net.neoforged.fml.config.ConfigTracker/CONFIG]: Watching TOML config file C:\Users\Nazario Delucci\MCreatorWorkspaces\deep_lucky_block-neoforge-1.21.1\run\config\deep_lucky_block-luck_infusion.toml for changes
[06Oct2026 00:56:29.430] [modloading-sync-worker/DEBUG] [net.neoforged.fml.config.ConfigTracker/CONFIG]: Loaded TOML config file C:\Users\Nazario Delucci\MCreatorWorkspaces\deep_lucky_block-neoforge-1.21.1\run\config\deep_lucky_block-lucky_drop.toml
[06Oct2026 00:56:29.432] [modloading-sync-worker/DEBUG] [net.neoforged.fml.config.ConfigTracker/CONFIG]: Watching TOML config file C:\Users\Nazario Delucci\MCreatorWorkspaces\deep_lucky_block-neoforge-1.21.1\run\config\deep_lucky_block-lucky_drop.toml for changes
[06Oct2026 00:56:29.763] [Render thread/DEBUG] [mixin/]: Mixing RenderTypeEnchantMixin from deep_lucky_block.mixins.json into net.minecraft.client.renderer.RenderType
[06Oct2026 00:56:29.884] [Render thread/DEBUG] [mixin/]: deep_lucky_block.mixins.json:RenderTypeEnchantMixin from mod deep_lucky_block->@Inject::enchantGlint(Lorg/spongepowered/asm/mixin/injection/callback/CallbackInfoReturnable;)V does use it's CallbackInfoReturnable
[06Oct2026 00:56:29.885] [Render thread/DEBUG] [mixin/]: deep_lucky_block.mixins.json:RenderTypeEnchantMixin from mod deep_lucky_block->@Inject::enchantGlintTranslucent(Lorg/spongepowered/asm/mixin/injection/callback/CallbackInfoReturnable;)V does use it's CallbackInfoReturnable
[06Oct2026 00:56:29.885] [Render thread/DEBUG] [mixin/]: deep_lucky_block.mixins.json:RenderTypeEnchantMixin from mod deep_lucky_block->@Inject::enchantEntityGlint(Lorg/spongepowered/asm/mixin/injection/callback/CallbackInfoReturnable;)V does use it's CallbackInfoReturnable
[06Oct2026 00:56:29.885] [Render thread/DEBUG] [mixin/]: deep_lucky_block.mixins.json:RenderTypeEnchantMixin from mod deep_lucky_block->@Inject::enchantEntityGlintDirect(Lorg/spongepowered/asm/mixin/injection/callback/CallbackInfoReturnable;)V does use it's CallbackInfoReturnable
[06Oct2026 00:56:29.885] [Render thread/DEBUG] [mixin/]: deep_lucky_block.mixins.json:RenderTypeEnchantMixin from mod deep_lucky_block->@Inject::enchantArmorEntityGlint(Lorg/spongepowered/asm/mixin/injection/callback/CallbackInfoReturnable;)V does use it's CallbackInfoReturnable
[06Oct2026 00:56:29.936] [Render thread/DEBUG] [mixin/]: Mixing RenderStateShardConstantAccessor from deep_lucky_block.mixins.json into net.minecraft.client.renderer.RenderStateShard
[06Oct2026 00:56:29.937] [Render thread/DEBUG] [mixin/]: Renaming @Accessor method deepen_glintTransparency()Lnet/minecraft/client/renderer/RenderStateShard$TransparencyStateShard; to deepen_glintTransparency$deep_lucky_block_$md$457399$0 in deep_lucky_block.mixins.json:RenderStateShardConstantAccessor from mod deep_lucky_block
[06Oct2026 00:56:29.938] [Render thread/DEBUG] [mixin/]: Renaming @Accessor method deepen_colorWrite()Lnet/minecraft/client/renderer/RenderStateShard$WriteMaskStateShard; to deepen_colorWrite$deep_lucky_block_$md$457399$1 in deep_lucky_block.mixins.json:RenderStateShardConstantAccessor from mod deep_lucky_block
[06Oct2026 00:56:29.938] [Render thread/DEBUG] [mixin/]: Renaming @Accessor method deepen_noCull()Lnet/minecraft/client/renderer/RenderStateShard$CullStateShard; to deepen_noCull$deep_lucky_block_$md$457399$2 in deep_lucky_block.mixins.json:RenderStateShardConstantAccessor from mod deep_lucky_block
[06Oct2026 00:56:29.939] [Render thread/DEBUG] [mixin/]: Renaming @Accessor method deepen_equalDepthTest()Lnet/minecraft/client/renderer/RenderStateShard$DepthTestStateShard; to deepen_equalDepthTest$deep_lucky_block_$md$457399$3 in deep_lucky_block.mixins.json:RenderStateShardConstantAccessor from mod deep_lucky_block
[06Oct2026 00:56:29.939] [Render thread/DEBUG] [mixin/]: Renaming @Accessor method deepen_glintTexturing()Lnet/minecraft/client/renderer/RenderStateShard$TexturingStateShard; to deepen_glintTexturing$deep_lucky_block_$md$457399$4 in deep_lucky_block.mixins.json:RenderStateShardConstantAccessor from mod deep_lucky_block
[06Oct2026 00:56:29.939] [Render thread/DEBUG] [mixin/]: Renaming @Accessor method deepen_entityGlintTexturing()Lnet/minecraft/client/renderer/RenderStateShard$TexturingStateShard; to deepen_entityGlintTexturing$deep_lucky_block_$md$457399$5 in deep_lucky_block.mixins.json:RenderStateShardConstantAccessor from mod deep_lucky_block
[06Oct2026 00:56:29.940] [Render thread/DEBUG] [mixin/]: Renaming @Accessor method deepen_itemEntityTarget()Lnet/minecraft/client/renderer/RenderStateShard$OutputStateShard; to deepen_itemEntityTarget$deep_lucky_block_$md$457399$6 in deep_lucky_block.mixins.json:RenderStateShardConstantAccessor from mod deep_lucky_block
[06Oct2026 00:56:29.940] [Render thread/DEBUG] [mixin/]: Renaming @Accessor method deepen_viewOffsetZLayering()Lnet/minecraft/client/renderer/RenderStateShard$LayeringStateShard; to deepen_viewOffsetZLayering$deep_lucky_block_$md$457399$7 in deep_lucky_block.mixins.json:RenderStateShardConstantAccessor from mod deep_lucky_block
[06Oct2026 00:56:29.940] [Render thread/DEBUG] [mixin/]: Mixing RenderStateShardShaderAccessor from deep_lucky_block.mixins.json into net.minecraft.client.renderer.RenderStateShard
[06Oct2026 00:56:29.942] [Render thread/DEBUG] [mixin/]: Renaming @Accessor method deepen_glintShader()Lnet/minecraft/client/renderer/RenderStateShard$ShaderStateShard; to deepen_glintShader$deep_lucky_block_$md$457399$8 in deep_lucky_block.mixins.json:RenderStateShardShaderAccessor from mod deep_lucky_block
[06Oct2026 00:56:29.943] [Render thread/DEBUG] [mixin/]: Renaming @Accessor method deepen_glintTranslucentShader()Lnet/minecraft/client/renderer/RenderStateShard$ShaderStateShard; to deepen_glintTranslucentShader$deep_lucky_block_$md$457399$9 in deep_lucky_block.mixins.json:RenderStateShardShaderAccessor from mod deep_lucky_block
[06Oct2026 00:56:29.943] [Render thread/DEBUG] [mixin/]: Renaming @Accessor method deepen_entityGlintShader()Lnet/minecraft/client/renderer/RenderStateShard$ShaderStateShard; to deepen_entityGlintShader$deep_lucky_block_$md$457399$a in deep_lucky_block.mixins.json:RenderStateShardShaderAccessor from mod deep_lucky_block
[06Oct2026 00:56:29.944] [Render thread/DEBUG] [mixin/]: Renaming @Accessor method deepen_entityGlintDirectShader()Lnet/minecraft/client/renderer/RenderStateShard$ShaderStateShard; to deepen_entityGlintDirectShader$deep_lucky_block_$md$457399$b in deep_lucky_block.mixins.json:RenderStateShardShaderAccessor from mod deep_lucky_block
[06Oct2026 00:56:29.944] [Render thread/DEBUG] [mixin/]: Renaming @Accessor method deepen_armorEntityGlintShader()Lnet/minecraft/client/renderer/RenderStateShard$ShaderStateShard; to deepen_armorEntityGlintShader$deep_lucky_block_$md$457399$c in deep_lucky_block.mixins.json:RenderStateShardShaderAccessor from mod deep_lucky_block
[06Oct2026 00:56:30.169] [Render thread/DEBUG] [mixin/]: Mixing ItemRendererEnchantMixin from deep_lucky_block.mixins.json into net.minecraft.client.renderer.entity.ItemRenderer
[06Oct2026 00:56:30.227] [Render thread/DEBUG] [mixin/]: deep_lucky_block.mixins.json:ItemRendererEnchantMixin from mod deep_lucky_block->@Inject::dlbCapture(Lnet/minecraft/world/item/ItemStack;Lnet/minecraft/world/item/ItemDisplayContext;ZLcom/mojang/blaze3d/vertex/PoseStack;Lnet/minecraft/client/renderer/MultiBufferSource;IILnet/minecraft/client/resources/model/BakedModel;Lorg/spongepowered/asm/mixin/injection/callback/CallbackInfo;)V doesn't use it's CallbackInfo
[06Oct2026 00:56:30.227] [Render thread/DEBUG] [mixin/]: deep_lucky_block.mixins.json:ItemRendererEnchantMixin from mod deep_lucky_block->@Inject::dlbCapture(Lnet/minecraft/world/item/ItemStack;Lnet/minecraft/world/item/ItemDisplayContext;ZLcom/mojang/blaze3d/vertex/PoseStack;Lnet/minecraft/client/renderer/MultiBufferSource;IILnet/minecraft/client/resources/model/BakedModel;Lorg/spongepowered/asm/mixin/injection/callback/CallbackInfo;)V has 0 override(s) in child classes
[06Oct2026 00:56:30.228] [Render thread/DEBUG] [mixin/]: deep_lucky_block.mixins.json:ItemRendererEnchantMixin from mod deep_lucky_block->@Inject::dlbCapture(Lnet/minecraft/world/item/ItemStack;Lnet/minecraft/world/item/ItemDisplayContext;ZLcom/mojang/blaze3d/vertex/PoseStack;Lnet/minecraft/client/renderer/MultiBufferSource;IILnet/minecraft/client/resources/model/BakedModel;Lorg/spongepowered/asm/mixin/injection/callback/CallbackInfo;)V won't be passed a CallbackInfo as a result
[06Oct2026 00:56:30.228] [Render thread/DEBUG] [mixin/]: deep_lucky_block.mixins.json:ItemRendererEnchantMixin from mod deep_lucky_block->@Inject::dlbClear(Lnet/minecraft/world/item/ItemStack;Lnet/minecraft/world/item/ItemDisplayContext;ZLcom/mojang/blaze3d/vertex/PoseStack;Lnet/minecraft/client/renderer/MultiBufferSource;IILnet/minecraft/client/resources/model/BakedModel;Lorg/spongepowered/asm/mixin/injection/callback/CallbackInfo;)V doesn't use it's CallbackInfo
[06Oct2026 00:56:30.228] [Render thread/DEBUG] [mixin/]: deep_lucky_block.mixins.json:ItemRendererEnchantMixin from mod deep_lucky_block->@Inject::dlbClear(Lnet/minecraft/world/item/ItemStack;Lnet/minecraft/world/item/ItemDisplayContext;ZLcom/mojang/blaze3d/vertex/PoseStack;Lnet/minecraft/client/renderer/MultiBufferSource;IILnet/minecraft/client/resources/model/BakedModel;Lorg/spongepowered/asm/mixin/injection/callback/CallbackInfo;)V has 0 override(s) in child classes
[06Oct2026 00:56:30.228] [Render thread/DEBUG] [mixin/]: deep_lucky_block.mixins.json:ItemRendererEnchantMixin from mod deep_lucky_block->@Inject::dlbClear(Lnet/minecraft/world/item/ItemStack;Lnet/minecraft/world/item/ItemDisplayContext;ZLcom/mojang/blaze3d/vertex/PoseStack;Lnet/minecraft/client/renderer/MultiBufferSource;IILnet/minecraft/client/resources/model/BakedModel;Lorg/spongepowered/asm/mixin/injection/callback/CallbackInfo;)V won't be passed a CallbackInfo as a result
[06Oct2026 00:56:30.853] [Render thread/INFO] [net.neoforged.neoforge.gametest.GameTestHooks/]: Enabled Gametest Namespaces: []
[06Oct2026 00:56:30.953] [Render thread/DEBUG] [mixin/]: Mixing HumanoidArmorLayerEnchantMixin from deep_lucky_block.mixins.json into net.minecraft.client.renderer.entity.layers.HumanoidArmorLayer
[06Oct2026 00:56:31.031] [Render thread/DEBUG] [mixin/]: deep_lucky_block.mixins.json:HumanoidArmorLayerEnchantMixin from mod deep_lucky_block->@Inject::deepEnchant_captureArmor(Lcom/mojang/blaze3d/vertex/PoseStack;Lnet/minecraft/client/renderer/MultiBufferSource;Lnet/minecraft/world/entity/LivingEntity;Lnet/minecraft/world/entity/EquipmentSlot;ILnet/minecraft/client/model/HumanoidModel;FFFFFFLorg/spongepowered/asm/mixin/injection/callback/CallbackInfo;)V doesn't use it's CallbackInfo
[06Oct2026 00:56:31.031] [Render thread/DEBUG] [mixin/]: deep_lucky_block.mixins.json:HumanoidArmorLayerEnchantMixin from mod deep_lucky_block->@Inject::deepEnchant_captureArmor(Lcom/mojang/blaze3d/vertex/PoseStack;Lnet/minecraft/client/renderer/MultiBufferSource;Lnet/minecraft/world/entity/LivingEntity;Lnet/minecraft/world/entity/EquipmentSlot;ILnet/minecraft/client/model/HumanoidModel;FFFFFFLorg/spongepowered/asm/mixin/injection/callback/CallbackInfo;)V has 0 override(s) in child classes
[06Oct2026 00:56:31.031] [Render thread/DEBUG] [mixin/]: deep_lucky_block.mixins.json:HumanoidArmorLayerEnchantMixin from mod deep_lucky_block->@Inject::deepEnchant_captureArmor(Lcom/mojang/blaze3d/vertex/PoseStack;Lnet/minecraft/client/renderer/MultiBufferSource;Lnet/minecraft/world/entity/LivingEntity;Lnet/minecraft/world/entity/EquipmentSlot;ILnet/minecraft/client/model/HumanoidModel;FFFFFFLorg/spongepowered/asm/mixin/injection/callback/CallbackInfo;)V won't be passed a CallbackInfo as a result
[06Oct2026 00:56:31.031] [Render thread/DEBUG] [mixin/]: deep_lucky_block.mixins.json:HumanoidArmorLayerEnchantMixin from mod deep_lucky_block->@Inject::deepEnchant_clearArmor(Lcom/mojang/blaze3d/vertex/PoseStack;Lnet/minecraft/client/renderer/MultiBufferSource;Lnet/minecraft/world/entity/LivingEntity;Lnet/minecraft/world/entity/EquipmentSlot;ILnet/minecraft/client/model/HumanoidModel;FFFFFFLorg/spongepowered/asm/mixin/injection/callback/CallbackInfo;)V doesn't use it's CallbackInfo
[06Oct2026 00:56:31.032] [Render thread/DEBUG] [mixin/]: deep_lucky_block.mixins.json:HumanoidArmorLayerEnchantMixin from mod deep_lucky_block->@Inject::deepEnchant_clearArmor(Lcom/mojang/blaze3d/vertex/PoseStack;Lnet/minecraft/client/renderer/MultiBufferSource;Lnet/minecraft/world/entity/LivingEntity;Lnet/minecraft/world/entity/EquipmentSlot;ILnet/minecraft/client/model/HumanoidModel;FFFFFFLorg/spongepowered/asm/mixin/injection/callback/CallbackInfo;)V has 0 override(s) in child classes
[06Oct2026 00:56:31.032] [Render thread/DEBUG] [mixin/]: deep_lucky_block.mixins.json:HumanoidArmorLayerEnchantMixin from mod deep_lucky_block->@Inject::deepEnchant_clearArmor(Lcom/mojang/blaze3d/vertex/PoseStack;Lnet/minecraft/client/renderer/MultiBufferSource;Lnet/minecraft/world/entity/LivingEntity;Lnet/minecraft/world/entity/EquipmentSlot;ILnet/minecraft/client/model/HumanoidModel;FFFFFFLorg/spongepowered/asm/mixin/injection/callback/CallbackInfo;)V won't be passed a CallbackInfo as a result
[06Oct2026 00:56:31.798] [Render thread/INFO] [net.minecraft.server.packs.resources.ReloadableResourceManager/]: Reloading ResourceManager: vanilla, mod_resources, mod/deep_lucky_block, mod/neoforge
[06Oct2026 00:56:31.931] [Render thread/DEBUG] [net.neoforged.fml.DeferredWorkQueue/LOADING]: Dispatching synchronous work for work queue Common setup: 2 jobs
[06Oct2026 00:56:31.935] [Render thread/DEBUG] [net.neoforged.fml.DeferredWorkQueue/LOADING]: Synchronous work queue completed in 1.958 ms
[06Oct2026 00:56:32.102] [Render thread/DEBUG] [net.neoforged.fml.DeferredWorkQueue/LOADING]: Dispatching synchronous work for work queue Sided setup: 1 jobs
[06Oct2026 00:56:32.135] [Render thread/DEBUG] [net.neoforged.fml.DeferredWorkQueue/LOADING]: Synchronous work queue completed in 32.27 ms
[06Oct2026 00:56:32.210] [Worker-Main-7/INFO] [net.minecraft.client.gui.font.providers.UnihexProvider/]: Found unifont_all_no_pua-15.1.05.hex, loading
[06Oct2026 00:56:33.178] [Worker-Main-5/INFO] [net.minecraft.client.gui.font.providers.UnihexProvider/]: Found unifont_jp_patch-15.1.05.hex, loading
[06Oct2026 00:56:33.724] [Worker-Main-3/WARN] [net.minecraft.client.renderer.texture.SpriteLoader/]: Texture deep_lucky_block:item/lunettesdupatron with size 169x169 limits mip level from 2 to 0
[06Oct2026 00:56:37.725] [Render thread/WARN] [net.minecraft.client.sounds.SoundEngine/]: Missing sound for event: minecraft:item.goat_horn.play
[06Oct2026 00:56:37.726] [Render thread/WARN] [net.minecraft.client.sounds.SoundEngine/]: Missing sound for event: minecraft:entity.goat.screaming.horn_break
[06Oct2026 00:56:38.085] [Render thread/INFO] [com.mojang.blaze3d.audio.Library/]: OpenAL initialized on device OpenAL Soft on Haut-parleurs (Realtek High Definition Audio(SST))
[06Oct2026 00:56:38.088] [Render thread/INFO] [net.minecraft.client.sounds.SoundEngine/SOUNDS]: Sound engine started
[06Oct2026 00:56:38.408] [Render thread/INFO] [net.minecraft.client.renderer.texture.TextureAtlas/]: Created: 2048x1024x2 minecraft:textures/atlas/blocks.png-atlas
[06Oct2026 00:56:38.986] [Render thread/INFO] [net.minecraft.client.renderer.texture.TextureAtlas/]: Created: 256x256x2 minecraft:textures/atlas/signs.png-atlas
[06Oct2026 00:56:38.997] [Render thread/INFO] [net.minecraft.client.renderer.texture.TextureAtlas/]: Created: 512x512x2 minecraft:textures/atlas/shield_patterns.png-atlas
[06Oct2026 00:56:39.022] [Render thread/INFO] [net.minecraft.client.renderer.texture.TextureAtlas/]: Created: 512x512x2 minecraft:textures/atlas/banner_patterns.png-atlas
[06Oct2026 00:56:39.048] [Render thread/INFO] [net.minecraft.client.renderer.texture.TextureAtlas/]: Created: 1024x1024x2 minecraft:textures/atlas/armor_trims.png-atlas
[06Oct2026 00:56:39.273] [Render thread/INFO] [net.minecraft.client.renderer.texture.TextureAtlas/]: Created: 128x64x2 minecraft:textures/atlas/decorated_pot.png-atlas
[06Oct2026 00:56:39.281] [Render thread/INFO] [net.minecraft.client.renderer.texture.TextureAtlas/]: Created: 256x256x2 minecraft:textures/atlas/chest.png-atlas
[06Oct2026 00:56:39.286] [Render thread/INFO] [net.minecraft.client.renderer.texture.TextureAtlas/]: Created: 512x256x2 minecraft:textures/atlas/shulker_boxes.png-atlas
[06Oct2026 00:56:39.293] [Render thread/INFO] [net.minecraft.client.renderer.texture.TextureAtlas/]: Created: 512x256x2 minecraft:textures/atlas/beds.png-atlas
[06Oct2026 00:56:39.471] [Render thread/INFO] [net.minecraft.client.renderer.texture.TextureAtlas/]: Created: 512x256x0 minecraft:textures/atlas/particles.png-atlas
[06Oct2026 00:56:39.508] [Render thread/INFO] [net.minecraft.client.renderer.texture.TextureAtlas/]: Created: 512x256x0 minecraft:textures/atlas/paintings.png-atlas
[06Oct2026 00:56:39.518] [Render thread/INFO] [net.minecraft.client.renderer.texture.TextureAtlas/]: Created: 256x128x0 minecraft:textures/atlas/mob_effects.png-atlas
[06Oct2026 00:56:39.524] [Render thread/INFO] [net.minecraft.client.renderer.texture.TextureAtlas/]: Created: 64x64x0 minecraft:textures/atlas/map_decorations.png-atlas
[06Oct2026 00:56:39.530] [Render thread/INFO] [net.minecraft.client.renderer.texture.TextureAtlas/]: Created: 1024x512x0 minecraft:textures/atlas/gui.png-atlas
[06Oct2026 00:56:40.682] [Render thread/WARN] [net.minecraft.client.renderer.ShaderInstance/]: Shader rendertype_entity_translucent_emissive could not find sampler named Sampler2 in the specified shader program.
[06Oct2026 00:56:42.056] [Render thread/INFO] [net.neoforged.neoforge.client.entity.animation.json.AnimationLoader/]: Loaded 0 entity animations
[06Oct2026 00:57:14.539] [Worker-Main-6/INFO] [deepluckyblock.DeepLuckyBlockMod/]: [DLBTEST] commande prete : /dlbtest -> citadel, observatory, dragon, circus, ship, everest, crimsonlake | structure <nom|id> | list | water <status|freeze|thaw> | probe <x> <z> | luckybreak [nombre] (permission tout le monde (0))
[06Oct2026 00:57:15.022] [Render thread/INFO] [net.minecraft.world.item.crafting.RecipeManager/]: Loaded 1320 recipes
[06Oct2026 00:57:15.347] [Render thread/INFO] [net.minecraft.advancements.AdvancementTree/]: Loaded 1450 advancements
[06Oct2026 00:57:16.211] [Render thread/DEBUG] [net.neoforged.neoforge.common.CommonHooks/WP]: Gathered mod list to write to world save New World
[06Oct2026 00:57:16.268] [Server thread/INFO] [net.minecraft.client.server.IntegratedServer/]: Starting integrated minecraft server version 1.21.1
[06Oct2026 00:57:16.269] [Server thread/INFO] [net.minecraft.server.MinecraftServer/]: Generating keypair
[06Oct2026 00:57:16.532] [Server thread/DEBUG] [net.neoforged.fml.config.ConfigTracker/CONFIG]: Loading configs type SERVER
[06Oct2026 00:57:16.535] [Server thread/DEBUG] [net.neoforged.neoforge.common.NeoForgeConfig/FORGEMOD]: Loaded NeoForge config file neoforge-server.toml
[06Oct2026 00:57:16.535] [Server thread/DEBUG] [net.neoforged.fml.config.ConfigTracker/CONFIG]: Loaded TOML config file C:\Users\Nazario Delucci\MCreatorWorkspaces\deep_lucky_block-neoforge-1.21.1\run\config\neoforge-server.toml
[06Oct2026 00:57:16.537] [Server thread/DEBUG] [net.neoforged.fml.config.ConfigTracker/CONFIG]: Watching TOML config file C:\Users\Nazario Delucci\MCreatorWorkspaces\deep_lucky_block-neoforge-1.21.1\run\config\neoforge-server.toml for changes
[06Oct2026 00:57:20.436] [Server thread/INFO] [net.minecraft.server.MinecraftServer/]: Preparing start region for dimension minecraft:overworld
[06Oct2026 00:57:21.040] [progressListener/INFO] [net.minecraft.server.level.progress.LoggerChunkProgressListener/]: Preparing spawn area: 0%
[06Oct2026 00:57:21.040] [progressListener/INFO] [net.minecraft.server.level.progress.LoggerChunkProgressListener/]: Preparing spawn area: 0%
[06Oct2026 00:57:21.325] [Server thread/INFO] [net.neoforged.neoforge.server.permission.PermissionAPI/]: Successfully initialized permission handler neoforge:default_handler
[06Oct2026 00:57:21.337] [progressListener/INFO] [net.minecraft.server.level.progress.LoggerChunkProgressListener/]: Time elapsed: 888 ms
[06Oct2026 00:57:22.074] [Server thread/INFO] [net.minecraft.client.server.IntegratedServer/]: Changing view distance to 5, from 10
[06Oct2026 00:57:22.074] [Server thread/INFO] [net.minecraft.client.server.IntegratedServer/]: Changing simulation distance to 12, from 0
[06Oct2026 00:57:22.103] [Render thread/DEBUG] [io.netty.channel.MultithreadEventLoopGroup/]: -Dio.netty.eventLoopThreads: 16
[06Oct2026 00:57:22.122] [Render thread/DEBUG] [io.netty.util.concurrent.GlobalEventExecutor/]: -Dio.netty.globalEventExecutor.quietPeriodSeconds: 1
[06Oct2026 00:57:22.139] [Render thread/DEBUG] [io.netty.channel.nio.NioEventLoop/]: -Dio.netty.noKeySetOptimization: false
[06Oct2026 00:57:22.140] [Render thread/DEBUG] [io.netty.channel.nio.NioEventLoop/]: -Dio.netty.selectorAutoRebuildThreshold: 512
[06Oct2026 00:57:22.150] [Render thread/DEBUG] [io.netty.util.internal.PlatformDependent/]: org.jctools-core.MpscChunkedArrayQueue: available
[06Oct2026 00:57:22.213] [Render thread/DEBUG] [io.netty.channel.DefaultChannelId/]: -Dio.netty.processId: 21000 (auto-detected)
[06Oct2026 00:57:22.217] [Render thread/DEBUG] [io.netty.util.NetUtil/]: -Djava.net.preferIPv4Stack: false
[06Oct2026 00:57:22.217] [Render thread/DEBUG] [io.netty.util.NetUtil/]: -Djava.net.preferIPv6Addresses: system
[06Oct2026 00:57:22.224] [Render thread/DEBUG] [io.netty.util.NetUtilInitializations/]: Loopback interface: loopback_0 (Software Loopback Interface 1, 0:0:0:0:0:0:0:1)
[06Oct2026 00:57:22.229] [Render thread/DEBUG] [io.netty.util.NetUtil/]: Failed to get SOMAXCONN from sysctl and file \proc\sys\net\core\somaxconn. Default: 200
[06Oct2026 00:57:22.232] [Render thread/DEBUG] [io.netty.channel.DefaultChannelId/]: -Dio.netty.machineId: 3c:a0:67:ff:fe:ed:cc:48 (auto-detected)
[06Oct2026 00:57:22.401] [Render thread/DEBUG] [io.netty.util.Recycler/]: -Dio.netty.recycler.maxCapacityPerThread: 4096
[06Oct2026 00:57:22.402] [Render thread/DEBUG] [io.netty.util.Recycler/]: -Dio.netty.recycler.ratio: 8
[06Oct2026 00:57:22.402] [Render thread/DEBUG] [io.netty.util.Recycler/]: -Dio.netty.recycler.chunkSize: 32
[06Oct2026 00:57:22.402] [Render thread/DEBUG] [io.netty.util.Recycler/]: -Dio.netty.recycler.blocking: false
[06Oct2026 00:57:22.402] [Render thread/DEBUG] [io.netty.util.Recycler/]: -Dio.netty.recycler.batchFastThreadLocalOnly: true
[06Oct2026 00:57:22.830] [Netty Server IO #1/DEBUG] [net.neoforged.neoforge.network.filters.NetworkFilters/]: Injected net.neoforged.neoforge.network.filters.GenericPacketSplitter@9c8c2cf into net.minecraft.network.Connection@316ca582
[06Oct2026 00:57:22.884] [Netty Local Client IO #0/DEBUG] [net.neoforged.neoforge.network.filters.NetworkFilters/]: Injected net.neoforged.neoforge.network.filters.GenericPacketSplitter@4433e635 into net.minecraft.network.Connection@25f207bc
[06Oct2026 00:57:24.097] [Netty Server IO #1/DEBUG] [net.neoforged.neoforge.network.filters.NetworkFilters/]: Injected net.neoforged.neoforge.network.filters.GenericPacketSplitter@1815c948 into net.minecraft.network.Connection@316ca582
[06Oct2026 00:57:24.209] [Server thread/INFO] [net.minecraft.server.players.PlayerList/]: Dev[local:E:c4693b70] logged in with entity id 36 at (37.87787037745148, 96.36430030709542, 128.83566627222325)
[06Oct2026 00:57:24.356] [Server thread/INFO] [net.minecraft.server.MinecraftServer/]: Dev joined the game
[06Oct2026 00:57:24.732] [Render thread/INFO] [net.minecraft.advancements.AdvancementTree/]: Loaded 67 advancements
[06Oct2026 00:57:31.243] [Server thread/INFO] [deepluckyblock.DeepLuckyBlockMod/]: [DLBTEST] dragon demandee a 37, 96, 128 (id=2, nbt=dragon, joueur reel)
[06Oct2026 00:57:31.250] [Render thread/INFO] [net.minecraft.client.gui.components.ChatComponent/]: [System] [CHAT] [DLB-TEST] Structure DRAGON demandee a 37, 96, 128 -- la construction demarre apres le choix de zone (regarde la console)
[06Oct2026 00:57:33.867] [Server thread/WARN] [deepluckyblock.procedures.Structures5Procedure/]: [STRUCT5-FLAT] zones historiques épuisées jusqu'à 768 blocs : génération ciblée d'une seule emprise à 37,1045
[06Oct2026 00:57:34.156] [Server thread/WARN] [net.minecraft.server.MinecraftServer/]: Can't keep up! Is the server overloaded? Running 2024ms or 40 ticks behind
[06Oct2026 00:57:49.657] [Server thread/INFO] [deepluckyblock.DeepLuckyBlockMod/]: [DLBTEST] dragon demandee a 37, 96, 128 (id=2, nbt=dragon, joueur reel)
[06Oct2026 00:57:49.659] [Render thread/INFO] [net.minecraft.client.gui.components.ChatComponent/]: [System] [CHAT] [DLB-TEST] Structure DRAGON demandee a 37, 96, 128 -- la construction demarre apres le choix de zone (regarde la console)
[06Oct2026 00:57:49.680] [Render thread/INFO] [net.minecraft.client.gui.components.ChatComponent/]: [System] [CHAT] ⏳ Structure mise en file d'attente (1 avant elle) — elle apparaîtra dès que la précédente sera terminée.
[06Oct2026 00:58:45.216] [Render thread/INFO] [net.minecraft.advancements.AdvancementTree/]: Loaded 76 advancements
[06Oct2026 01:00:24.998] [Server thread/INFO] [net.minecraft.client.server.IntegratedServer/]: Saving and pausing game...
[06Oct2026 01:00:25.041] [Server thread/INFO] [net.minecraft.server.MinecraftServer/]: Saving chunks for level 'ServerLevel[New World]'/minecraft:overworld
[06Oct2026 01:00:25.202] [Server thread/INFO] [net.minecraft.server.MinecraftServer/]: Saving chunks for level 'ServerLevel[New World]'/minecraft:the_end
[06Oct2026 01:00:25.205] [Server thread/INFO] [net.minecraft.server.MinecraftServer/]: Saving chunks for level 'ServerLevel[New World]'/minecraft:the_nether
[06Oct2026 01:00:25.216] [Server thread/DEBUG] [net.neoforged.neoforge.common.CommonHooks/WP]: Gathered mod list to write to world save New World
[06Oct2026 01:00:45.664] [Server thread/WARN] [deepluckyblock.util.TerrainEditClamp/]: [DLB-LAGPROBE] periode de tick de 20698 ms pendant la phase « aucune (serveur au repos) » -- c'est cette phase qui accapare le thread principal (zone -1,62 -> 5,68 : 0 chunks epingles, 49 en attente, 68 demandes de chargement ; 1 tick(s) > 1 s au total)
[06Oct2026 01:00:54.913] [Server thread/INFO] [net.minecraft.client.server.IntegratedServer/]: Saving and pausing game...
[06Oct2026 01:00:54.941] [Server thread/INFO] [net.minecraft.server.MinecraftServer/]: Saving chunks for level 'ServerLevel[New World]'/minecraft:overworld
[06Oct2026 01:00:55.056] [Server thread/INFO] [net.minecraft.server.MinecraftServer/]: Saving chunks for level 'ServerLevel[New World]'/minecraft:the_end
[06Oct2026 01:00:55.057] [Server thread/INFO] [net.minecraft.server.MinecraftServer/]: Saving chunks for level 'ServerLevel[New World]'/minecraft:the_nether
[06Oct2026 01:00:55.059] [Server thread/DEBUG] [net.neoforged.neoforge.common.CommonHooks/WP]: Gathered mod list to write to world save New World
[06Oct2026 01:00:56.306] [Server thread/INFO] [net.minecraft.server.network.ServerGamePacketListenerImpl/]: Dev lost connection: Disconnected
[06Oct2026 01:00:56.307] [Server thread/INFO] [net.minecraft.server.MinecraftServer/]: Dev left the game
[06Oct2026 01:00:56.337] [Server thread/INFO] [net.minecraft.server.network.ServerCommonPacketListenerImpl/]: Stopping singleplayer server as player logged out
[06Oct2026 01:00:56.417] [Server thread/INFO] [net.minecraft.server.MinecraftServer/]: Stopping server
[06Oct2026 01:00:56.419] [Server thread/INFO] [net.minecraft.server.MinecraftServer/]: Saving players
[06Oct2026 01:00:56.419] [Server thread/INFO] [net.minecraft.server.MinecraftServer/]: Saving worlds
[06Oct2026 01:00:56.683] [Server thread/INFO] [net.minecraft.server.MinecraftServer/]: Saving chunks for level 'ServerLevel[New World]'/minecraft:overworld
[06Oct2026 01:00:56.860] [Server thread/INFO] [net.minecraft.server.MinecraftServer/]: Saving chunks for level 'ServerLevel[New World]'/minecraft:the_end
[06Oct2026 01:00:56.869] [Server thread/INFO] [net.minecraft.server.MinecraftServer/]: Saving chunks for level 'ServerLevel[New World]'/minecraft:the_nether
[06Oct2026 01:00:56.880] [Server thread/DEBUG] [net.neoforged.neoforge.common.CommonHooks/WP]: Gathered mod list to write to world save New World
[06Oct2026 01:00:56.901] [Server thread/INFO] [net.minecraft.server.MinecraftServer/]: ThreadedAnvilChunkStorage (New World (58)): All chunks are saved
[06Oct2026 01:00:56.902] [Server thread/INFO] [net.minecraft.server.MinecraftServer/]: ThreadedAnvilChunkStorage (DIM1): All chunks are saved
[06Oct2026 01:00:56.902] [Server thread/INFO] [net.minecraft.server.MinecraftServer/]: ThreadedAnvilChunkStorage (DIM-1): All chunks are saved
[06Oct2026 01:00:56.903] [Server thread/INFO] [net.minecraft.server.MinecraftServer/]: ThreadedAnvilChunkStorage: All dimensions are saved
[06Oct2026 01:00:56.955] [Server thread/DEBUG] [net.neoforged.fml.config.ConfigTracker/CONFIG]: Unloading configs type SERVER
[06Oct2026 01:00:58.531] [Render thread/INFO] [net.minecraft.client.Minecraft/]: Stopping!
