[09Oct2026 20:59:41.249] [main/INFO] [cpw.mods.modlauncher.Launcher/MODLAUNCHER]: ModLauncher running: args [cpw.mods.bootstraplauncher.BootstrapLauncher, --launchTarget, forgeserverdev, --gameDir, ., --fml.fmlVersion, 4.0.41, --fml.mcVersion, 1.21.1, --fml.neoForgeVersion, 21.1.190, --fml.neoFormVersion, 20240808.144430, nogui]
[09Oct2026 20:59:41.251] [main/INFO] [cpw.mods.modlauncher.Launcher/MODLAUNCHER]: JVM identified as Eclipse Adoptium OpenJDK 64-Bit Server VM 21.0.12.1+1-LTS
[09Oct2026 20:59:41.256] [main/INFO] [cpw.mods.modlauncher.Launcher/MODLAUNCHER]: ModLauncher 11.0.5+main.901c6ea8 starting: java version 21.0.12.1 by Eclipse Adoptium; OS Linux arch amd64 version 6.1.158+
[09Oct2026 20:59:41.385] [main/INFO] [net.neoforged.fml.loading.ImmediateWindowHandler/]: ImmediateWindowProvider not loading because launch target is forgeserverdev
[09Oct2026 20:59:41.451] [main/INFO] [mixin/]: SpongePowered MIXIN Subsystem Version=0.8.7 Source=union:/home/user/dlb-lab/.gradle/caches/modules-2/files-2.1/net.fabricmc/sponge-mixin/0.15.2+mixin.0.8.7/2af2f021d8e02a0220dc27a7a72b4666d66d44ca/sponge-mixin-0.15.2+mixin.0.8.7.jar%2394!/ Service=ModLauncher Env=SERVER
[09Oct2026 20:59:41.735] [main/INFO] [net.neoforged.fml.loading.moddiscovery.locators.JarInJarDependencyLocator/]: Found 2 dependencies adding them to mods collection
[09Oct2026 20:59:41.737] [main/INFO] [net.neoforged.fml.loading.moddiscovery.ModDiscoverer/]: 
     Mod List:
		Name Version (Mod Id)

		Deep Lucky Block 1.0 (deep_lucky_block)
		Minecraft 1.21.1 (minecraft)
		NeoForge 21.1.190 (neoforge)
[09Oct2026 20:59:42.321] [main/INFO] [mixin/]: Compatibility level set to JAVA_21
[09Oct2026 20:59:42.339] [main/INFO] [cpw.mods.modlauncher.LaunchServiceHandler/MODLAUNCHER]: Launching target 'forgeserverdev' with arguments [--gameDir, ., cpw.mods.bootstraplauncher.BootstrapLauncher, nogui]
[09Oct2026 20:59:42.449] [main/WARN] [mixin/]: Reference map 'deep_lucky_block.refmap.json' for deep_lucky_block.mixins.json could not be read. If this is a development environment you can ignore this message
[09Oct2026 20:59:43.145] [main/INFO] [MixinExtras|Service/]: Initializing MixinExtras via com.llamalad7.mixinextras.service.MixinExtrasServiceImpl(version=0.4.1).
[09Oct2026 20:59:50.381] [main/WARN] [net.minecraft.commands.Commands/]: Ambiguity between arguments [teleport, location] and [teleport, destination] with inputs: [0.1 -0.5 .9, 0 0 0]
[09Oct2026 20:59:50.384] [main/WARN] [net.minecraft.commands.Commands/]: Ambiguity between arguments [teleport, location] and [teleport, targets] with inputs: [0.1 -0.5 .9, 0 0 0]
[09Oct2026 20:59:50.388] [main/WARN] [net.minecraft.commands.Commands/]: Ambiguity between arguments [teleport, destination] and [teleport, targets] with inputs: [Player, 0123, @e, dd12be42-52a9-4a91-a8a1-11c01849e498]
[09Oct2026 20:59:50.389] [main/WARN] [net.minecraft.commands.Commands/]: Ambiguity between arguments [teleport, targets] and [teleport, destination] with inputs: [Player, 0123, dd12be42-52a9-4a91-a8a1-11c01849e498]
[09Oct2026 20:59:50.391] [main/WARN] [net.minecraft.commands.Commands/]: Ambiguity between arguments [teleport, targets, location] and [teleport, targets, destination] with inputs: [0.1 -0.5 .9, 0 0 0]
[09Oct2026 20:59:50.458] [modloading-worker-0/INFO] [net.neoforged.neoforge.common.NeoForgeMod/NEOFORGE-MOD]: NeoForge mod loading, version 21.1.190, for MC 1.21.1
[09Oct2026 20:59:50.511] [modloading-worker-0/INFO] [deepluckyblock.SlbDiagnostics/]: [SLB-V8] ═══════════════════════════════════════════════════
[09Oct2026 20:59:50.515] [modloading-worker-0/INFO] [deepluckyblock.SlbDiagnostics/]: [SLB-V8] Deep Lucky Block v8 (2026-09-05) charge
[09Oct2026 20:59:50.515] [modloading-worker-0/INFO] [deepluckyblock.SlbDiagnostics/]: [SLB-V8] - armures : material avec Layer (rendu custom NeoForge)
[09Oct2026 20:59:50.516] [modloading-worker-0/INFO] [deepluckyblock.SlbDiagnostics/]: [SLB-V8] - coffres : NeoForgeData + BLOCK_ENTITY_DATA + transfert a la pose
[09Oct2026 20:59:50.516] [modloading-worker-0/INFO] [deepluckyblock.SlbDiagnostics/]: [SLB-V8] - traces : [SLB-V8] POSE / CASSE / COFFRE dans ce log
[09Oct2026 20:59:50.516] [modloading-worker-0/INFO] [deepluckyblock.SlbDiagnostics/]: [SLB-V8] ═══════════════════════════════════════════════════
[09Oct2026 20:59:50.517] [modloading-worker-0/INFO] [deepluckyblock.compat.DeepMixinBootstrap/]: [DeepMixinBootstrap] deep_lucky_block.mixins.json est embarqué (union), non modifiable.
[09Oct2026 20:59:50.878] [modloading-worker-0/INFO] [deepluckyblock.util.StructureTemplateCache/]: [DLB-T156] lancement du jeu : 8/8 NBT lourds mis en file AVANT toute ouverture de map
[09Oct2026 20:59:51.084] [main/INFO] [com.mojang.authlib.yggdrasil.YggdrasilAuthenticationService/]: Environment: Environment[sessionHost=https://sessionserver.mojang.com, servicesHost=https://api.minecraftservices.com, name=PROD]
[09Oct2026 20:59:51.204] [main/WARN] [net.minecraft.server.packs.VanillaPackResourcesBuilder/]: Assets URL 'union:/home/user/dlb-lab/mod-project/build/moddev/artifacts/neoforge-21.1.190.jar%23124!/assets/.mcassetsroot' uses unexpected schema
[09Oct2026 20:59:51.206] [main/WARN] [net.minecraft.server.packs.VanillaPackResourcesBuilder/]: Assets URL 'union:/home/user/dlb-lab/mod-project/build/moddev/artifacts/neoforge-21.1.190.jar%23124!/data/.mcassetsroot' uses unexpected schema
[09Oct2026 20:59:51.491] [Yggdrasil Key Fetcher/ERROR] [com.mojang.authlib.yggdrasil.YggdrasilServicesKeyInfo/]: Failed to request yggdrasil public key
com.mojang.authlib.exceptions.MinecraftClientException: Failed to read from https://api.minecraftservices.com/publickeys due to Remote host terminated the handshake
	at MC-BOOTSTRAP/authlib@6.0.54/com.mojang.authlib.minecraft.client.MinecraftClient.readInputStream(MinecraftClient.java:108) ~[authlib-6.0.54.jar%2377!/:?]
	at MC-BOOTSTRAP/authlib@6.0.54/com.mojang.authlib.minecraft.client.MinecraftClient.get(MinecraftClient.java:57) ~[authlib-6.0.54.jar%2377!/:?]
	at MC-BOOTSTRAP/authlib@6.0.54/com.mojang.authlib.yggdrasil.YggdrasilServicesKeyInfo.fetch(YggdrasilServicesKeyInfo.java:114) ~[authlib-6.0.54.jar%2377!/:?]
	at MC-BOOTSTRAP/authlib@6.0.54/com.mojang.authlib.yggdrasil.YggdrasilServicesKeyInfo$1.run(YggdrasilServicesKeyInfo.java:89) ~[authlib-6.0.54.jar%2377!/:?]
	at java.base/java.util.concurrent.Executors$RunnableAdapter.call(Executors.java:572) ~[?:?]
	at java.base/java.util.concurrent.FutureTask.run(FutureTask.java:317) ~[?:?]
	at java.base/java.util.concurrent.ScheduledThreadPoolExecutor$ScheduledFutureTask.run(ScheduledThreadPoolExecutor.java:304) ~[?:?]
	at java.base/java.util.concurrent.ThreadPoolExecutor.runWorker(ThreadPoolExecutor.java:1144) ~[?:?]
	at java.base/java.util.concurrent.ThreadPoolExecutor$Worker.run(ThreadPoolExecutor.java:642) ~[?:?]
	at java.base/java.lang.Thread.run(Thread.java:1583) [?:?]
Caused by: javax.net.ssl.SSLHandshakeException: Remote host terminated the handshake
	at java.base/sun.security.ssl.SSLSocketImpl.handleEOF(SSLSocketImpl.java:1715) ~[?:?]
	at java.base/sun.security.ssl.SSLSocketImpl.decode(SSLSocketImpl.java:1513) ~[?:?]
	at java.base/sun.security.ssl.SSLSocketImpl.readHandshakeRecord(SSLSocketImpl.java:1420) ~[?:?]
	at java.base/sun.security.ssl.SSLSocketImpl.startHandshake(SSLSocketImpl.java:455) ~[?:?]
	at java.base/sun.security.ssl.SSLSocketImpl.startHandshake(SSLSocketImpl.java:426) ~[?:?]
	at java.base/sun.net.www.protocol.https.HttpsClient.afterConnect(HttpsClient.java:593) ~[?:?]
	at java.base/sun.net.www.protocol.https.AbstractDelegateHttpsURLConnection.connect(AbstractDelegateHttpsURLConnection.java:190) ~[?:?]
	at java.base/sun.net.www.protocol.http.HttpURLConnection.getInputStream0(HttpURLConnection.java:1707) ~[?:?]
	at java.base/sun.net.www.protocol.http.HttpURLConnection.getInputStream(HttpURLConnection.java:1632) ~[?:?]
	at java.base/java.net.HttpURLConnection.getResponseCode(HttpURLConnection.java:531) ~[?:?]
	at java.base/sun.net.www.protocol.https.HttpsURLConnectionImpl.getResponseCode(HttpsURLConnectionImpl.java:307) ~[?:?]
	at MC-BOOTSTRAP/authlib@6.0.54/com.mojang.authlib.minecraft.client.MinecraftClient.readInputStream(MinecraftClient.java:84) ~[authlib-6.0.54.jar%2377!/:?]
	... 9 more
Caused by: java.io.EOFException: SSL peer shut down incorrectly
	at java.base/sun.security.ssl.SSLSocketInputRecord.read(SSLSocketInputRecord.java:494) ~[?:?]
	at java.base/sun.security.ssl.SSLSocketInputRecord.readHeader(SSLSocketInputRecord.java:483) ~[?:?]
	at java.base/sun.security.ssl.SSLSocketInputRecord.decode(SSLSocketInputRecord.java:160) ~[?:?]
	at java.base/sun.security.ssl.SSLTransport.decode(SSLTransport.java:111) ~[?:?]
	at java.base/sun.security.ssl.SSLSocketImpl.decode(SSLSocketImpl.java:1505) ~[?:?]
	at java.base/sun.security.ssl.SSLSocketImpl.readHandshakeRecord(SSLSocketImpl.java:1420) ~[?:?]
	at java.base/sun.security.ssl.SSLSocketImpl.startHandshake(SSLSocketImpl.java:455) ~[?:?]
	at java.base/sun.security.ssl.SSLSocketImpl.startHandshake(SSLSocketImpl.java:426) ~[?:?]
	at java.base/sun.net.www.protocol.https.HttpsClient.afterConnect(HttpsClient.java:593) ~[?:?]
	at java.base/sun.net.www.protocol.https.AbstractDelegateHttpsURLConnection.connect(AbstractDelegateHttpsURLConnection.java:190) ~[?:?]
	at java.base/sun.net.www.protocol.http.HttpURLConnection.getInputStream0(HttpURLConnection.java:1707) ~[?:?]
	at java.base/sun.net.www.protocol.http.HttpURLConnection.getInputStream(HttpURLConnection.java:1632) ~[?:?]
	at java.base/java.net.HttpURLConnection.getResponseCode(HttpURLConnection.java:531) ~[?:?]
	at java.base/sun.net.www.protocol.https.HttpsURLConnectionImpl.getResponseCode(HttpsURLConnectionImpl.java:307) ~[?:?]
	at MC-BOOTSTRAP/authlib@6.0.54/com.mojang.authlib.minecraft.client.MinecraftClient.readInputStream(MinecraftClient.java:84) ~[authlib-6.0.54.jar%2377!/:?]
	... 9 more
[09Oct2026 20:59:52.384] [main/INFO] [net.minecraft.server.Main/]: No existing world data, creating new world
[09Oct2026 20:59:52.560] [DLB-StructureLoader/INFO] [deepluckyblock.util.StructureTemplateCache/]: [STRUCT-CACHE] 'circus' : 730800 entree(s) au fichier -> 39084 bloc(s) a poser + 12 air interieur (691704 air exterieur JAMAIS materialise(s) = 94 %, lecture en flux 1604 ms, 80x105x87) -- T73
[09Oct2026 20:59:52.561] [DLB-StructureLoader/INFO] [deepluckyblock.util.StructureTemplateCache/]: [STRUCT-CACHE] 'circus' : positions lues X 0..79 Y 0..104 Z 0..86 (boite 80x105x87, 0 hors boite) -- T73b
[09Oct2026 20:59:52.561] [DLB-StructureLoader/INFO] [deepluckyblock.util.StructureTemplateCache/]: [STRUCT-CACHE] 'circus' : ~131 Mo de memoires NBT evitees, et 691704 entree(s) en moins sur le chemin de pose -- T73
[09Oct2026 20:59:52.561] [DLB-StructureLoader/INFO] [deepluckyblock.util.StructureTemplateCache/]: [STRUCT-CACHE] 'circus' TEMPLATE COMPLET chargé AU LANCEMENT DU JEU en 1682ms; prêt pour toutes les maps
[09Oct2026 20:59:52.968] [Worker-Main-1/INFO] [deepluckyblock.DeepLuckyBlockMod/]: [DLBTEST] commande prete : /dlbtest -> citadel, observatory, dragon, circus, ship, everest, crimsonlake | structure <nom|id> | list | water <status|freeze|thaw> | probe <x> <z> | luckybreak [nombre] (permission tout le monde (0))
[09Oct2026 20:59:53.654] [main/INFO] [net.minecraft.world.item.crafting.RecipeManager/]: Loaded 1320 recipes
[09Oct2026 20:59:54.194] [main/INFO] [net.minecraft.advancements.AdvancementTree/]: Loaded 1450 advancements
[09Oct2026 20:59:54.915] [DLB-StructureLoader/INFO] [deepluckyblock.util.StructureTemplateCache/]: [STRUCT-CACHE] 'shipdead' : 1700763 entree(s) au fichier -> 71883 bloc(s) a poser + 179 air interieur (1628701 air exterieur JAMAIS materialise(s) = 95 %, lecture en flux 2223 ms, 113x87x173) -- T73
[09Oct2026 20:59:54.917] [DLB-StructureLoader/INFO] [deepluckyblock.util.StructureTemplateCache/]: [STRUCT-CACHE] 'shipdead' : positions lues X 0..112 Y 0..86 Z 0..172 (boite 113x87x173, 0 hors boite) -- T73b
[09Oct2026 20:59:54.917] [DLB-StructureLoader/INFO] [deepluckyblock.util.StructureTemplateCache/]: [STRUCT-CACHE] 'shipdead' : ~310 Mo de memoires NBT evitees, et 1628701 entree(s) en moins sur le chemin de pose -- T73
[09Oct2026 20:59:54.917] [DLB-StructureLoader/INFO] [deepluckyblock.util.StructureTemplateCache/]: [STRUCT-CACHE] 'shipdead' TEMPLATE COMPLET chargé AU LANCEMENT DU JEU en 2356ms; prêt pour toutes les maps
[09Oct2026 20:59:55.018] [DLB-StructureLoader/INFO] [deepluckyblock.util.StructureTemplateCache/]: [STRUCT-CACHE] 'everest' : 52980 entree(s) au fichier -> 52980 bloc(s) a poser + 0 air interieur (0 air exterieur JAMAIS materialise(s) = 0 %, lecture en flux 63 ms, 174x123x278) -- T73
[09Oct2026 20:59:55.018] [DLB-StructureLoader/INFO] [deepluckyblock.util.StructureTemplateCache/]: [STRUCT-CACHE] 'everest' : positions lues X 0..173 Y 0..122 Z 0..277 (boite 174x123x278, 0 hors boite) -- T73b
[09Oct2026 20:59:55.019] [DLB-StructureLoader/INFO] [deepluckyblock.util.StructureTemplateCache/]: [STRUCT-CACHE] 'everest' TEMPLATE COMPLET chargé AU LANCEMENT DU JEU en 98ms; prêt pour toutes les maps
[09Oct2026 20:59:55.136] [Server thread/INFO] [net.minecraft.server.dedicated.DedicatedServer/]: Starting minecraft server version 1.21.1
[09Oct2026 20:59:55.136] [Server thread/INFO] [net.minecraft.server.dedicated.DedicatedServer/]: Loading properties
[09Oct2026 20:59:55.136] [Server thread/INFO] [net.minecraft.server.dedicated.DedicatedServer/]: Default game type: SURVIVAL
[09Oct2026 20:59:55.136] [Server thread/INFO] [net.minecraft.server.MinecraftServer/]: Generating keypair
[09Oct2026 20:59:55.348] [Server thread/INFO] [net.minecraft.server.dedicated.DedicatedServer/]: Starting Minecraft server on *:25565
[09Oct2026 20:59:55.446] [Server thread/INFO] [net.minecraft.server.network.ServerConnectionListener/]: Using epoll channel type
[09Oct2026 20:59:55.531] [Server thread/WARN] [net.minecraft.server.dedicated.DedicatedServer/]: **** SERVER IS RUNNING IN OFFLINE/INSECURE MODE!
[09Oct2026 20:59:55.531] [Server thread/WARN] [net.minecraft.server.dedicated.DedicatedServer/]: The server will make no attempt to authenticate usernames. Beware.
[09Oct2026 20:59:55.531] [Server thread/WARN] [net.minecraft.server.dedicated.DedicatedServer/]: While this makes the game possible to play without internet access, it also opens up the ability for hackers to connect with any username they choose.
[09Oct2026 20:59:55.531] [Server thread/WARN] [net.minecraft.server.dedicated.DedicatedServer/]: To change this, set "online-mode" to "true" in the server.properties file.
[09Oct2026 20:59:55.614] [Server thread/INFO] [net.minecraft.server.dedicated.DedicatedServer/]: Preparing level "world"
[09Oct2026 20:59:57.248] [DLB-StructureLoader/INFO] [deepluckyblock.util.StructureTemplateCache/]: [STRUCT-CACHE] 'citadel' : 2114112 entree(s) au fichier -> 105276 bloc(s) a poser + 9329 air interieur (1999507 air exterieur JAMAIS materialise(s) = 94 %, lecture en flux 2174 ms, 104x242x84) -- T73
[09Oct2026 20:59:57.249] [DLB-StructureLoader/INFO] [deepluckyblock.util.StructureTemplateCache/]: [STRUCT-CACHE] 'citadel' : positions lues X 0..103 Y 0..241 Z 0..83 (boite 104x242x84, 0 hors boite) -- T73b
[09Oct2026 20:59:57.249] [DLB-StructureLoader/INFO] [deepluckyblock.util.StructureTemplateCache/]: [STRUCT-CACHE] 'citadel' : ~381 Mo de memoires NBT evitees, et 1999507 entree(s) en moins sur le chemin de pose -- T73
[09Oct2026 20:59:57.249] [DLB-StructureLoader/INFO] [deepluckyblock.util.StructureTemplateCache/]: [STRUCT-CACHE] 'citadel' TEMPLATE COMPLET chargé AU LANCEMENT DU JEU en 2230ms; prêt pour toutes les maps
[09Oct2026 20:59:57.473] [DLB-StructureLoader/INFO] [deepluckyblock.util.StructureTemplateCache/]: [STRUCT-CACHE] 'observatory' : 267036 entree(s) au fichier -> 15450 bloc(s) a poser + 75 air interieur (251511 air exterieur JAMAIS materialise(s) = 94 %, lecture en flux 214 ms, 68x77x51) -- T73
[09Oct2026 20:59:57.473] [DLB-StructureLoader/INFO] [deepluckyblock.util.StructureTemplateCache/]: [STRUCT-CACHE] 'observatory' : positions lues X 0..67 Y 0..76 Z 0..50 (boite 68x77x51, 0 hors boite) -- T73b
[09Oct2026 20:59:57.473] [DLB-StructureLoader/INFO] [deepluckyblock.util.StructureTemplateCache/]: [STRUCT-CACHE] 'observatory' : ~47 Mo de memoires NBT evitees, et 251511 entree(s) en moins sur le chemin de pose -- T73
[09Oct2026 20:59:57.473] [DLB-StructureLoader/INFO] [deepluckyblock.util.StructureTemplateCache/]: [STRUCT-CACHE] 'observatory' TEMPLATE COMPLET chargé AU LANCEMENT DU JEU en 224ms; prêt pour toutes les maps
[09Oct2026 20:59:58.072] [DLB-StructureLoader/INFO] [deepluckyblock.util.StructureTemplateCache/]: [STRUCT-CACHE] 'dragon' : 803505 entree(s) au fichier -> 75484 bloc(s) a poser + 392 air interieur (727629 air exterieur JAMAIS materialise(s) = 90 %, lecture en flux 580 ms, 69x137x85) -- T73
[09Oct2026 20:59:58.072] [DLB-StructureLoader/INFO] [deepluckyblock.util.StructureTemplateCache/]: [STRUCT-CACHE] 'dragon' : positions lues X 0..68 Y 0..136 Z 0..84 (boite 69x137x85, 0 hors boite) -- T73b
[09Oct2026 20:59:58.072] [DLB-StructureLoader/INFO] [deepluckyblock.util.StructureTemplateCache/]: [STRUCT-CACHE] 'dragon' : ~138 Mo de memoires NBT evitees, et 727629 entree(s) en moins sur le chemin de pose -- T73
[09Oct2026 20:59:58.072] [DLB-StructureLoader/INFO] [deepluckyblock.util.StructureTemplateCache/]: [STRUCT-CACHE] 'dragon' TEMPLATE COMPLET chargé AU LANCEMENT DU JEU en 599ms; prêt pour toutes les maps
[09Oct2026 21:00:02.696] [DLB-StructureLoader/INFO] [deepluckyblock.util.StructureTemplateCache/]: [STRUCT-CACHE] 'crimsonlake' : 1366835 entree(s) -> 1359489 VRAI bloc(s) + 5 air interieur (7341 air exterieur ignore(s) = 0 %, ~1 Mo de memoire evites, template vanilla allege) -- T73
[09Oct2026 21:00:02.704] [DLB-StructureLoader/INFO] [deepluckyblock.util.StructureTemplateCache/]: [STRUCT-CACHE] 'crimsonlake' TEMPLATE COMPLET chargé AU LANCEMENT DU JEU en 4631ms; prêt pour toutes les maps
[09Oct2026 21:00:02.721] [DLB-StructureLoader/INFO] [deepluckyblock.util.StructureTemplateCache/]: [STRUCT-CACHE] 'sand_hourglass' : 3825 entree(s) -> 838 VRAI bloc(s) + 123 air interieur (2864 air exterieur ignore(s) = 74 %, ~0 Mo de memoire evites, template vanilla allege) -- T73
[09Oct2026 21:00:02.721] [DLB-StructureLoader/INFO] [deepluckyblock.util.StructureTemplateCache/]: [STRUCT-CACHE] 'sand_hourglass' TEMPLATE COMPLET chargé AU LANCEMENT DU JEU en 17ms; prêt pour toutes les maps
[09Oct2026 21:00:08.803] [Server thread/INFO] [net.minecraft.server.MinecraftServer/]: Preparing start region for dimension minecraft:overworld
[09Oct2026 21:00:08.858] [worldgen/INFO] [net.minecraft.server.level.progress.LoggerChunkProgressListener/]: Preparing spawn area: 2%
[09Oct2026 21:00:09.426] [worldgen/INFO] [net.minecraft.server.level.progress.LoggerChunkProgressListener/]: Preparing spawn area: 2%
[09Oct2026 21:00:09.877] [worldgen/INFO] [net.minecraft.server.level.progress.LoggerChunkProgressListener/]: Preparing spawn area: 2%
[09Oct2026 21:00:10.310] [worldgen/INFO] [net.minecraft.server.level.progress.LoggerChunkProgressListener/]: Preparing spawn area: 2%
[09Oct2026 21:00:10.867] [worldgen/INFO] [net.minecraft.server.level.progress.LoggerChunkProgressListener/]: Preparing spawn area: 2%
[09Oct2026 21:00:11.309] [worldgen/INFO] [net.minecraft.server.level.progress.LoggerChunkProgressListener/]: Preparing spawn area: 2%
[09Oct2026 21:00:11.833] [worldgen/INFO] [net.minecraft.server.level.progress.LoggerChunkProgressListener/]: Preparing spawn area: 2%
[09Oct2026 21:00:12.308] [worldgen/INFO] [net.minecraft.server.level.progress.LoggerChunkProgressListener/]: Preparing spawn area: 2%
[09Oct2026 21:00:13.729] [worldgen/INFO] [net.minecraft.server.level.progress.LoggerChunkProgressListener/]: Preparing spawn area: 2%
[09Oct2026 21:00:13.731] [worldgen/INFO] [net.minecraft.server.level.progress.LoggerChunkProgressListener/]: Preparing spawn area: 2%
[09Oct2026 21:00:13.813] [worldgen/INFO] [net.minecraft.server.level.progress.LoggerChunkProgressListener/]: Preparing spawn area: 2%
[09Oct2026 21:00:14.347] [worldgen/INFO] [net.minecraft.server.level.progress.LoggerChunkProgressListener/]: Preparing spawn area: 2%
[09Oct2026 21:00:14.820] [worldgen/INFO] [net.minecraft.server.level.progress.LoggerChunkProgressListener/]: Preparing spawn area: 2%
[09Oct2026 21:00:15.341] [worldgen/INFO] [net.minecraft.server.level.progress.LoggerChunkProgressListener/]: Preparing spawn area: 2%
[09Oct2026 21:00:15.812] [worldgen/INFO] [net.minecraft.server.level.progress.LoggerChunkProgressListener/]: Preparing spawn area: 2%
[09Oct2026 21:00:16.498] [Server thread/INFO] [net.minecraft.server.level.progress.LoggerChunkProgressListener/]: Time elapsed: 7693 ms
[09Oct2026 21:00:16.499] [Server thread/INFO] [net.minecraft.server.dedicated.DedicatedServer/]: Done (20.955s)! For help, type "help"
[09Oct2026 21:00:16.499] [Server thread/INFO] [net.minecraft.server.dedicated.DedicatedServer/]: Starting remote control listener
[09Oct2026 21:00:16.502] [Server thread/INFO] [net.minecraft.server.rcon.thread.GenericThread/]: Thread RCON Listener started
[09Oct2026 21:00:16.502] [Server thread/INFO] [net.minecraft.server.rcon.thread.RconThread/]: RCON running on 0.0.0.0:25575
[09Oct2026 21:00:16.542] [Server thread/INFO] [net.neoforged.neoforge.gametest.GameTestHooks/]: Enabled Gametest Namespaces: []
[09Oct2026 21:00:16.547] [Server thread/INFO] [net.neoforged.neoforge.server.permission.PermissionAPI/]: Successfully initialized permission handler neoforge:default_handler
[09Oct2026 21:00:16.595] [Server thread/INFO] [deepluckyblock.util.StructureTemplateCache/]: [STRUCT-CACHE] Préchargement des décors : 153/153 en 45ms. Grosses structures déjà entièrement matérialisées au lancement : 8/8.
[09Oct2026 21:00:16.595] [Server thread/INFO] [deepluckyblock.util.StructureTemplateStartupPreloader/]: [DLB-T148] préchargement de démarrage : 0/8 template(s) mis en file; lecture unique asynchrone, cache conservé pour toute la session
[09Oct2026 21:00:17.488] [RCON Listener #1/INFO] [net.minecraft.server.rcon.thread.GenericThread/]: Thread RCON Client /127.0.0.1 started
[09Oct2026 21:00:31.987] [Server thread/INFO] [net.minecraft.server.MinecraftServer/]: [Rcon: Marked 81 chunks in Overworld from [59, -16] to [67, -8] to be force loaded]
[09Oct2026 21:00:31.991] [Server thread/WARN] [net.minecraft.server.MinecraftServer/]: Can't keep up! Is the server overloaded? Running 14495ms or 289 ticks behind
[09Oct2026 21:00:40.388] [Server thread/INFO] [net.minecraft.server.MinecraftServer/]: [Rcon: Marked 72 chunks in Overworld from [67, -16] to [75, -8] to be force loaded]
[09Oct2026 21:00:50.053] [Server thread/INFO] [net.minecraft.server.MinecraftServer/]: [Rcon: Marked 72 chunks in Overworld from [75, -16] to [83, -8] to be force loaded]
[09Oct2026 21:00:50.860] [Server thread/WARN] [net.minecraft.server.MinecraftServer/]: Can't keep up! Is the server overloaded? Running 3914ms or 78 ticks behind
[09Oct2026 21:00:58.971] [Server thread/INFO] [net.minecraft.server.MinecraftServer/]: [Rcon: Marked 72 chunks in Overworld from [83, -16] to [91, -8] to be force loaded]
[09Oct2026 21:01:07.670] [Server thread/INFO] [net.minecraft.server.MinecraftServer/]: [Rcon: Marked 72 chunks in Overworld from [59, -8] to [67, 0] to be force loaded]
[09Oct2026 21:01:08.119] [Server thread/WARN] [net.minecraft.server.MinecraftServer/]: Can't keep up! Is the server overloaded? Running 2273ms or 45 ticks behind
[09Oct2026 21:01:12.737] [Server thread/INFO] [net.minecraft.server.MinecraftServer/]: [Rcon: Marked 64 chunks in Overworld from [67, -8] to [75, 0] to be force loaded]
[09Oct2026 21:01:17.593] [Server thread/INFO] [net.minecraft.server.MinecraftServer/]: [Rcon: Marked 64 chunks in Overworld from [75, -8] to [83, 0] to be force loaded]
[09Oct2026 21:01:23.178] [Server thread/INFO] [net.minecraft.server.MinecraftServer/]: [Rcon: Marked 64 chunks in Overworld from [83, -8] to [91, 0] to be force loaded]
[09Oct2026 21:01:32.105] [Server thread/INFO] [net.minecraft.server.MinecraftServer/]: [Rcon: Marked 72 chunks in Overworld from [59, 0] to [67, 8] to be force loaded]
[09Oct2026 21:01:32.107] [Server thread/WARN] [net.minecraft.server.MinecraftServer/]: Can't keep up! Is the server overloaded? Running 6911ms or 138 ticks behind
[09Oct2026 21:01:37.282] [Server thread/INFO] [net.minecraft.server.MinecraftServer/]: [Rcon: Marked 64 chunks in Overworld from [67, 0] to [75, 8] to be force loaded]
[09Oct2026 21:01:42.305] [Server thread/INFO] [net.minecraft.server.MinecraftServer/]: [Rcon: Marked 64 chunks in Overworld from [75, 0] to [83, 8] to be force loaded]
[09Oct2026 21:01:47.129] [Server thread/INFO] [net.minecraft.server.MinecraftServer/]: [Rcon: Marked 64 chunks in Overworld from [83, 0] to [91, 8] to be force loaded]
[09Oct2026 21:01:57.320] [Server thread/INFO] [net.minecraft.server.MinecraftServer/]: [Rcon: Marked 72 chunks in Overworld from [59, 8] to [67, 16] to be force loaded]
[09Oct2026 21:01:57.331] [Server thread/WARN] [net.minecraft.server.MinecraftServer/]: Can't keep up! Is the server overloaded? Running 8185ms or 163 ticks behind
[09Oct2026 21:02:04.147] [Server thread/INFO] [net.minecraft.server.MinecraftServer/]: [Rcon: Marked 64 chunks in Overworld from [67, 8] to [75, 16] to be force loaded]
[09Oct2026 21:02:09.235] [Server thread/INFO] [net.minecraft.server.MinecraftServer/]: [Rcon: Marked 64 chunks in Overworld from [75, 8] to [83, 16] to be force loaded]
[09Oct2026 21:02:13.909] [Server thread/INFO] [net.minecraft.server.MinecraftServer/]: [Rcon: Marked 64 chunks in Overworld from [83, 8] to [91, 16] to be force loaded]
[09Oct2026 21:04:46.015] [Server thread/INFO] [deepluckyblock.DeepLuckyBlockMod/]: [DLBTEST] dragon demandee a 1200, 70, 0 (id=2, nbt=dragon, joueur factice)
[09Oct2026 21:04:46.017] [Server thread/INFO] [deepluckyblock.procedures.Structures5Procedure/]: [STRUCT5] execute() ID=2, origin=1200, 70, 0
[09Oct2026 21:04:46.017] [Server thread/INFO] [deepluckyblock.procedures.Structures5Procedure/]: [STRUCT5] === PASTE dragon === off=[10,-34,10] dist=0 facing=west
[09Oct2026 21:04:46.031] [Server thread/INFO] [deepluckyblock.procedures.Structures5Procedure/]: [STRUCT5-FLAT] grille de scoring : 43x43 cellules (1849 connues) en 14 ms -- T59/T62 (602 recherche(s) de chunk, dont 0 ayant attendu >2 ms, 1 ms au total)
[09Oct2026 21:04:46.039] [Server thread/INFO] [deepluckyblock.procedures.Structures5Procedure/]: [STRUCT5-FLAT] scoring termine : 9 candidat(s) en 5 ms (joueur 0 ms, emprises 0 ms, mesures terrain 5 ms) -- T57
[09Oct2026 21:04:46.040] [Server thread/INFO] [deepluckyblock.procedures.Structures5Procedure/]: [STRUCT5-FLAT] 1831 candidat(s) ecarte(s) : surface en EAU (un lac est plat mais inconstructible) -- T75
[09Oct2026 21:04:46.103] [Server thread/INFO] [deepluckyblock.procedures.Structures5Procedure/]: [STRUCT5-FLAT] aucun centre x0,6 conforme (relief <= 10, eau=0) -- nouvelle couronne jusqu'a 64 blocs; reprise asynchrone
[09Oct2026 21:04:46.115] [Server thread/INFO] [deepluckyblock.procedures.Structures5Procedure/]: [STRUCT5] === PASTE dragon === off=[10,-34,10] dist=0 facing=west
[09Oct2026 21:04:46.122] [Server thread/INFO] [deepluckyblock.procedures.Structures5Procedure/]: [STRUCT5-FLAT] grille de scoring : 69x69 cellules (4761 connues) en 7 ms -- T59/T62 (4961 recherche(s) de chunk, dont 0 ayant attendu >2 ms, 3 ms au total)
[09Oct2026 21:04:46.133] [Server thread/INFO] [deepluckyblock.procedures.Structures5Procedure/]: [STRUCT5-FLAT] scoring termine : 994 candidat(s) en 6 ms (joueur 1 ms, emprises 0 ms, mesures terrain 5 ms) -- T57
[09Oct2026 21:04:46.133] [Server thread/INFO] [deepluckyblock.procedures.Structures5Procedure/]: [STRUCT5-FLAT] 1918 candidat(s) ecarte(s) : surface en EAU (un lac est plat mais inconstructible) -- T75
[09Oct2026 21:04:46.238] [Server thread/INFO] [deepluckyblock.procedures.Structures5Procedure/]: [STRUCT5-FLAT] tranche 100ms terminée après 17 candidat(s); 977 restent dans CE MÊME cercle
[09Oct2026 21:04:46.245] [Server thread/INFO] [deepluckyblock.procedures.Structures5Procedure/]: [STRUCT5] === PASTE dragon === off=[10,-34,10] dist=0 facing=west
[09Oct2026 21:04:46.252] [Server thread/INFO] [deepluckyblock.procedures.Structures5Procedure/]: [STRUCT5-FLAT] grille de scoring : 69x69 cellules (4761 connues) en 7 ms -- T59/T62 (17488 recherche(s) de chunk, dont 0 ayant attendu >2 ms, 8 ms au total)
[09Oct2026 21:04:46.260] [Server thread/INFO] [deepluckyblock.procedures.Structures5Procedure/]: [STRUCT5-FLAT] scoring termine : 977 candidat(s) en 4 ms (joueur 1 ms, emprises 0 ms, mesures terrain 3 ms) -- T57
[09Oct2026 21:04:46.260] [Server thread/INFO] [deepluckyblock.procedures.Structures5Procedure/]: [STRUCT5-FLAT] 1918 candidat(s) ecarte(s) : surface en EAU (un lac est plat mais inconstructible) -- T75
[09Oct2026 21:04:46.366] [Server thread/INFO] [deepluckyblock.procedures.Structures5Procedure/]: [STRUCT5-FLAT] tranche 100ms terminée après 20 candidat(s); 957 restent dans CE MÊME cercle
[09Oct2026 21:04:46.371] [Server thread/INFO] [deepluckyblock.procedures.Structures5Procedure/]: [STRUCT5] === PASTE dragon === off=[10,-34,10] dist=0 facing=west
[09Oct2026 21:04:46.377] [Server thread/INFO] [deepluckyblock.procedures.Structures5Procedure/]: [STRUCT5-FLAT] grille de scoring : 69x69 cellules (4761 connues) en 5 ms -- T59/T62 (30551 recherche(s) de chunk, dont 0 ayant attendu >2 ms, 11 ms au total)
[09Oct2026 21:04:46.382] [Server thread/INFO] [deepluckyblock.procedures.Structures5Procedure/]: [STRUCT5-FLAT] scoring termine : 957 candidat(s) en 4 ms (joueur 1 ms, emprises 1 ms, mesures terrain 2 ms) -- T57
[09Oct2026 21:04:46.382] [Server thread/INFO] [deepluckyblock.procedures.Structures5Procedure/]: [STRUCT5-FLAT] 1918 candidat(s) ecarte(s) : surface en EAU (un lac est plat mais inconstructible) -- T75
[09Oct2026 21:04:46.485] [Server thread/INFO] [deepluckyblock.procedures.Structures5Procedure/]: [STRUCT5-FLAT] tranche 100ms terminée après 24 candidat(s); 933 restent dans CE MÊME cercle
[09Oct2026 21:04:46.491] [Server thread/INFO] [deepluckyblock.procedures.Structures5Procedure/]: [STRUCT5] === PASTE dragon === off=[10,-34,10] dist=0 facing=west
[09Oct2026 21:04:46.496] [Server thread/INFO] [deepluckyblock.procedures.Structures5Procedure/]: [STRUCT5-FLAT] grille de scoring : 69x69 cellules (4761 connues) en 5 ms -- T59/T62 (43781 recherche(s) de chunk, dont 0 ayant attendu >2 ms, 12 ms au total)
[09Oct2026 21:04:46.501] [Server thread/INFO] [deepluckyblock.procedures.Structures5Procedure/]: [STRUCT5-FLAT] scoring termine : 933 candidat(s) en 1 ms (joueur 1 ms, emprises 0 ms, mesures terrain 0 ms) -- T57
[09Oct2026 21:04:46.501] [Server thread/INFO] [deepluckyblock.procedures.Structures5Procedure/]: [STRUCT5-FLAT] 1918 candidat(s) ecarte(s) : surface en EAU (un lac est plat mais inconstructible) -- T75
[09Oct2026 21:04:46.603] [Server thread/INFO] [deepluckyblock.procedures.Structures5Procedure/]: [STRUCT5-FLAT] tranche 100ms terminée après 18 candidat(s); 915 restent dans CE MÊME cercle
[09Oct2026 21:04:46.608] [Server thread/INFO] [deepluckyblock.procedures.Structures5Procedure/]: [STRUCT5] === PASTE dragon === off=[10,-34,10] dist=0 facing=west
[09Oct2026 21:04:46.614] [Server thread/INFO] [deepluckyblock.procedures.Structures5Procedure/]: [STRUCT5-FLAT] grille de scoring : 69x69 cellules (4761 connues) en 5 ms -- T59/T62 (57101 recherche(s) de chunk, dont 0 ayant attendu >2 ms, 14 ms au total)
[09Oct2026 21:04:46.617] [Server thread/INFO] [deepluckyblock.procedures.Structures5Procedure/]: [STRUCT5-FLAT] scoring termine : 915 candidat(s) en 1 ms (joueur 0 ms, emprises 0 ms, mesures terrain 1 ms) -- T57
[09Oct2026 21:04:46.617] [Server thread/INFO] [deepluckyblock.procedures.Structures5Procedure/]: [STRUCT5-FLAT] 1918 candidat(s) ecarte(s) : surface en EAU (un lac est plat mais inconstructible) -- T75
[09Oct2026 21:04:46.725] [Server thread/INFO] [deepluckyblock.procedures.Structures5Procedure/]: [STRUCT5-FLAT] tranche 100ms terminée après 15 candidat(s); 900 restent dans CE MÊME cercle
[09Oct2026 21:04:46.730] [Server thread/INFO] [deepluckyblock.procedures.Structures5Procedure/]: [STRUCT5] === PASTE dragon === off=[10,-34,10] dist=0 facing=west
[09Oct2026 21:04:46.735] [Server thread/INFO] [deepluckyblock.procedures.Structures5Procedure/]: [STRUCT5-FLAT] grille de scoring : 69x69 cellules (4761 connues) en 4 ms -- T59/T62 (70362 recherche(s) de chunk, dont 0 ayant attendu >2 ms, 16 ms au total)
[09Oct2026 21:04:46.738] [Server thread/INFO] [deepluckyblock.procedures.Structures5Procedure/]: [STRUCT5-FLAT] scoring termine : 900 candidat(s) en 2 ms (joueur 0 ms, emprises 0 ms, mesures terrain 2 ms) -- T57
[09Oct2026 21:04:46.738] [Server thread/INFO] [deepluckyblock.procedures.Structures5Procedure/]: [STRUCT5-FLAT] 1918 candidat(s) ecarte(s) : surface en EAU (un lac est plat mais inconstructible) -- T75
[09Oct2026 21:04:46.840] [Server thread/INFO] [deepluckyblock.procedures.Structures5Procedure/]: [STRUCT5-FLAT] tranche 100ms terminée après 15 candidat(s); 885 restent dans CE MÊME cercle
[09Oct2026 21:04:46.845] [Server thread/INFO] [deepluckyblock.procedures.Structures5Procedure/]: [STRUCT5] === PASTE dragon === off=[10,-34,10] dist=0 facing=west
[09Oct2026 21:04:46.850] [Server thread/INFO] [deepluckyblock.procedures.Structures5Procedure/]: [STRUCT5-FLAT] grille de scoring : 69x69 cellules (4761 connues) en 5 ms -- T59/T62 (83014 recherche(s) de chunk, dont 0 ayant attendu >2 ms, 18 ms au total)
[09Oct2026 21:04:46.853] [Server thread/INFO] [deepluckyblock.procedures.Structures5Procedure/]: [STRUCT5-FLAT] scoring termine : 885 candidat(s) en 2 ms (joueur 0 ms, emprises 0 ms, mesures terrain 2 ms) -- T57
[09Oct2026 21:04:46.853] [Server thread/INFO] [deepluckyblock.procedures.Structures5Procedure/]: [STRUCT5-FLAT] 1918 candidat(s) ecarte(s) : surface en EAU (un lac est plat mais inconstructible) -- T75
[09Oct2026 21:04:46.961] [Server thread/INFO] [deepluckyblock.procedures.Structures5Procedure/]: [STRUCT5-FLAT] tranche 100ms terminée après 17 candidat(s); 868 restent dans CE MÊME cercle
[09Oct2026 21:04:46.967] [Server thread/INFO] [deepluckyblock.procedures.Structures5Procedure/]: [STRUCT5] === PASTE dragon === off=[10,-34,10] dist=0 facing=west
[09Oct2026 21:04:46.979] [Server thread/INFO] [deepluckyblock.procedures.Structures5Procedure/]: [STRUCT5-FLAT] grille de scoring : 69x69 cellules (4761 connues) en 12 ms -- T59/T62 (95004 recherche(s) de chunk, dont 0 ayant attendu >2 ms, 20 ms au total)
[09Oct2026 21:04:46.982] [Server thread/INFO] [deepluckyblock.procedures.Structures5Procedure/]: [STRUCT5-FLAT] scoring termine : 868 candidat(s) en 2 ms (joueur 0 ms, emprises 2 ms, mesures terrain 0 ms) -- T57
[09Oct2026 21:04:46.982] [Server thread/INFO] [deepluckyblock.procedures.Structures5Procedure/]: [STRUCT5-FLAT] 1918 candidat(s) ecarte(s) : surface en EAU (un lac est plat mais inconstructible) -- T75
[09Oct2026 21:04:47.087] [Server thread/INFO] [deepluckyblock.procedures.Structures5Procedure/]: [STRUCT5-FLAT] tranche 100ms terminée après 13 candidat(s); 855 restent dans CE MÊME cercle
[09Oct2026 21:04:47.093] [Server thread/INFO] [deepluckyblock.procedures.Structures5Procedure/]: [STRUCT5] === PASTE dragon === off=[10,-34,10] dist=0 facing=west
[09Oct2026 21:04:47.098] [Server thread/INFO] [deepluckyblock.procedures.Structures5Procedure/]: [STRUCT5-FLAT] grille de scoring : 69x69 cellules (4761 connues) en 5 ms -- T59/T62 (105995 recherche(s) de chunk, dont 0 ayant attendu >2 ms, 22 ms au total)
[09Oct2026 21:04:47.102] [Server thread/INFO] [deepluckyblock.procedures.Structures5Procedure/]: [STRUCT5-FLAT] scoring termine : 855 candidat(s) en 1 ms (joueur 0 ms, emprises 0 ms, mesures terrain 1 ms) -- T57
[09Oct2026 21:04:47.102] [Server thread/INFO] [deepluckyblock.procedures.Structures5Procedure/]: [STRUCT5-FLAT] 1918 candidat(s) ecarte(s) : surface en EAU (un lac est plat mais inconstructible) -- T75
[09Oct2026 21:04:47.204] [Server thread/INFO] [deepluckyblock.procedures.Structures5Procedure/]: [STRUCT5-FLAT] tranche 100ms terminée après 18 candidat(s); 837 restent dans CE MÊME cercle
[09Oct2026 21:04:47.212] [Server thread/INFO] [deepluckyblock.procedures.Structures5Procedure/]: [STRUCT5] === PASTE dragon === off=[10,-34,10] dist=0 facing=west
[09Oct2026 21:04:47.220] [Server thread/INFO] [deepluckyblock.procedures.Structures5Procedure/]: [STRUCT5-FLAT] grille de scoring : 69x69 cellules (4761 connues) en 8 ms -- T59/T62 (118358 recherche(s) de chunk, dont 0 ayant attendu >2 ms, 24 ms au total)
[09Oct2026 21:04:47.223] [Server thread/INFO] [deepluckyblock.procedures.Structures5Procedure/]: [STRUCT5-FLAT] scoring termine : 837 candidat(s) en 1 ms (joueur 0 ms, emprises 0 ms, mesures terrain 1 ms) -- T57
[09Oct2026 21:04:47.224] [Server thread/INFO] [deepluckyblock.procedures.Structures5Procedure/]: [STRUCT5-FLAT] 1918 candidat(s) ecarte(s) : surface en EAU (un lac est plat mais inconstructible) -- T75
[09Oct2026 21:04:47.330] [Server thread/INFO] [deepluckyblock.procedures.Structures5Procedure/]: [STRUCT5-FLAT] tranche 100ms terminée après 11 candidat(s); 826 restent dans CE MÊME cercle
[09Oct2026 21:04:47.337] [Server thread/INFO] [deepluckyblock.procedures.Structures5Procedure/]: [STRUCT5] === PASTE dragon === off=[10,-34,10] dist=0 facing=west
[09Oct2026 21:04:47.342] [Server thread/INFO] [deepluckyblock.procedures.Structures5Procedure/]: [STRUCT5-FLAT] grille de scoring : 69x69 cellules (4761 connues) en 5 ms -- T59/T62 (128834 recherche(s) de chunk, dont 0 ayant attendu >2 ms, 26 ms au total)
[09Oct2026 21:04:47.344] [Server thread/INFO] [deepluckyblock.procedures.Structures5Procedure/]: [STRUCT5-FLAT] scoring termine : 826 candidat(s) en 2 ms (joueur 0 ms, emprises 0 ms, mesures terrain 2 ms) -- T57
[09Oct2026 21:04:47.344] [Server thread/INFO] [deepluckyblock.procedures.Structures5Procedure/]: [STRUCT5-FLAT] 1918 candidat(s) ecarte(s) : surface en EAU (un lac est plat mais inconstructible) -- T75
[09Oct2026 21:04:47.445] [Server thread/INFO] [deepluckyblock.procedures.Structures5Procedure/]: [STRUCT5-FLAT] tranche 100ms terminée après 15 candidat(s); 811 restent dans CE MÊME cercle
[09Oct2026 21:04:47.451] [Server thread/INFO] [deepluckyblock.procedures.Structures5Procedure/]: [STRUCT5] === PASTE dragon === off=[10,-34,10] dist=0 facing=west
[09Oct2026 21:04:47.455] [Server thread/INFO] [deepluckyblock.procedures.Structures5Procedure/]: [STRUCT5-FLAT] grille de scoring : 69x69 cellules (4761 connues) en 4 ms -- T59/T62 (140835 recherche(s) de chunk, dont 0 ayant attendu >2 ms, 28 ms au total)
[09Oct2026 21:04:47.458] [Server thread/INFO] [deepluckyblock.procedures.Structures5Procedure/]: [STRUCT5-FLAT] scoring termine : 811 candidat(s) en 1 ms (joueur 0 ms, emprises 0 ms, mesures terrain 1 ms) -- T57
[09Oct2026 21:04:47.458] [Server thread/INFO] [deepluckyblock.procedures.Structures5Procedure/]: [STRUCT5-FLAT] 1918 candidat(s) ecarte(s) : surface en EAU (un lac est plat mais inconstructible) -- T75
[09Oct2026 21:04:47.565] [Server thread/INFO] [deepluckyblock.procedures.Structures5Procedure/]: [STRUCT5-FLAT] tranche 100ms terminée après 14 candidat(s); 797 restent dans CE MÊME cercle
[09Oct2026 21:04:47.571] [Server thread/INFO] [deepluckyblock.procedures.Structures5Procedure/]: [STRUCT5] === PASTE dragon === off=[10,-34,10] dist=0 facing=west
[09Oct2026 21:04:47.576] [Server thread/INFO] [deepluckyblock.procedures.Structures5Procedure/]: [STRUCT5-FLAT] grille de scoring : 69x69 cellules (4761 connues) en 5 ms -- T59/T62 (153761 recherche(s) de chunk, dont 0 ayant attendu >2 ms, 30 ms au total)
[09Oct2026 21:04:47.579] [Server thread/INFO] [deepluckyblock.procedures.Structures5Procedure/]: [STRUCT5-FLAT] scoring termine : 797 candidat(s) en 1 ms (joueur 0 ms, emprises 0 ms, mesures terrain 1 ms) -- T57
[09Oct2026 21:04:47.579] [Server thread/INFO] [deepluckyblock.procedures.Structures5Procedure/]: [STRUCT5-FLAT] 1918 candidat(s) ecarte(s) : surface en EAU (un lac est plat mais inconstructible) -- T75
[09Oct2026 21:04:47.681] [Server thread/INFO] [deepluckyblock.procedures.Structures5Procedure/]: [STRUCT5-FLAT] tranche 100ms terminée après 15 candidat(s); 782 restent dans CE MÊME cercle
[09Oct2026 21:04:47.686] [Server thread/INFO] [deepluckyblock.procedures.Structures5Procedure/]: [STRUCT5] === PASTE dragon === off=[10,-34,10] dist=0 facing=west
[09Oct2026 21:04:47.691] [Server thread/INFO] [deepluckyblock.procedures.Structures5Procedure/]: [STRUCT5-FLAT] grille de scoring : 69x69 cellules (4761 connues) en 5 ms -- T59/T62 (166114 recherche(s) de chunk, dont 0 ayant attendu >2 ms, 32 ms au total)
[09Oct2026 21:04:47.694] [Server thread/INFO] [deepluckyblock.procedures.Structures5Procedure/]: [STRUCT5-FLAT] scoring termine : 782 candidat(s) en 2 ms (joueur 0 ms, emprises 0 ms, mesures terrain 2 ms) -- T57
[09Oct2026 21:04:47.694] [Server thread/INFO] [deepluckyblock.procedures.Structures5Procedure/]: [STRUCT5-FLAT] 1918 candidat(s) ecarte(s) : surface en EAU (un lac est plat mais inconstructible) -- T75
[09Oct2026 21:04:47.802] [Server thread/INFO] [deepluckyblock.procedures.Structures5Procedure/]: [STRUCT5-FLAT] tranche 100ms terminée après 15 candidat(s); 767 restent dans CE MÊME cercle
[09Oct2026 21:04:47.807] [Server thread/INFO] [deepluckyblock.procedures.Structures5Procedure/]: [STRUCT5] === PASTE dragon === off=[10,-34,10] dist=0 facing=west
[09Oct2026 21:04:47.812] [Server thread/INFO] [deepluckyblock.procedures.Structures5Procedure/]: [STRUCT5-FLAT] grille de scoring : 69x69 cellules (4761 connues) en 5 ms -- T59/T62 (179481 recherche(s) de chunk, dont 0 ayant attendu >2 ms, 33 ms au total)
[09Oct2026 21:04:47.814] [Server thread/INFO] [deepluckyblock.procedures.Structures5Procedure/]: [STRUCT5-FLAT] scoring termine : 767 candidat(s) en 2 ms (joueur 0 ms, emprises 0 ms, mesures terrain 2 ms) -- T57
[09Oct2026 21:04:47.814] [Server thread/INFO] [deepluckyblock.procedures.Structures5Procedure/]: [STRUCT5-FLAT] 1918 candidat(s) ecarte(s) : surface en EAU (un lac est plat mais inconstructible) -- T75
[09Oct2026 21:04:47.918] [Server thread/INFO] [deepluckyblock.procedures.Structures5Procedure/]: [STRUCT5-FLAT] tranche 100ms terminée après 16 candidat(s); 751 restent dans CE MÊME cercle
[09Oct2026 21:04:47.925] [Server thread/INFO] [deepluckyblock.procedures.Structures5Procedure/]: [STRUCT5] === PASTE dragon === off=[10,-34,10] dist=0 facing=west
[09Oct2026 21:04:47.930] [Server thread/INFO] [deepluckyblock.procedures.Structures5Procedure/]: [STRUCT5-FLAT] grille de scoring : 69x69 cellules (4761 connues) en 5 ms -- T59/T62 (192619 recherche(s) de chunk, dont 0 ayant attendu >2 ms, 35 ms au total)
[09Oct2026 21:04:47.932] [Server thread/INFO] [deepluckyblock.procedures.Structures5Procedure/]: [STRUCT5-FLAT] scoring termine : 751 candidat(s) en 1 ms (joueur 0 ms, emprises 0 ms, mesures terrain 1 ms) -- T57
[09Oct2026 21:04:47.932] [Server thread/INFO] [deepluckyblock.procedures.Structures5Procedure/]: [STRUCT5-FLAT] 1918 candidat(s) ecarte(s) : surface en EAU (un lac est plat mais inconstructible) -- T75
[09Oct2026 21:04:48.033] [Server thread/INFO] [deepluckyblock.procedures.Structures5Procedure/]: [STRUCT5-FLAT] tranche 100ms terminée après 13 candidat(s); 738 restent dans CE MÊME cercle
[09Oct2026 21:04:48.038] [Server thread/INFO] [deepluckyblock.procedures.Structures5Procedure/]: [STRUCT5] === PASTE dragon === off=[10,-34,10] dist=0 facing=west
[09Oct2026 21:04:48.043] [Server thread/INFO] [deepluckyblock.procedures.Structures5Procedure/]: [STRUCT5-FLAT] grille de scoring : 69x69 cellules (4761 connues) en 5 ms -- T59/T62 (204688 recherche(s) de chunk, dont 0 ayant attendu >2 ms, 37 ms au total)
[09Oct2026 21:04:48.046] [Server thread/INFO] [deepluckyblock.procedures.Structures5Procedure/]: [STRUCT5-FLAT] scoring termine : 738 candidat(s) en 2 ms (joueur 0 ms, emprises 0 ms, mesures terrain 2 ms) -- T57
[09Oct2026 21:04:48.046] [Server thread/INFO] [deepluckyblock.procedures.Structures5Procedure/]: [STRUCT5-FLAT] 1918 candidat(s) ecarte(s) : surface en EAU (un lac est plat mais inconstructible) -- T75
[09Oct2026 21:04:48.152] [Server thread/INFO] [deepluckyblock.procedures.Structures5Procedure/]: [STRUCT5-FLAT] tranche 100ms terminée après 15 candidat(s); 723 restent dans CE MÊME cercle
[09Oct2026 21:04:48.157] [Server thread/INFO] [deepluckyblock.procedures.Structures5Procedure/]: [STRUCT5] === PASTE dragon === off=[10,-34,10] dist=0 facing=west
[09Oct2026 21:04:48.162] [Server thread/INFO] [deepluckyblock.procedures.Structures5Procedure/]: [STRUCT5-FLAT] grille de scoring : 69x69 cellules (4761 connues) en 4 ms -- T59/T62 (218017 recherche(s) de chunk, dont 0 ayant attendu >2 ms, 39 ms au total)
[09Oct2026 21:04:48.165] [Server thread/INFO] [deepluckyblock.procedures.Structures5Procedure/]: [STRUCT5-FLAT] scoring termine : 723 candidat(s) en 1 ms (joueur 0 ms, emprises 0 ms, mesures terrain 1 ms) -- T57
[09Oct2026 21:04:48.165] [Server thread/INFO] [deepluckyblock.procedures.Structures5Procedure/]: [STRUCT5-FLAT] 1918 candidat(s) ecarte(s) : surface en EAU (un lac est plat mais inconstructible) -- T75
[09Oct2026 21:04:48.268] [Server thread/INFO] [deepluckyblock.procedures.Structures5Procedure/]: [STRUCT5-FLAT] tranche 100ms terminée après 17 candidat(s); 706 restent dans CE MÊME cercle
[09Oct2026 21:04:48.274] [Server thread/INFO] [deepluckyblock.procedures.Structures5Procedure/]: [STRUCT5] === PASTE dragon === off=[10,-34,10] dist=0 facing=west
[09Oct2026 21:04:48.278] [Server thread/INFO] [deepluckyblock.procedures.Structures5Procedure/]: [STRUCT5-FLAT] grille de scoring : 69x69 cellules (4761 connues) en 4 ms -- T59/T62 (230707 recherche(s) de chunk, dont 0 ayant attendu >2 ms, 41 ms au total)
[09Oct2026 21:04:48.281] [Server thread/INFO] [deepluckyblock.procedures.Structures5Procedure/]: [STRUCT5-FLAT] scoring termine : 706 candidat(s) en 1 ms (joueur 0 ms, emprises 0 ms, mesures terrain 1 ms) -- T57
[09Oct2026 21:04:48.281] [Server thread/INFO] [deepluckyblock.procedures.Structures5Procedure/]: [STRUCT5-FLAT] 1918 candidat(s) ecarte(s) : surface en EAU (un lac est plat mais inconstructible) -- T75
[09Oct2026 21:04:48.383] [Server thread/INFO] [deepluckyblock.procedures.Structures5Procedure/]: [STRUCT5-FLAT] tranche 100ms terminée après 13 candidat(s); 693 restent dans CE MÊME cercle
[09Oct2026 21:04:48.389] [Server thread/INFO] [deepluckyblock.procedures.Structures5Procedure/]: [STRUCT5] === PASTE dragon === off=[10,-34,10] dist=0 facing=west
[09Oct2026 21:04:48.394] [Server thread/INFO] [deepluckyblock.procedures.Structures5Procedure/]: [STRUCT5-FLAT] grille de scoring : 69x69 cellules (4761 connues) en 5 ms -- T59/T62 (242916 recherche(s) de chunk, dont 0 ayant attendu >2 ms, 43 ms au total)
[09Oct2026 21:04:48.396] [Server thread/INFO] [deepluckyblock.procedures.Structures5Procedure/]: [STRUCT5-FLAT] scoring termine : 693 candidat(s) en 0 ms (joueur 0 ms, emprises 0 ms, mesures terrain 0 ms) -- T57
[09Oct2026 21:04:48.396] [Server thread/INFO] [deepluckyblock.procedures.Structures5Procedure/]: [STRUCT5-FLAT] 1918 candidat(s) ecarte(s) : surface en EAU (un lac est plat mais inconstructible) -- T75
[09Oct2026 21:04:48.497] [Server thread/INFO] [deepluckyblock.procedures.Structures5Procedure/]: [STRUCT5-FLAT] tranche 100ms terminée après 16 candidat(s); 677 restent dans CE MÊME cercle
[09Oct2026 21:04:48.502] [Server thread/INFO] [deepluckyblock.procedures.Structures5Procedure/]: [STRUCT5] === PASTE dragon === off=[10,-34,10] dist=0 facing=west
[09Oct2026 21:04:48.507] [Server thread/INFO] [deepluckyblock.procedures.Structures5Procedure/]: [STRUCT5-FLAT] grille de scoring : 69x69 cellules (4761 connues) en 5 ms -- T59/T62 (255271 recherche(s) de chunk, dont 0 ayant attendu >2 ms, 44 ms au total)
[09Oct2026 21:04:48.509] [Server thread/INFO] [deepluckyblock.procedures.Structures5Procedure/]: [STRUCT5-FLAT] scoring termine : 677 candidat(s) en 2 ms (joueur 0 ms, emprises 0 ms, mesures terrain 2 ms) -- T57
[09Oct2026 21:04:48.509] [Server thread/INFO] [deepluckyblock.procedures.Structures5Procedure/]: [STRUCT5-FLAT] 1918 candidat(s) ecarte(s) : surface en EAU (un lac est plat mais inconstructible) -- T75
[09Oct2026 21:04:48.612] [Server thread/INFO] [deepluckyblock.procedures.Structures5Procedure/]: [STRUCT5-FLAT] tranche 100ms terminée après 16 candidat(s); 661 restent dans CE MÊME cercle
[09Oct2026 21:04:48.618] [Server thread/INFO] [deepluckyblock.procedures.Structures5Procedure/]: [STRUCT5] === PASTE dragon === off=[10,-34,10] dist=0 facing=west
[09Oct2026 21:04:48.622] [Server thread/INFO] [deepluckyblock.procedures.Structures5Procedure/]: [STRUCT5-FLAT] grille de scoring : 69x69 cellules (4761 connues) en 4 ms -- T59/T62 (267891 recherche(s) de chunk, dont 0 ayant attendu >2 ms, 46 ms au total)
[09Oct2026 21:04:48.625] [Server thread/INFO] [deepluckyblock.procedures.Structures5Procedure/]: [STRUCT5-FLAT] scoring termine : 661 candidat(s) en 0 ms (joueur 0 ms, emprises 0 ms, mesures terrain 0 ms) -- T57
[09Oct2026 21:04:48.625] [Server thread/INFO] [deepluckyblock.procedures.Structures5Procedure/]: [STRUCT5-FLAT] 1918 candidat(s) ecarte(s) : surface en EAU (un lac est plat mais inconstructible) -- T75
[09Oct2026 21:04:48.730] [Server thread/INFO] [deepluckyblock.procedures.Structures5Procedure/]: [STRUCT5-FLAT] tranche 100ms terminée après 15 candidat(s); 646 restent dans CE MÊME cercle
[09Oct2026 21:04:48.735] [Server thread/INFO] [deepluckyblock.procedures.Structures5Procedure/]: [STRUCT5] === PASTE dragon === off=[10,-34,10] dist=0 facing=west
[09Oct2026 21:04:48.740] [Server thread/INFO] [deepluckyblock.procedures.Structures5Procedure/]: [STRUCT5-FLAT] grille de scoring : 69x69 cellules (4761 connues) en 5 ms -- T59/T62 (280630 recherche(s) de chunk, dont 0 ayant attendu >2 ms, 48 ms au total)
[09Oct2026 21:04:48.742] [Server thread/INFO] [deepluckyblock.procedures.Structures5Procedure/]: [STRUCT5-FLAT] scoring termine : 646 candidat(s) en 0 ms (joueur 0 ms, emprises 0 ms, mesures terrain 0 ms) -- T57
[09Oct2026 21:04:48.742] [Server thread/INFO] [deepluckyblock.procedures.Structures5Procedure/]: [STRUCT5-FLAT] 1918 candidat(s) ecarte(s) : surface en EAU (un lac est plat mais inconstructible) -- T75
[09Oct2026 21:04:48.847] [Server thread/INFO] [deepluckyblock.procedures.Structures5Procedure/]: [STRUCT5-FLAT] tranche 100ms terminée après 17 candidat(s); 629 restent dans CE MÊME cercle
[09Oct2026 21:04:48.852] [Server thread/INFO] [deepluckyblock.procedures.Structures5Procedure/]: [STRUCT5] === PASTE dragon === off=[10,-34,10] dist=0 facing=west
[09Oct2026 21:04:48.857] [Server thread/INFO] [deepluckyblock.procedures.Structures5Procedure/]: [STRUCT5-FLAT] grille de scoring : 69x69 cellules (4761 connues) en 5 ms -- T59/T62 (294016 recherche(s) de chunk, dont 0 ayant attendu >2 ms, 50 ms au total)
[09Oct2026 21:04:48.859] [Server thread/INFO] [deepluckyblock.procedures.Structures5Procedure/]: [STRUCT5-FLAT] scoring termine : 629 candidat(s) en 1 ms (joueur 0 ms, emprises 0 ms, mesures terrain 1 ms) -- T57
[09Oct2026 21:04:48.859] [Server thread/INFO] [deepluckyblock.procedures.Structures5Procedure/]: [STRUCT5-FLAT] 1918 candidat(s) ecarte(s) : surface en EAU (un lac est plat mais inconstructible) -- T75
[09Oct2026 21:04:48.961] [Server thread/INFO] [deepluckyblock.procedures.Structures5Procedure/]: [STRUCT5-FLAT] tranche 100ms terminée après 17 candidat(s); 612 restent dans CE MÊME cercle
[09Oct2026 21:04:48.966] [Server thread/INFO] [deepluckyblock.procedures.Structures5Procedure/]: [STRUCT5] === PASTE dragon === off=[10,-34,10] dist=0 facing=west
[09Oct2026 21:04:48.971] [Server thread/INFO] [deepluckyblock.procedures.Structures5Procedure/]: [STRUCT5-FLAT] grille de scoring : 69x69 cellules (4761 connues) en 5 ms -- T59/T62 (306899 recherche(s) de chunk, dont 0 ayant attendu >2 ms, 52 ms au total)
[09Oct2026 21:04:48.973] [Server thread/INFO] [deepluckyblock.procedures.Structures5Procedure/]: [STRUCT5-FLAT] scoring termine : 612 candidat(s) en 1 ms (joueur 0 ms, emprises 0 ms, mesures terrain 1 ms) -- T57
[09Oct2026 21:04:48.973] [Server thread/INFO] [deepluckyblock.procedures.Structures5Procedure/]: [STRUCT5-FLAT] 1918 candidat(s) ecarte(s) : surface en EAU (un lac est plat mais inconstructible) -- T75
[09Oct2026 21:04:49.076] [Server thread/INFO] [deepluckyblock.procedures.Structures5Procedure/]: [STRUCT5-FLAT] tranche 100ms terminée après 14 candidat(s); 598 restent dans CE MÊME cercle
[09Oct2026 21:04:49.081] [Server thread/INFO] [deepluckyblock.procedures.Structures5Procedure/]: [STRUCT5] === PASTE dragon === off=[10,-34,10] dist=0 facing=west
[09Oct2026 21:04:49.086] [Server thread/INFO] [deepluckyblock.procedures.Structures5Procedure/]: [STRUCT5-FLAT] grille de scoring : 69x69 cellules (4761 connues) en 5 ms -- T59/T62 (320211 recherche(s) de chunk, dont 0 ayant attendu >2 ms, 53 ms au total)
[09Oct2026 21:04:49.088] [Server thread/INFO] [deepluckyblock.procedures.Structures5Procedure/]: [STRUCT5-FLAT] scoring termine : 598 candidat(s) en 1 ms (joueur 0 ms, emprises 0 ms, mesures terrain 1 ms) -- T57
[09Oct2026 21:04:49.088] [Server thread/INFO] [deepluckyblock.procedures.Structures5Procedure/]: [STRUCT5-FLAT] 1918 candidat(s) ecarte(s) : surface en EAU (un lac est plat mais inconstructible) -- T75
[09Oct2026 21:04:49.190] [Server thread/INFO] [deepluckyblock.procedures.Structures5Procedure/]: [STRUCT5-FLAT] tranche 100ms terminée après 16 candidat(s); 582 restent dans CE MÊME cercle
[09Oct2026 21:04:49.194] [Server thread/INFO] [deepluckyblock.procedures.Structures5Procedure/]: [STRUCT5] === PASTE dragon === off=[10,-34,10] dist=0 facing=west
[09Oct2026 21:04:49.199] [Server thread/INFO] [deepluckyblock.procedures.Structures5Procedure/]: [STRUCT5-FLAT] grille de scoring : 69x69 cellules (4761 connues) en 4 ms -- T59/T62 (332918 recherche(s) de chunk, dont 0 ayant attendu >2 ms, 55 ms au total)
[09Oct2026 21:04:49.201] [Server thread/INFO] [deepluckyblock.procedures.Structures5Procedure/]: [STRUCT5-FLAT] scoring termine : 582 candidat(s) en 1 ms (joueur 0 ms, emprises 0 ms, mesures terrain 1 ms) -- T57
[09Oct2026 21:04:49.202] [Server thread/INFO] [deepluckyblock.procedures.Structures5Procedure/]: [STRUCT5-FLAT] 1918 candidat(s) ecarte(s) : surface en EAU (un lac est plat mais inconstructible) -- T75
[09Oct2026 21:04:49.306] [Server thread/INFO] [deepluckyblock.procedures.Structures5Procedure/]: [STRUCT5-FLAT] tranche 100ms terminée après 16 candidat(s); 566 restent dans CE MÊME cercle
[09Oct2026 21:04:49.307] [Server thread/WARN] [net.minecraft.server.MinecraftServer/]: Can't keep up! Is the server overloaded? Running 2011ms or 40 ticks behind
[09Oct2026 21:04:49.314] [Server thread/INFO] [deepluckyblock.procedures.Structures5Procedure/]: [STRUCT5] === PASTE dragon === off=[10,-34,10] dist=0 facing=west
[09Oct2026 21:04:49.319] [Server thread/INFO] [deepluckyblock.procedures.Structures5Procedure/]: [STRUCT5-FLAT] grille de scoring : 69x69 cellules (4761 connues) en 5 ms -- T59/T62 (345655 recherche(s) de chunk, dont 0 ayant attendu >2 ms, 57 ms au total)
[09Oct2026 21:04:49.321] [Server thread/INFO] [deepluckyblock.procedures.Structures5Procedure/]: [STRUCT5-FLAT] scoring termine : 566 candidat(s) en 1 ms (joueur 0 ms, emprises 0 ms, mesures terrain 1 ms) -- T57
[09Oct2026 21:04:49.321] [Server thread/INFO] [deepluckyblock.procedures.Structures5Procedure/]: [STRUCT5-FLAT] 1918 candidat(s) ecarte(s) : surface en EAU (un lac est plat mais inconstructible) -- T75
[09Oct2026 21:04:49.425] [Server thread/INFO] [deepluckyblock.procedures.Structures5Procedure/]: [STRUCT5-FLAT] tranche 100ms terminée après 19 candidat(s); 547 restent dans CE MÊME cercle
[09Oct2026 21:04:49.430] [Server thread/INFO] [deepluckyblock.procedures.Structures5Procedure/]: [STRUCT5] === PASTE dragon === off=[10,-34,10] dist=0 facing=west
[09Oct2026 21:04:49.435] [Server thread/INFO] [deepluckyblock.procedures.Structures5Procedure/]: [STRUCT5-FLAT] grille de scoring : 69x69 cellules (4761 connues) en 5 ms -- T59/T62 (358667 recherche(s) de chunk, dont 0 ayant attendu >2 ms, 59 ms au total)
[09Oct2026 21:04:49.437] [Server thread/INFO] [deepluckyblock.procedures.Structures5Procedure/]: [STRUCT5-FLAT] scoring termine : 547 candidat(s) en 1 ms (joueur 0 ms, emprises 0 ms, mesures terrain 1 ms) -- T57
[09Oct2026 21:04:49.437] [Server thread/INFO] [deepluckyblock.procedures.Structures5Procedure/]: [STRUCT5-FLAT] 1918 candidat(s) ecarte(s) : surface en EAU (un lac est plat mais inconstructible) -- T75
[09Oct2026 21:04:49.542] [Server thread/INFO] [deepluckyblock.procedures.Structures5Procedure/]: [STRUCT5-FLAT] tranche 100ms terminée après 15 candidat(s); 532 restent dans CE MÊME cercle
[09Oct2026 21:04:49.547] [Server thread/INFO] [deepluckyblock.procedures.Structures5Procedure/]: [STRUCT5] === PASTE dragon === off=[10,-34,10] dist=0 facing=west
[09Oct2026 21:04:49.552] [Server thread/INFO] [deepluckyblock.procedures.Structures5Procedure/]: [STRUCT5-FLAT] grille de scoring : 69x69 cellules (4761 connues) en 5 ms -- T59/T62 (372193 recherche(s) de chunk, dont 0 ayant attendu >2 ms, 60 ms au total)
[09Oct2026 21:04:49.554] [Server thread/INFO] [deepluckyblock.procedures.Structures5Procedure/]: [STRUCT5-FLAT] scoring termine : 532 candidat(s) en 1 ms (joueur 0 ms, emprises 0 ms, mesures terrain 1 ms) -- T57
[09Oct2026 21:04:49.554] [Server thread/INFO] [deepluckyblock.procedures.Structures5Procedure/]: [STRUCT5-FLAT] 1918 candidat(s) ecarte(s) : surface en EAU (un lac est plat mais inconstructible) -- T75
[09Oct2026 21:04:49.657] [Server thread/INFO] [deepluckyblock.procedures.Structures5Procedure/]: [STRUCT5-FLAT] tranche 100ms terminée après 17 candidat(s); 515 restent dans CE MÊME cercle
[09Oct2026 21:04:49.662] [Server thread/INFO] [deepluckyblock.procedures.Structures5Procedure/]: [STRUCT5] === PASTE dragon === off=[10,-34,10] dist=0 facing=west
[09Oct2026 21:04:49.667] [Server thread/INFO] [deepluckyblock.procedures.Structures5Procedure/]: [STRUCT5-FLAT] grille de scoring : 69x69 cellules (4761 connues) en 5 ms -- T59/T62 (385008 recherche(s) de chunk, dont 0 ayant attendu >2 ms, 62 ms au total)
[09Oct2026 21:04:49.669] [Server thread/INFO] [deepluckyblock.procedures.Structures5Procedure/]: [STRUCT5-FLAT] scoring termine : 515 candidat(s) en 1 ms (joueur 0 ms, emprises 0 ms, mesures terrain 1 ms) -- T57
[09Oct2026 21:04:49.669] [Server thread/INFO] [deepluckyblock.procedures.Structures5Procedure/]: [STRUCT5-FLAT] 1918 candidat(s) ecarte(s) : surface en EAU (un lac est plat mais inconstructible) -- T75
[09Oct2026 21:04:49.771] [Server thread/INFO] [deepluckyblock.procedures.Structures5Procedure/]: [STRUCT5-FLAT] tranche 100ms terminée après 16 candidat(s); 499 restent dans CE MÊME cercle
[09Oct2026 21:04:49.776] [Server thread/INFO] [deepluckyblock.procedures.Structures5Procedure/]: [STRUCT5] === PASTE dragon === off=[10,-34,10] dist=0 facing=west
[09Oct2026 21:04:49.780] [Server thread/INFO] [deepluckyblock.procedures.Structures5Procedure/]: [STRUCT5-FLAT] grille de scoring : 69x69 cellules (4761 connues) en 4 ms -- T59/T62 (398120 recherche(s) de chunk, dont 0 ayant attendu >2 ms, 64 ms au total)
[09Oct2026 21:04:49.782] [Server thread/INFO] [deepluckyblock.procedures.Structures5Procedure/]: [STRUCT5-FLAT] scoring termine : 499 candidat(s) en 2 ms (joueur 0 ms, emprises 0 ms, mesures terrain 2 ms) -- T57
[09Oct2026 21:04:49.782] [Server thread/INFO] [deepluckyblock.procedures.Structures5Procedure/]: [STRUCT5-FLAT] 1918 candidat(s) ecarte(s) : surface en EAU (un lac est plat mais inconstructible) -- T75
[09Oct2026 21:04:49.885] [Server thread/INFO] [deepluckyblock.procedures.Structures5Procedure/]: [STRUCT5-FLAT] tranche 100ms terminée après 14 candidat(s); 485 restent dans CE MÊME cercle
[09Oct2026 21:04:49.890] [Server thread/INFO] [deepluckyblock.procedures.Structures5Procedure/]: [STRUCT5] === PASTE dragon === off=[10,-34,10] dist=0 facing=west
[09Oct2026 21:04:49.894] [Server thread/INFO] [deepluckyblock.procedures.Structures5Procedure/]: [STRUCT5-FLAT] grille de scoring : 69x69 cellules (4761 connues) en 4 ms -- T59/T62 (410838 recherche(s) de chunk, dont 0 ayant attendu >2 ms, 66 ms au total)
[09Oct2026 21:04:49.896] [Server thread/INFO] [deepluckyblock.procedures.Structures5Procedure/]: [STRUCT5-FLAT] scoring termine : 485 candidat(s) en 1 ms (joueur 0 ms, emprises 0 ms, mesures terrain 1 ms) -- T57
[09Oct2026 21:04:49.896] [Server thread/INFO] [deepluckyblock.procedures.Structures5Procedure/]: [STRUCT5-FLAT] 1918 candidat(s) ecarte(s) : surface en EAU (un lac est plat mais inconstructible) -- T75
[09Oct2026 21:04:49.997] [Server thread/INFO] [deepluckyblock.procedures.Structures5Procedure/]: [STRUCT5-FLAT] tranche 100ms terminée après 19 candidat(s); 466 restent dans CE MÊME cercle
[09Oct2026 21:04:50.003] [Server thread/INFO] [deepluckyblock.procedures.Structures5Procedure/]: [STRUCT5] === PASTE dragon === off=[10,-34,10] dist=0 facing=west
[09Oct2026 21:04:50.007] [Server thread/INFO] [deepluckyblock.procedures.Structures5Procedure/]: [STRUCT5-FLAT] grille de scoring : 69x69 cellules (4761 connues) en 4 ms -- T59/T62 (424039 recherche(s) de chunk, dont 0 ayant attendu >2 ms, 67 ms au total)
[09Oct2026 21:04:50.009] [Server thread/INFO] [deepluckyblock.procedures.Structures5Procedure/]: [STRUCT5-FLAT] scoring termine : 466 candidat(s) en 2 ms (joueur 0 ms, emprises 0 ms, mesures terrain 2 ms) -- T57
[09Oct2026 21:04:50.009] [Server thread/INFO] [deepluckyblock.procedures.Structures5Procedure/]: [STRUCT5-FLAT] 1918 candidat(s) ecarte(s) : surface en EAU (un lac est plat mais inconstructible) -- T75
[09Oct2026 21:04:50.115] [Server thread/INFO] [deepluckyblock.procedures.Structures5Procedure/]: [STRUCT5-FLAT] tranche 100ms terminée après 16 candidat(s); 450 restent dans CE MÊME cercle
[09Oct2026 21:04:50.120] [Server thread/INFO] [deepluckyblock.procedures.Structures5Procedure/]: [STRUCT5] === PASTE dragon === off=[10,-34,10] dist=0 facing=west
[09Oct2026 21:04:50.124] [Server thread/INFO] [deepluckyblock.procedures.Structures5Procedure/]: [STRUCT5-FLAT] grille de scoring : 69x69 cellules (4761 connues) en 4 ms -- T59/T62 (437533 recherche(s) de chunk, dont 0 ayant attendu >2 ms, 69 ms au total)
[09Oct2026 21:04:50.126] [Server thread/INFO] [deepluckyblock.procedures.Structures5Procedure/]: [STRUCT5-FLAT] scoring termine : 450 candidat(s) en 1 ms (joueur 0 ms, emprises 0 ms, mesures terrain 1 ms) -- T57
[09Oct2026 21:04:50.126] [Server thread/INFO] [deepluckyblock.procedures.Structures5Procedure/]: [STRUCT5-FLAT] 1918 candidat(s) ecarte(s) : surface en EAU (un lac est plat mais inconstructible) -- T75
[09Oct2026 21:04:50.233] [Server thread/INFO] [deepluckyblock.procedures.Structures5Procedure/]: [STRUCT5-FLAT] tranche 100ms terminée après 17 candidat(s); 433 restent dans CE MÊME cercle
[09Oct2026 21:04:50.238] [Server thread/INFO] [deepluckyblock.procedures.Structures5Procedure/]: [STRUCT5] === PASTE dragon === off=[10,-34,10] dist=0 facing=west
[09Oct2026 21:04:50.243] [Server thread/INFO] [deepluckyblock.procedures.Structures5Procedure/]: [STRUCT5-FLAT] grille de scoring : 69x69 cellules (4761 connues) en 5 ms -- T59/T62 (451271 recherche(s) de chunk, dont 0 ayant attendu >2 ms, 71 ms au total)
[09Oct2026 21:04:50.245] [Server thread/INFO] [deepluckyblock.procedures.Structures5Procedure/]: [STRUCT5-FLAT] scoring termine : 433 candidat(s) en 0 ms (joueur 0 ms, emprises 0 ms, mesures terrain 0 ms) -- T57
[09Oct2026 21:04:50.245] [Server thread/INFO] [deepluckyblock.procedures.Structures5Procedure/]: [STRUCT5-FLAT] 1918 candidat(s) ecarte(s) : surface en EAU (un lac est plat mais inconstructible) -- T75
[09Oct2026 21:04:50.352] [Server thread/INFO] [deepluckyblock.procedures.Structures5Procedure/]: [STRUCT5-FLAT] tranche 100ms terminée après 16 candidat(s); 417 restent dans CE MÊME cercle
[09Oct2026 21:04:50.357] [Server thread/INFO] [deepluckyblock.procedures.Structures5Procedure/]: [STRUCT5] === PASTE dragon === off=[10,-34,10] dist=0 facing=west
[09Oct2026 21:04:50.362] [Server thread/INFO] [deepluckyblock.procedures.Structures5Procedure/]: [STRUCT5-FLAT] grille de scoring : 69x69 cellules (4761 connues) en 5 ms -- T59/T62 (463823 recherche(s) de chunk, dont 0 ayant attendu >2 ms, 73 ms au total)
[09Oct2026 21:04:50.364] [Server thread/INFO] [deepluckyblock.procedures.Structures5Procedure/]: [STRUCT5-FLAT] scoring termine : 417 candidat(s) en 2 ms (joueur 0 ms, emprises 0 ms, mesures terrain 2 ms) -- T57
[09Oct2026 21:04:50.364] [Server thread/INFO] [deepluckyblock.procedures.Structures5Procedure/]: [STRUCT5-FLAT] 1918 candidat(s) ecarte(s) : surface en EAU (un lac est plat mais inconstructible) -- T75
[09Oct2026 21:04:50.468] [Server thread/INFO] [deepluckyblock.procedures.Structures5Procedure/]: [STRUCT5-FLAT] tranche 100ms terminée après 14 candidat(s); 403 restent dans CE MÊME cercle
[09Oct2026 21:04:50.473] [Server thread/INFO] [deepluckyblock.procedures.Structures5Procedure/]: [STRUCT5] === PASTE dragon === off=[10,-34,10] dist=0 facing=west
[09Oct2026 21:04:50.478] [Server thread/INFO] [deepluckyblock.procedures.Structures5Procedure/]: [STRUCT5-FLAT] grille de scoring : 69x69 cellules (4761 connues) en 4 ms -- T59/T62 (476628 recherche(s) de chunk, dont 0 ayant attendu >2 ms, 75 ms au total)
[09Oct2026 21:04:50.480] [Server thread/INFO] [deepluckyblock.procedures.Structures5Procedure/]: [STRUCT5-FLAT] scoring termine : 403 candidat(s) en 0 ms (joueur 0 ms, emprises 0 ms, mesures terrain 0 ms) -- T57
[09Oct2026 21:04:50.480] [Server thread/INFO] [deepluckyblock.procedures.Structures5Procedure/]: [STRUCT5-FLAT] 1918 candidat(s) ecarte(s) : surface en EAU (un lac est plat mais inconstructible) -- T75
[09Oct2026 21:04:50.582] [Server thread/INFO] [deepluckyblock.procedures.Structures5Procedure/]: [STRUCT5-FLAT] tranche 100ms terminée après 15 candidat(s); 388 restent dans CE MÊME cercle
[09Oct2026 21:04:50.587] [Server thread/INFO] [deepluckyblock.procedures.Structures5Procedure/]: [STRUCT5] === PASTE dragon === off=[10,-34,10] dist=0 facing=west
[09Oct2026 21:04:50.592] [Server thread/INFO] [deepluckyblock.procedures.Structures5Procedure/]: [STRUCT5-FLAT] grille de scoring : 69x69 cellules (4761 connues) en 5 ms -- T59/T62 (489121 recherche(s) de chunk, dont 0 ayant attendu >2 ms, 76 ms au total)
[09Oct2026 21:04:50.594] [Server thread/INFO] [deepluckyblock.procedures.Structures5Procedure/]: [STRUCT5-FLAT] scoring termine : 388 candidat(s) en 0 ms (joueur 0 ms, emprises 0 ms, mesures terrain 0 ms) -- T57
[09Oct2026 21:04:50.594] [Server thread/INFO] [deepluckyblock.procedures.Structures5Procedure/]: [STRUCT5-FLAT] 1918 candidat(s) ecarte(s) : surface en EAU (un lac est plat mais inconstructible) -- T75
[09Oct2026 21:04:50.695] [Server thread/INFO] [deepluckyblock.procedures.Structures5Procedure/]: [STRUCT5-FLAT] tranche 100ms terminée après 14 candidat(s); 374 restent dans CE MÊME cercle
[09Oct2026 21:04:50.700] [Server thread/INFO] [deepluckyblock.procedures.Structures5Procedure/]: [STRUCT5] === PASTE dragon === off=[10,-34,10] dist=0 facing=west
[09Oct2026 21:04:50.705] [Server thread/INFO] [deepluckyblock.procedures.Structures5Procedure/]: [STRUCT5-FLAT] grille de scoring : 69x69 cellules (4761 connues) en 5 ms -- T59/T62 (501718 recherche(s) de chunk, dont 0 ayant attendu >2 ms, 78 ms au total)
[09Oct2026 21:04:50.707] [Server thread/INFO] [deepluckyblock.procedures.Structures5Procedure/]: [STRUCT5-FLAT] scoring termine : 374 candidat(s) en 2 ms (joueur 0 ms, emprises 0 ms, mesures terrain 2 ms) -- T57
[09Oct2026 21:04:50.707] [Server thread/INFO] [deepluckyblock.procedures.Structures5Procedure/]: [STRUCT5-FLAT] 1918 candidat(s) ecarte(s) : surface en EAU (un lac est plat mais inconstructible) -- T75
[09Oct2026 21:04:50.813] [Server thread/INFO] [deepluckyblock.procedures.Structures5Procedure/]: [STRUCT5-FLAT] tranche 100ms terminée après 13 candidat(s); 361 restent dans CE MÊME cercle
[09Oct2026 21:04:50.818] [Server thread/INFO] [deepluckyblock.procedures.Structures5Procedure/]: [STRUCT5] === PASTE dragon === off=[10,-34,10] dist=0 facing=west
[09Oct2026 21:04:50.823] [Server thread/INFO] [deepluckyblock.procedures.Structures5Procedure/]: [STRUCT5-FLAT] grille de scoring : 69x69 cellules (4761 connues) en 5 ms -- T59/T62 (513420 recherche(s) de chunk, dont 0 ayant attendu >2 ms, 80 ms au total)
[09Oct2026 21:04:50.825] [Server thread/INFO] [deepluckyblock.procedures.Structures5Procedure/]: [STRUCT5-FLAT] scoring termine : 361 candidat(s) en 1 ms (joueur 0 ms, emprises 0 ms, mesures terrain 1 ms) -- T57
[09Oct2026 21:04:50.825] [Server thread/INFO] [deepluckyblock.procedures.Structures5Procedure/]: [STRUCT5-FLAT] 1918 candidat(s) ecarte(s) : surface en EAU (un lac est plat mais inconstructible) -- T75
[09Oct2026 21:04:50.926] [Server thread/INFO] [deepluckyblock.procedures.Structures5Procedure/]: [STRUCT5-FLAT] tranche 100ms terminée après 16 candidat(s); 345 restent dans CE MÊME cercle
[09Oct2026 21:04:50.931] [Server thread/INFO] [deepluckyblock.procedures.Structures5Procedure/]: [STRUCT5] === PASTE dragon === off=[10,-34,10] dist=0 facing=west
[09Oct2026 21:04:50.936] [Server thread/INFO] [deepluckyblock.procedures.Structures5Procedure/]: [STRUCT5-FLAT] grille de scoring : 69x69 cellules (4761 connues) en 4 ms -- T59/T62 (525314 recherche(s) de chunk, dont 0 ayant attendu >2 ms, 82 ms au total)
[09Oct2026 21:04:50.938] [Server thread/INFO] [deepluckyblock.procedures.Structures5Procedure/]: [STRUCT5-FLAT] scoring termine : 345 candidat(s) en 1 ms (joueur 0 ms, emprises 0 ms, mesures terrain 1 ms) -- T57
[09Oct2026 21:04:50.938] [Server thread/INFO] [deepluckyblock.procedures.Structures5Procedure/]: [STRUCT5-FLAT] 1918 candidat(s) ecarte(s) : surface en EAU (un lac est plat mais inconstructible) -- T75
[09Oct2026 21:04:51.042] [Server thread/INFO] [deepluckyblock.procedures.Structures5Procedure/]: [STRUCT5-FLAT] tranche 100ms terminée après 13 candidat(s); 332 restent dans CE MÊME cercle
[09Oct2026 21:04:51.048] [Server thread/INFO] [deepluckyblock.procedures.Structures5Procedure/]: [STRUCT5] === PASTE dragon === off=[10,-34,10] dist=0 facing=west
[09Oct2026 21:04:51.053] [Server thread/INFO] [deepluckyblock.procedures.Structures5Procedure/]: [STRUCT5-FLAT] grille de scoring : 69x69 cellules (4761 connues) en 5 ms -- T59/T62 (536914 recherche(s) de chunk, dont 0 ayant attendu >2 ms, 83 ms au total)
[09Oct2026 21:04:51.055] [Server thread/INFO] [deepluckyblock.procedures.Structures5Procedure/]: [STRUCT5-FLAT] scoring termine : 332 candidat(s) en 2 ms (joueur 1 ms, emprises 0 ms, mesures terrain 1 ms) -- T57
[09Oct2026 21:04:51.055] [Server thread/INFO] [deepluckyblock.procedures.Structures5Procedure/]: [STRUCT5-FLAT] 1918 candidat(s) ecarte(s) : surface en EAU (un lac est plat mais inconstructible) -- T75
[09Oct2026 21:04:51.157] [Server thread/INFO] [deepluckyblock.procedures.Structures5Procedure/]: [STRUCT5-FLAT] tranche 100ms terminée après 14 candidat(s); 318 restent dans CE MÊME cercle
[09Oct2026 21:04:51.163] [Server thread/INFO] [deepluckyblock.procedures.Structures5Procedure/]: [STRUCT5] === PASTE dragon === off=[10,-34,10] dist=0 facing=west
[09Oct2026 21:04:51.168] [Server thread/INFO] [deepluckyblock.procedures.Structures5Procedure/]: [STRUCT5-FLAT] grille de scoring : 69x69 cellules (4761 connues) en 4 ms -- T59/T62 (549144 recherche(s) de chunk, dont 0 ayant attendu >2 ms, 85 ms au total)
[09Oct2026 21:04:51.170] [Server thread/INFO] [deepluckyblock.procedures.Structures5Procedure/]: [STRUCT5-FLAT] scoring termine : 318 candidat(s) en 2 ms (joueur 0 ms, emprises 0 ms, mesures terrain 2 ms) -- T57
[09Oct2026 21:04:51.170] [Server thread/INFO] [deepluckyblock.procedures.Structures5Procedure/]: [STRUCT5-FLAT] 1918 candidat(s) ecarte(s) : surface en EAU (un lac est plat mais inconstructible) -- T75
[09Oct2026 21:04:51.274] [Server thread/INFO] [deepluckyblock.procedures.Structures5Procedure/]: [STRUCT5-FLAT] tranche 100ms terminée après 14 candidat(s); 304 restent dans CE MÊME cercle
[09Oct2026 21:04:51.278] [Server thread/INFO] [deepluckyblock.procedures.Structures5Procedure/]: [STRUCT5] === PASTE dragon === off=[10,-34,10] dist=0 facing=west
[09Oct2026 21:04:51.283] [Server thread/INFO] [deepluckyblock.procedures.Structures5Procedure/]: [STRUCT5-FLAT] grille de scoring : 69x69 cellules (4761 connues) en 4 ms -- T59/T62 (561862 recherche(s) de chunk, dont 0 ayant attendu >2 ms, 87 ms au total)
[09Oct2026 21:04:51.285] [Server thread/INFO] [deepluckyblock.procedures.Structures5Procedure/]: [STRUCT5-FLAT] scoring termine : 304 candidat(s) en 2 ms (joueur 0 ms, emprises 1 ms, mesures terrain 1 ms) -- T57
[09Oct2026 21:04:51.285] [Server thread/INFO] [deepluckyblock.procedures.Structures5Procedure/]: [STRUCT5-FLAT] 1918 candidat(s) ecarte(s) : surface en EAU (un lac est plat mais inconstructible) -- T75
[09Oct2026 21:04:51.391] [Server thread/INFO] [deepluckyblock.procedures.Structures5Procedure/]: [STRUCT5-FLAT] tranche 100ms terminée après 14 candidat(s); 290 restent dans CE MÊME cercle
[09Oct2026 21:04:51.396] [Server thread/INFO] [deepluckyblock.procedures.Structures5Procedure/]: [STRUCT5] === PASTE dragon === off=[10,-34,10] dist=0 facing=west
[09Oct2026 21:04:51.401] [Server thread/INFO] [deepluckyblock.procedures.Structures5Procedure/]: [STRUCT5-FLAT] grille de scoring : 69x69 cellules (4761 connues) en 4 ms -- T59/T62 (575087 recherche(s) de chunk, dont 0 ayant attendu >2 ms, 89 ms au total)
[09Oct2026 21:04:51.403] [Server thread/INFO] [deepluckyblock.procedures.Structures5Procedure/]: [STRUCT5-FLAT] scoring termine : 290 candidat(s) en 2 ms (joueur 0 ms, emprises 0 ms, mesures terrain 2 ms) -- T57
[09Oct2026 21:04:51.403] [Server thread/INFO] [deepluckyblock.procedures.Structures5Procedure/]: [STRUCT5-FLAT] 1918 candidat(s) ecarte(s) : surface en EAU (un lac est plat mais inconstructible) -- T75
[09Oct2026 21:04:51.507] [Server thread/INFO] [deepluckyblock.procedures.Structures5Procedure/]: [STRUCT5-FLAT] tranche 100ms terminée après 14 candidat(s); 276 restent dans CE MÊME cercle
[09Oct2026 21:04:51.511] [Server thread/INFO] [deepluckyblock.procedures.Structures5Procedure/]: [STRUCT5] === PASTE dragon === off=[10,-34,10] dist=0 facing=west
[09Oct2026 21:04:51.516] [Server thread/INFO] [deepluckyblock.procedures.Structures5Procedure/]: [STRUCT5-FLAT] grille de scoring : 69x69 cellules (4761 connues) en 4 ms -- T59/T62 (587703 recherche(s) de chunk, dont 0 ayant attendu >2 ms, 90 ms au total)
[09Oct2026 21:04:51.518] [Server thread/INFO] [deepluckyblock.procedures.Structures5Procedure/]: [STRUCT5-FLAT] scoring termine : 276 candidat(s) en 0 ms (joueur 0 ms, emprises 0 ms, mesures terrain 0 ms) -- T57
[09Oct2026 21:04:51.518] [Server thread/INFO] [deepluckyblock.procedures.Structures5Procedure/]: [STRUCT5-FLAT] 1918 candidat(s) ecarte(s) : surface en EAU (un lac est plat mais inconstructible) -- T75
[09Oct2026 21:04:51.532] [Yggdrasil Key Fetcher/ERROR] [com.mojang.authlib.yggdrasil.YggdrasilServicesKeyInfo/]: Failed to request yggdrasil public key
com.mojang.authlib.exceptions.MinecraftClientException: Failed to read from https://api.minecraftservices.com/publickeys due to Remote host terminated the handshake
	at MC-BOOTSTRAP/authlib@6.0.54/com.mojang.authlib.minecraft.client.MinecraftClient.readInputStream(MinecraftClient.java:108) ~[authlib-6.0.54.jar%2377!/:?]
	at MC-BOOTSTRAP/authlib@6.0.54/com.mojang.authlib.minecraft.client.MinecraftClient.get(MinecraftClient.java:57) ~[authlib-6.0.54.jar%2377!/:?]
	at MC-BOOTSTRAP/authlib@6.0.54/com.mojang.authlib.yggdrasil.YggdrasilServicesKeyInfo.fetch(YggdrasilServicesKeyInfo.java:114) ~[authlib-6.0.54.jar%2377!/:?]
	at MC-BOOTSTRAP/authlib@6.0.54/com.mojang.authlib.yggdrasil.YggdrasilServicesKeyInfo$1.run(YggdrasilServicesKeyInfo.java:89) ~[authlib-6.0.54.jar%2377!/:?]
	at java.base/java.util.concurrent.Executors$RunnableAdapter.call(Executors.java:572) ~[?:?]
	at java.base/java.util.concurrent.FutureTask.run(FutureTask.java:317) ~[?:?]
	at java.base/java.util.concurrent.ScheduledThreadPoolExecutor$ScheduledFutureTask.run(ScheduledThreadPoolExecutor.java:304) ~[?:?]
	at java.base/java.util.concurrent.ThreadPoolExecutor.runWorker(ThreadPoolExecutor.java:1144) ~[?:?]
	at java.base/java.util.concurrent.ThreadPoolExecutor$Worker.run(ThreadPoolExecutor.java:642) ~[?:?]
	at java.base/java.lang.Thread.run(Thread.java:1583) [?:?]
Caused by: javax.net.ssl.SSLHandshakeException: Remote host terminated the handshake
	at java.base/sun.security.ssl.SSLSocketImpl.handleEOF(SSLSocketImpl.java:1715) ~[?:?]
	at java.base/sun.security.ssl.SSLSocketImpl.decode(SSLSocketImpl.java:1513) ~[?:?]
	at java.base/sun.security.ssl.SSLSocketImpl.readHandshakeRecord(SSLSocketImpl.java:1420) ~[?:?]
	at java.base/sun.security.ssl.SSLSocketImpl.startHandshake(SSLSocketImpl.java:455) ~[?:?]
	at java.base/sun.security.ssl.SSLSocketImpl.startHandshake(SSLSocketImpl.java:426) ~[?:?]
	at java.base/sun.net.www.protocol.https.HttpsClient.afterConnect(HttpsClient.java:593) ~[?:?]
	at java.base/sun.net.www.protocol.https.AbstractDelegateHttpsURLConnection.connect(AbstractDelegateHttpsURLConnection.java:190) ~[?:?]
	at java.base/sun.net.www.protocol.http.HttpURLConnection.getInputStream0(HttpURLConnection.java:1707) ~[?:?]
	at java.base/sun.net.www.protocol.http.HttpURLConnection.getInputStream(HttpURLConnection.java:1632) ~[?:?]
	at java.base/java.net.HttpURLConnection.getResponseCode(HttpURLConnection.java:531) ~[?:?]
	at java.base/sun.net.www.protocol.https.HttpsURLConnectionImpl.getResponseCode(HttpsURLConnectionImpl.java:307) ~[?:?]
	at MC-BOOTSTRAP/authlib@6.0.54/com.mojang.authlib.minecraft.client.MinecraftClient.readInputStream(MinecraftClient.java:84) ~[authlib-6.0.54.jar%2377!/:?]
	... 9 more
Caused by: java.io.EOFException: SSL peer shut down incorrectly
	at java.base/sun.security.ssl.SSLSocketInputRecord.read(SSLSocketInputRecord.java:494) ~[?:?]
	at java.base/sun.security.ssl.SSLSocketInputRecord.readHeader(SSLSocketInputRecord.java:483) ~[?:?]
	at java.base/sun.security.ssl.SSLSocketInputRecord.decode(SSLSocketInputRecord.java:160) ~[?:?]
	at java.base/sun.security.ssl.SSLTransport.decode(SSLTransport.java:111) ~[?:?]
	at java.base/sun.security.ssl.SSLSocketImpl.decode(SSLSocketImpl.java:1505) ~[?:?]
	at java.base/sun.security.ssl.SSLSocketImpl.readHandshakeRecord(SSLSocketImpl.java:1420) ~[?:?]
	at java.base/sun.security.ssl.SSLSocketImpl.startHandshake(SSLSocketImpl.java:455) ~[?:?]
	at java.base/sun.security.ssl.SSLSocketImpl.startHandshake(SSLSocketImpl.java:426) ~[?:?]
	at java.base/sun.net.www.protocol.https.HttpsClient.afterConnect(HttpsClient.java:593) ~[?:?]
	at java.base/sun.net.www.protocol.https.AbstractDelegateHttpsURLConnection.connect(AbstractDelegateHttpsURLConnection.java:190) ~[?:?]
	at java.base/sun.net.www.protocol.http.HttpURLConnection.getInputStream0(HttpURLConnection.java:1707) ~[?:?]
	at java.base/sun.net.www.protocol.http.HttpURLConnection.getInputStream(HttpURLConnection.java:1632) ~[?:?]
	at java.base/java.net.HttpURLConnection.getResponseCode(HttpURLConnection.java:531) ~[?:?]
	at java.base/sun.net.www.protocol.https.HttpsURLConnectionImpl.getResponseCode(HttpsURLConnectionImpl.java:307) ~[?:?]
	at MC-BOOTSTRAP/authlib@6.0.54/com.mojang.authlib.minecraft.client.MinecraftClient.readInputStream(MinecraftClient.java:84) ~[authlib-6.0.54.jar%2377!/:?]
	... 9 more
[09Oct2026 21:04:51.620] [Server thread/INFO] [deepluckyblock.procedures.Structures5Procedure/]: [STRUCT5-FLAT] tranche 100ms terminée après 14 candidat(s); 262 restent dans CE MÊME cercle
[09Oct2026 21:04:51.626] [Server thread/INFO] [deepluckyblock.procedures.Structures5Procedure/]: [STRUCT5] === PASTE dragon === off=[10,-34,10] dist=0 facing=west
[09Oct2026 21:04:51.630] [Server thread/INFO] [deepluckyblock.procedures.Structures5Procedure/]: [STRUCT5-FLAT] grille de scoring : 69x69 cellules (4761 connues) en 4 ms -- T59/T62 (599464 recherche(s) de chunk, dont 0 ayant attendu >2 ms, 92 ms au total)
[09Oct2026 21:04:51.632] [Server thread/INFO] [deepluckyblock.procedures.Structures5Procedure/]: [STRUCT5-FLAT] scoring termine : 262 candidat(s) en 0 ms (joueur 0 ms, emprises 0 ms, mesures terrain 0 ms) -- T57
[09Oct2026 21:04:51.632] [Server thread/INFO] [deepluckyblock.procedures.Structures5Procedure/]: [STRUCT5-FLAT] 1918 candidat(s) ecarte(s) : surface en EAU (un lac est plat mais inconstructible) -- T75
[09Oct2026 21:04:51.737] [Server thread/INFO] [deepluckyblock.procedures.Structures5Procedure/]: [STRUCT5-FLAT] tranche 100ms terminée après 14 candidat(s); 248 restent dans CE MÊME cercle
[09Oct2026 21:04:51.742] [Server thread/INFO] [deepluckyblock.procedures.Structures5Procedure/]: [STRUCT5] === PASTE dragon === off=[10,-34,10] dist=0 facing=west
[09Oct2026 21:04:51.746] [Server thread/INFO] [deepluckyblock.procedures.Structures5Procedure/]: [STRUCT5-FLAT] grille de scoring : 69x69 cellules (4761 connues) en 4 ms -- T59/T62 (611970 recherche(s) de chunk, dont 0 ayant attendu >2 ms, 94 ms au total)
[09Oct2026 21:04:51.748] [Server thread/INFO] [deepluckyblock.procedures.Structures5Procedure/]: [STRUCT5-FLAT] scoring termine : 248 candidat(s) en 1 ms (joueur 0 ms, emprises 1 ms, mesures terrain 0 ms) -- T57
[09Oct2026 21:04:51.748] [Server thread/INFO] [deepluckyblock.procedures.Structures5Procedure/]: [STRUCT5-FLAT] 1918 candidat(s) ecarte(s) : surface en EAU (un lac est plat mais inconstructible) -- T75
[09Oct2026 21:04:51.854] [Server thread/INFO] [deepluckyblock.procedures.Structures5Procedure/]: [STRUCT5-FLAT] tranche 100ms terminée après 14 candidat(s); 234 restent dans CE MÊME cercle
[09Oct2026 21:04:51.859] [Server thread/INFO] [deepluckyblock.procedures.Structures5Procedure/]: [STRUCT5] === PASTE dragon === off=[10,-34,10] dist=0 facing=west
[09Oct2026 21:04:51.864] [Server thread/INFO] [deepluckyblock.procedures.Structures5Procedure/]: [STRUCT5-FLAT] grille de scoring : 69x69 cellules (4761 connues) en 5 ms -- T59/T62 (624987 recherche(s) de chunk, dont 0 ayant attendu >2 ms, 95 ms au total)
[09Oct2026 21:04:51.866] [Server thread/INFO] [deepluckyblock.procedures.Structures5Procedure/]: [STRUCT5-FLAT] scoring termine : 234 candidat(s) en 1 ms (joueur 1 ms, emprises 0 ms, mesures terrain 0 ms) -- T57
[09Oct2026 21:04:51.866] [Server thread/INFO] [deepluckyblock.procedures.Structures5Procedure/]: [STRUCT5-FLAT] 1918 candidat(s) ecarte(s) : surface en EAU (un lac est plat mais inconstructible) -- T75
[09Oct2026 21:04:51.973] [Server thread/INFO] [deepluckyblock.procedures.Structures5Procedure/]: [STRUCT5-FLAT] tranche 100ms terminée après 15 candidat(s); 219 restent dans CE MÊME cercle
[09Oct2026 21:04:51.978] [Server thread/INFO] [deepluckyblock.procedures.Structures5Procedure/]: [STRUCT5] === PASTE dragon === off=[10,-34,10] dist=0 facing=west
[09Oct2026 21:04:51.982] [Server thread/INFO] [deepluckyblock.procedures.Structures5Procedure/]: [STRUCT5-FLAT] grille de scoring : 69x69 cellules (4761 connues) en 4 ms -- T59/T62 (637200 recherche(s) de chunk, dont 0 ayant attendu >2 ms, 97 ms au total)
[09Oct2026 21:04:51.984] [Server thread/INFO] [deepluckyblock.procedures.Structures5Procedure/]: [STRUCT5-FLAT] scoring termine : 219 candidat(s) en 1 ms (joueur 0 ms, emprises 0 ms, mesures terrain 1 ms) -- T57
[09Oct2026 21:04:51.984] [Server thread/INFO] [deepluckyblock.procedures.Structures5Procedure/]: [STRUCT5-FLAT] 1918 candidat(s) ecarte(s) : surface en EAU (un lac est plat mais inconstructible) -- T75
[09Oct2026 21:04:52.089] [Server thread/INFO] [deepluckyblock.procedures.Structures5Procedure/]: [STRUCT5-FLAT] tranche 100ms terminée après 13 candidat(s); 206 restent dans CE MÊME cercle
[09Oct2026 21:04:52.094] [Server thread/INFO] [deepluckyblock.procedures.Structures5Procedure/]: [STRUCT5] === PASTE dragon === off=[10,-34,10] dist=0 facing=west
[09Oct2026 21:04:52.099] [Server thread/INFO] [deepluckyblock.procedures.Structures5Procedure/]: [STRUCT5-FLAT] grille de scoring : 69x69 cellules (4761 connues) en 5 ms -- T59/T62 (649250 recherche(s) de chunk, dont 0 ayant attendu >2 ms, 99 ms au total)
[09Oct2026 21:04:52.101] [Server thread/INFO] [deepluckyblock.procedures.Structures5Procedure/]: [STRUCT5-FLAT] scoring termine : 206 candidat(s) en 1 ms (joueur 0 ms, emprises 0 ms, mesures terrain 1 ms) -- T57
[09Oct2026 21:04:52.101] [Server thread/INFO] [deepluckyblock.procedures.Structures5Procedure/]: [STRUCT5-FLAT] 1918 candidat(s) ecarte(s) : surface en EAU (un lac est plat mais inconstructible) -- T75
[09Oct2026 21:04:52.202] [Server thread/INFO] [deepluckyblock.procedures.Structures5Procedure/]: [STRUCT5-FLAT] tranche 100ms terminée après 14 candidat(s); 192 restent dans CE MÊME cercle
[09Oct2026 21:04:52.207] [Server thread/INFO] [deepluckyblock.procedures.Structures5Procedure/]: [STRUCT5] === PASTE dragon === off=[10,-34,10] dist=0 facing=west
[09Oct2026 21:04:52.211] [Server thread/INFO] [deepluckyblock.procedures.Structures5Procedure/]: [STRUCT5-FLAT] grille de scoring : 69x69 cellules (4761 connues) en 4 ms -- T59/T62 (661045 recherche(s) de chunk, dont 0 ayant attendu >2 ms, 100 ms au total)
[09Oct2026 21:04:52.213] [Server thread/INFO] [deepluckyblock.procedures.Structures5Procedure/]: [STRUCT5-FLAT] scoring termine : 192 candidat(s) en 2 ms (joueur 0 ms, emprises 2 ms, mesures terrain 0 ms) -- T57
[09Oct2026 21:04:52.213] [Server thread/INFO] [deepluckyblock.procedures.Structures5Procedure/]: [STRUCT5-FLAT] 1918 candidat(s) ecarte(s) : surface en EAU (un lac est plat mais inconstructible) -- T75
[09Oct2026 21:04:52.315] [Server thread/INFO] [deepluckyblock.procedures.Structures5Procedure/]: [STRUCT5-FLAT] tranche 100ms terminée après 29 candidat(s); 163 restent dans CE MÊME cercle
[09Oct2026 21:04:52.320] [Server thread/INFO] [deepluckyblock.procedures.Structures5Procedure/]: [STRUCT5] === PASTE dragon === off=[10,-34,10] dist=0 facing=west
[09Oct2026 21:04:52.325] [Server thread/INFO] [deepluckyblock.procedures.Structures5Procedure/]: [STRUCT5-FLAT] grille de scoring : 69x69 cellules (4761 connues) en 5 ms -- T59/T62 (673487 recherche(s) de chunk, dont 0 ayant attendu >2 ms, 102 ms au total)
[09Oct2026 21:04:52.326] [Server thread/INFO] [deepluckyblock.procedures.Structures5Procedure/]: [STRUCT5-FLAT] scoring termine : 163 candidat(s) en 1 ms (joueur 0 ms, emprises 0 ms, mesures terrain 1 ms) -- T57
[09Oct2026 21:04:52.326] [Server thread/INFO] [deepluckyblock.procedures.Structures5Procedure/]: [STRUCT5-FLAT] 1918 candidat(s) ecarte(s) : surface en EAU (un lac est plat mais inconstructible) -- T75
[09Oct2026 21:04:52.431] [Server thread/INFO] [deepluckyblock.procedures.Structures5Procedure/]: [STRUCT5-FLAT] tranche 100ms terminée après 13 candidat(s); 150 restent dans CE MÊME cercle
[09Oct2026 21:04:52.436] [Server thread/INFO] [deepluckyblock.procedures.Structures5Procedure/]: [STRUCT5] === PASTE dragon === off=[10,-34,10] dist=0 facing=west
[09Oct2026 21:04:52.441] [Server thread/INFO] [deepluckyblock.procedures.Structures5Procedure/]: [STRUCT5-FLAT] grille de scoring : 69x69 cellules (4761 connues) en 5 ms -- T59/T62 (685522 recherche(s) de chunk, dont 0 ayant attendu >2 ms, 104 ms au total)
[09Oct2026 21:04:52.442] [Server thread/INFO] [deepluckyblock.procedures.Structures5Procedure/]: [STRUCT5-FLAT] scoring termine : 150 candidat(s) en 0 ms (joueur 0 ms, emprises 0 ms, mesures terrain 0 ms) -- T57
[09Oct2026 21:04:52.443] [Server thread/INFO] [deepluckyblock.procedures.Structures5Procedure/]: [STRUCT5-FLAT] 1918 candidat(s) ecarte(s) : surface en EAU (un lac est plat mais inconstructible) -- T75
[09Oct2026 21:04:52.550] [Server thread/INFO] [deepluckyblock.procedures.Structures5Procedure/]: [STRUCT5-FLAT] tranche 100ms terminée après 14 candidat(s); 136 restent dans CE MÊME cercle
[09Oct2026 21:04:52.555] [Server thread/INFO] [deepluckyblock.procedures.Structures5Procedure/]: [STRUCT5] === PASTE dragon === off=[10,-34,10] dist=0 facing=west
[09Oct2026 21:04:52.559] [Server thread/INFO] [deepluckyblock.procedures.Structures5Procedure/]: [STRUCT5-FLAT] grille de scoring : 69x69 cellules (4761 connues) en 4 ms -- T59/T62 (697699 recherche(s) de chunk, dont 0 ayant attendu >2 ms, 105 ms au total)
[09Oct2026 21:04:52.561] [Server thread/INFO] [deepluckyblock.procedures.Structures5Procedure/]: [STRUCT5-FLAT] scoring termine : 136 candidat(s) en 1 ms (joueur 0 ms, emprises 0 ms, mesures terrain 1 ms) -- T57
[09Oct2026 21:04:52.561] [Server thread/INFO] [deepluckyblock.procedures.Structures5Procedure/]: [STRUCT5-FLAT] 1918 candidat(s) ecarte(s) : surface en EAU (un lac est plat mais inconstructible) -- T75
[09Oct2026 21:04:52.664] [Server thread/INFO] [deepluckyblock.procedures.Structures5Procedure/]: [STRUCT5-FLAT] tranche 100ms terminée après 15 candidat(s); 121 restent dans CE MÊME cercle
[09Oct2026 21:04:52.669] [Server thread/INFO] [deepluckyblock.procedures.Structures5Procedure/]: [STRUCT5] === PASTE dragon === off=[10,-34,10] dist=0 facing=west
[09Oct2026 21:04:52.674] [Server thread/INFO] [deepluckyblock.procedures.Structures5Procedure/]: [STRUCT5-FLAT] grille de scoring : 69x69 cellules (4761 connues) en 5 ms -- T59/T62 (710041 recherche(s) de chunk, dont 0 ayant attendu >2 ms, 107 ms au total)
[09Oct2026 21:04:52.675] [Server thread/INFO] [deepluckyblock.procedures.Structures5Procedure/]: [STRUCT5-FLAT] scoring termine : 121 candidat(s) en 1 ms (joueur 0 ms, emprises 0 ms, mesures terrain 1 ms) -- T57
[09Oct2026 21:04:52.675] [Server thread/INFO] [deepluckyblock.procedures.Structures5Procedure/]: [STRUCT5-FLAT] 1918 candidat(s) ecarte(s) : surface en EAU (un lac est plat mais inconstructible) -- T75
[09Oct2026 21:04:52.780] [Server thread/INFO] [deepluckyblock.procedures.Structures5Procedure/]: [STRUCT5-FLAT] tranche 100ms terminée après 15 candidat(s); 106 restent dans CE MÊME cercle
[09Oct2026 21:04:52.785] [Server thread/INFO] [deepluckyblock.procedures.Structures5Procedure/]: [STRUCT5] === PASTE dragon === off=[10,-34,10] dist=0 facing=west
[09Oct2026 21:04:52.790] [Server thread/INFO] [deepluckyblock.procedures.Structures5Procedure/]: [STRUCT5-FLAT] grille de scoring : 69x69 cellules (4761 connues) en 5 ms -- T59/T62 (722572 recherche(s) de chunk, dont 0 ayant attendu >2 ms, 108 ms au total)
[09Oct2026 21:04:52.791] [Server thread/INFO] [deepluckyblock.procedures.Structures5Procedure/]: [STRUCT5-FLAT] scoring termine : 106 candidat(s) en 1 ms (joueur 0 ms, emprises 0 ms, mesures terrain 1 ms) -- T57
[09Oct2026 21:04:52.791] [Server thread/INFO] [deepluckyblock.procedures.Structures5Procedure/]: [STRUCT5-FLAT] 1918 candidat(s) ecarte(s) : surface en EAU (un lac est plat mais inconstructible) -- T75
[09Oct2026 21:04:52.897] [Server thread/INFO] [deepluckyblock.procedures.Structures5Procedure/]: [STRUCT5-FLAT] tranche 100ms terminée après 14 candidat(s); 92 restent dans CE MÊME cercle
[09Oct2026 21:04:52.902] [Server thread/INFO] [deepluckyblock.procedures.Structures5Procedure/]: [STRUCT5] === PASTE dragon === off=[10,-34,10] dist=0 facing=west
[09Oct2026 21:04:52.907] [Server thread/INFO] [deepluckyblock.procedures.Structures5Procedure/]: [STRUCT5-FLAT] grille de scoring : 69x69 cellules (4761 connues) en 5 ms -- T59/T62 (735517 recherche(s) de chunk, dont 0 ayant attendu >2 ms, 110 ms au total)
[09Oct2026 21:04:52.908] [Server thread/INFO] [deepluckyblock.procedures.Structures5Procedure/]: [STRUCT5-FLAT] scoring termine : 92 candidat(s) en 1 ms (joueur 0 ms, emprises 0 ms, mesures terrain 1 ms) -- T57
[09Oct2026 21:04:52.908] [Server thread/INFO] [deepluckyblock.procedures.Structures5Procedure/]: [STRUCT5-FLAT] 1918 candidat(s) ecarte(s) : surface en EAU (un lac est plat mais inconstructible) -- T75
[09Oct2026 21:04:53.009] [Server thread/INFO] [deepluckyblock.procedures.Structures5Procedure/]: [STRUCT5-FLAT] tranche 100ms terminée après 13 candidat(s); 79 restent dans CE MÊME cercle
[09Oct2026 21:04:53.014] [Server thread/INFO] [deepluckyblock.procedures.Structures5Procedure/]: [STRUCT5] === PASTE dragon === off=[10,-34,10] dist=0 facing=west
[09Oct2026 21:04:53.018] [Server thread/INFO] [deepluckyblock.procedures.Structures5Procedure/]: [STRUCT5-FLAT] grille de scoring : 69x69 cellules (4761 connues) en 4 ms -- T59/T62 (747779 recherche(s) de chunk, dont 0 ayant attendu >2 ms, 111 ms au total)
[09Oct2026 21:04:53.020] [Server thread/INFO] [deepluckyblock.procedures.Structures5Procedure/]: [STRUCT5-FLAT] scoring termine : 79 candidat(s) en 0 ms (joueur 0 ms, emprises 0 ms, mesures terrain 0 ms) -- T57
[09Oct2026 21:04:53.020] [Server thread/INFO] [deepluckyblock.procedures.Structures5Procedure/]: [STRUCT5-FLAT] 1918 candidat(s) ecarte(s) : surface en EAU (un lac est plat mais inconstructible) -- T75
[09Oct2026 21:04:53.123] [Server thread/INFO] [deepluckyblock.procedures.Structures5Procedure/]: [STRUCT5-FLAT] tranche 100ms terminée après 14 candidat(s); 65 restent dans CE MÊME cercle
[09Oct2026 21:04:53.128] [Server thread/INFO] [deepluckyblock.procedures.Structures5Procedure/]: [STRUCT5] === PASTE dragon === off=[10,-34,10] dist=0 facing=west
[09Oct2026 21:04:53.132] [Server thread/INFO] [deepluckyblock.procedures.Structures5Procedure/]: [STRUCT5-FLAT] grille de scoring : 69x69 cellules (4761 connues) en 4 ms -- T59/T62 (760149 recherche(s) de chunk, dont 0 ayant attendu >2 ms, 113 ms au total)
[09Oct2026 21:04:53.134] [Server thread/INFO] [deepluckyblock.procedures.Structures5Procedure/]: [STRUCT5-FLAT] scoring termine : 65 candidat(s) en 1 ms (joueur 0 ms, emprises 0 ms, mesures terrain 1 ms) -- T57
[09Oct2026 21:04:53.134] [Server thread/INFO] [deepluckyblock.procedures.Structures5Procedure/]: [STRUCT5-FLAT] 1918 candidat(s) ecarte(s) : surface en EAU (un lac est plat mais inconstructible) -- T75
[09Oct2026 21:04:53.235] [Server thread/INFO] [deepluckyblock.procedures.Structures5Procedure/]: [STRUCT5-FLAT] tranche 100ms terminée après 13 candidat(s); 52 restent dans CE MÊME cercle
[09Oct2026 21:04:53.240] [Server thread/INFO] [deepluckyblock.procedures.Structures5Procedure/]: [STRUCT5] === PASTE dragon === off=[10,-34,10] dist=0 facing=west
[09Oct2026 21:04:53.244] [Server thread/INFO] [deepluckyblock.procedures.Structures5Procedure/]: [STRUCT5-FLAT] grille de scoring : 69x69 cellules (4761 connues) en 4 ms -- T59/T62 (772271 recherche(s) de chunk, dont 0 ayant attendu >2 ms, 114 ms au total)
[09Oct2026 21:04:53.246] [Server thread/INFO] [deepluckyblock.procedures.Structures5Procedure/]: [STRUCT5-FLAT] scoring termine : 52 candidat(s) en 1 ms (joueur 0 ms, emprises 0 ms, mesures terrain 1 ms) -- T57
[09Oct2026 21:04:53.246] [Server thread/INFO] [deepluckyblock.procedures.Structures5Procedure/]: [STRUCT5-FLAT] 1918 candidat(s) ecarte(s) : surface en EAU (un lac est plat mais inconstructible) -- T75
[09Oct2026 21:04:53.353] [Server thread/INFO] [deepluckyblock.procedures.Structures5Procedure/]: [STRUCT5-FLAT] tranche 100ms terminée après 13 candidat(s); 39 restent dans CE MÊME cercle
[09Oct2026 21:04:53.358] [Server thread/INFO] [deepluckyblock.procedures.Structures5Procedure/]: [STRUCT5] === PASTE dragon === off=[10,-34,10] dist=0 facing=west
[09Oct2026 21:04:53.362] [Server thread/INFO] [deepluckyblock.procedures.Structures5Procedure/]: [STRUCT5-FLAT] grille de scoring : 69x69 cellules (4761 connues) en 4 ms -- T59/T62 (784427 recherche(s) de chunk, dont 0 ayant attendu >2 ms, 116 ms au total)
[09Oct2026 21:04:53.364] [Server thread/INFO] [deepluckyblock.procedures.Structures5Procedure/]: [STRUCT5-FLAT] scoring termine : 39 candidat(s) en 1 ms (joueur 1 ms, emprises 0 ms, mesures terrain 0 ms) -- T57
[09Oct2026 21:04:53.364] [Server thread/INFO] [deepluckyblock.procedures.Structures5Procedure/]: [STRUCT5-FLAT] 1918 candidat(s) ecarte(s) : surface en EAU (un lac est plat mais inconstructible) -- T75
[09Oct2026 21:04:53.468] [Server thread/INFO] [deepluckyblock.procedures.Structures5Procedure/]: [STRUCT5-FLAT] tranche 100ms terminée après 13 candidat(s); 26 restent dans CE MÊME cercle
[09Oct2026 21:04:53.473] [Server thread/INFO] [deepluckyblock.procedures.Structures5Procedure/]: [STRUCT5] === PASTE dragon === off=[10,-34,10] dist=0 facing=west
[09Oct2026 21:04:53.478] [Server thread/INFO] [deepluckyblock.procedures.Structures5Procedure/]: [STRUCT5-FLAT] grille de scoring : 69x69 cellules (4761 connues) en 5 ms -- T59/T62 (796409 recherche(s) de chunk, dont 0 ayant attendu >2 ms, 117 ms au total)
[09Oct2026 21:04:53.479] [Server thread/INFO] [deepluckyblock.procedures.Structures5Procedure/]: [STRUCT5-FLAT] scoring termine : 26 candidat(s) en 1 ms (joueur 0 ms, emprises 0 ms, mesures terrain 1 ms) -- T57
[09Oct2026 21:04:53.480] [Server thread/INFO] [deepluckyblock.procedures.Structures5Procedure/]: [STRUCT5-FLAT] 1918 candidat(s) ecarte(s) : surface en EAU (un lac est plat mais inconstructible) -- T75
[09Oct2026 21:04:53.586] [Server thread/INFO] [deepluckyblock.procedures.Structures5Procedure/]: [STRUCT5-FLAT] tranche 100ms terminée après 13 candidat(s); 13 restent dans CE MÊME cercle
[09Oct2026 21:04:53.591] [Server thread/INFO] [deepluckyblock.procedures.Structures5Procedure/]: [STRUCT5] === PASTE dragon === off=[10,-34,10] dist=0 facing=west
[09Oct2026 21:04:53.596] [Server thread/INFO] [deepluckyblock.procedures.Structures5Procedure/]: [STRUCT5-FLAT] grille de scoring : 69x69 cellules (4761 connues) en 4 ms -- T59/T62 (808599 recherche(s) de chunk, dont 0 ayant attendu >2 ms, 119 ms au total)
[09Oct2026 21:04:53.597] [Server thread/INFO] [deepluckyblock.procedures.Structures5Procedure/]: [STRUCT5-FLAT] scoring termine : 13 candidat(s) en 1 ms (joueur 0 ms, emprises 0 ms, mesures terrain 1 ms) -- T57
[09Oct2026 21:04:53.597] [Server thread/INFO] [deepluckyblock.procedures.Structures5Procedure/]: [STRUCT5-FLAT] 1918 candidat(s) ecarte(s) : surface en EAU (un lac est plat mais inconstructible) -- T75
[09Oct2026 21:04:53.703] [Server thread/INFO] [deepluckyblock.procedures.Structures5Procedure/]: [STRUCT5-FLAT] tranche 100ms terminée après 12 candidat(s); 1 restent dans CE MÊME cercle
[09Oct2026 21:04:53.708] [Server thread/INFO] [deepluckyblock.procedures.Structures5Procedure/]: [STRUCT5] === PASTE dragon === off=[10,-34,10] dist=0 facing=west
[09Oct2026 21:04:53.713] [Server thread/INFO] [deepluckyblock.procedures.Structures5Procedure/]: [STRUCT5-FLAT] grille de scoring : 69x69 cellules (4761 connues) en 5 ms -- T59/T62 (819985 recherche(s) de chunk, dont 0 ayant attendu >2 ms, 121 ms au total)
[09Oct2026 21:04:53.715] [Server thread/INFO] [deepluckyblock.procedures.Structures5Procedure/]: [STRUCT5-FLAT] scoring termine : 1 candidat(s) en 1 ms (joueur 0 ms, emprises 0 ms, mesures terrain 1 ms) -- T57
[09Oct2026 21:04:53.715] [Server thread/INFO] [deepluckyblock.procedures.Structures5Procedure/]: [STRUCT5-FLAT] 1918 candidat(s) ecarte(s) : surface en EAU (un lac est plat mais inconstructible) -- T75
[09Oct2026 21:04:53.724] [Server thread/INFO] [deepluckyblock.procedures.Structures5Procedure/]: [STRUCT5-FLAT] aucun centre x0,6 conforme (relief <= 10, eau=0) -- nouvelle couronne jusqu'a 128 blocs; reprise asynchrone
[09Oct2026 21:04:53.728] [Server thread/INFO] [deepluckyblock.procedures.Structures5Procedure/]: [STRUCT5] === PASTE dragon === off=[10,-34,10] dist=0 facing=west
[09Oct2026 21:04:53.739] [Server thread/INFO] [deepluckyblock.procedures.Structures5Procedure/]: [STRUCT5-FLAT] grille de scoring : 95x95 cellules (9025 connues) en 10 ms -- T59/T62 (823605 recherche(s) de chunk, dont 0 ayant attendu >2 ms, 121 ms au total)
[09Oct2026 21:04:53.743] [Server thread/INFO] [deepluckyblock.procedures.Structures5Procedure/]: [STRUCT5-FLAT] scoring termine : 1486 candidat(s) en 1 ms (joueur 0 ms, emprises 0 ms, mesures terrain 1 ms) -- T57
[09Oct2026 21:04:53.743] [Server thread/INFO] [deepluckyblock.procedures.Structures5Procedure/]: [STRUCT5-FLAT] 2778 candidat(s) ecarte(s) : surface en EAU (un lac est plat mais inconstructible) -- T75
[09Oct2026 21:04:53.816] [Server thread/INFO] [deepluckyblock.procedures.Structures5Procedure/]: [STRUCT5-FLAT] Zone choisie a 1150,-235 (candidat #39/1486) : flat=100%, pente=4 (score=960, terrain reel exhaustif x0,6, Y reel=71, 13 candidat(s) rejetes, 7 s de recherche)
[09Oct2026 21:04:53.902] [Server thread/INFO] [deepluckyblock.procedures.Structures5Procedure/]: [STRUCT5] dragon -> 1160, 36, -225 (baseY=71, minRelY=1, rot=NONE, 174ms)
[09Oct2026 21:04:53.927] [Server thread/INFO] [deepluckyblock.procedures.Structures5Procedure/]: [STRUCT5-GROUND] dragon sol solide validé sous 100% de la zone centrale x0,6 : 1288 colonnes, 0 avec eau autorisée, sol Y=70..74 (relief=4)
[09Oct2026 21:04:53.928] [Server thread/INFO] [deepluckyblock.procedures.Structures5Procedure/]: [STRUCT5] dragon : center anchor confirmed by footprint (T76) -- median=71, min=69, max=77, 201 columns, delta=0 <= 4
[09Oct2026 21:04:53.978] [Server thread/INFO] [deepluckyblock.procedures.Structures5Procedure/]: [STRUCT5] dragon : 75098 a poser (0 verre supprime, air exterieur deja ecarte au chargement) -- T73
[09Oct2026 21:04:53.988] [Server thread/INFO] [deepluckyblock.procedures.Structures5Procedure/]: [STRUCT5] dragon : selected solid groundY=71, clearance starts at Y=72, model offsetY=-34, foundationBaseY=37
[09Oct2026 21:04:53.992] [Server thread/INFO] [deepluckyblock.util.ChunkKeeper/]: [DLB-CHUNKS] zone 1088, 37, -312 -> 1213, 157, -157 tenue en memoire pendant le pipeline (88 chunks)
[09Oct2026 21:04:53.993] [Server thread/INFO] [deepluckyblock.util.TerrainEditClamp/]: [DLB-CLAMP] fenetre d'edition ouverte sur 126x249x156 a 1088,-312 -- ticks de chute et de fluide neutralises dans la zone
[09Oct2026 21:04:53.999] [Server thread/INFO] [deepluckyblock.util.ChunkKeeper/]: [DLB-CHUNKS] 72/88 chunks epingles (maintien en memoire)
[09Oct2026 21:04:55.610] [Server thread/INFO] [deepluckyblock.util.ChunkKeeper/]: [DLB-CHUNKS] 88/88 chunks epingles (maintien en memoire) -- zone complete
[09Oct2026 21:04:56.176] [Server thread/WARN] [deepluckyblock.procedures.StructureTerrainPrep/]: [DLB-STRUCTURE] lissage bridé : 941 colonne(s) sortaient de la fenetre autorisee (adaptative T89 : jusqu'a +64/-64 au bord, +10/-2 au loin ; derive maximale mesuree : 26 blocs, colonne 1196,-272 de la zone) -- ramenees dans la fenetre
[09Oct2026 21:04:56.222] [Server thread/WARN] [deepluckyblock.procedures.StructureTerrainPrep/]: [DLB-STRUCTURE] lissage bridé : 187 colonne(s) sortaient de la fenetre autorisee (adaptative T89 : jusqu'a +64/-64 au bord, +10/-2 au loin ; derive maximale mesuree : 21 blocs, colonne 1196,-269 de la zone) -- ramenees dans la fenetre
[09Oct2026 21:04:56.362] [Server thread/INFO] [deepluckyblock.procedures.Structures5Procedure/]: [STRUCT5] dragon : sol 0 exhaustif fixé avant terrain=71, offsetY=-34, first model blockY=37; diagnostic post-prep median=70, min=69, max=70, samples=86 (aucun second décalage)
[09Oct2026 21:04:56.362] [Server thread/INFO] [deepluckyblock.util.StructureSites/]: [DLB-SITES] emprise enregistree : dragon (94x124 a 1104,-296), 1 structure(s) suivie(s)
[09Oct2026 21:04:56.749] [Server thread/INFO] [deepluckyblock.procedures.Structures5Procedure/]: [STRUCT5] dragon en 2977ms (75098 blocs, 326 a gravite -- ticks de chute neutralises par DLB-CLAMP)
[09Oct2026 21:04:56.805] [Server thread/INFO] [deepluckyblock.procedures.Structures5Procedure/]: [STRUCT5] carve dragon programmee (1921 colonnes, 75098 blocs occupes, bottomY=37)
[09Oct2026 21:04:56.949] [Server thread/INFO] [deepluckyblock.procedures.Structures5Procedure/]: [STRUCT5] dragon termine : 80 blocs supprimes, 0 blocs de motte (bottomY=37)
[09Oct2026 21:04:57.010] [Server thread/INFO] [deepluckyblock.procedures.Structures5Procedure/]: [STRUCT5] decorate + post de dragon termine
[09Oct2026 21:04:58.054] [Server thread/INFO] [deepluckyblock.util.TerrainEditClamp/]: [DLB-CLAMP] fenetre fermee (fin de pipeline) : 4 s de travail, 137 ticks ; periode de tick moyenne 30 ms, pire 620 ms (20 TPS = 50 ms) ; 3 tick(s) > 100 ms dont 0 > 1 s ; MSPT lisse 7.6 ms ; chute max 0 entite(s)
[09Oct2026 21:04:58.056] [Server thread/INFO] [deepluckyblock.util.TerrainEditClamp/]: [DLB-PERF] TACHE COMPLETE en 4.1 s -- ou est passe le temps : pre-chargement des chunks 2.4 s (59%) | replantTrees 1.0 s (25%) | rebuildTerrain 0.1 s (3%) | smooth graduel T109 0.1 s (2%) | dressAndPlant 0.1 s (2%) | prepZone 1c/11 0.0 s (1%) | prepZone 0.0 s (1%) | verifyGrassSurface 0.0 s (0%) | attente/tick system 0.3 sacces terrain : 212 requete(s) moteur, 362505 lecture(s) servies par le cache (100%), 0 colonne(s) hors memoire
[09Oct2026 21:04:58.057] [Server thread/INFO] [deepluckyblock.util.ChunkKeeper/]: [DLB-CHUNKS] zone relachee (88 chunks rendus au chunk system, en tranches)
