 candidat(s) en 2 ms (joueur 0 ms, emprises 1 ms, mesures terrain 1 ms) -- T57
[09Oct2026 21:23:52.537] [Server thread/INFO] [deepluckyblock.procedures.Structures5Procedure/]: [STRUCT5-FLAT] 2051 candidat(s) ecarte(s) : surface en EAU (un lac est plat mais inconstructible) -- T75
[09Oct2026 21:23:52.640] [Server thread/INFO] [deepluckyblock.procedures.Structures5Procedure/]: [STRUCT5-FLAT] tranche 100ms terminée après 18 candidat(s); 167 restent dans CE MÊME cercle
[09Oct2026 21:23:52.644] [Server thread/INFO] [deepluckyblock.procedures.Structures5Procedure/]: [STRUCT5] === PASTE citadel === off=[20,-35,20] dist=0 facing=south
[09Oct2026 21:23:52.649] [Server thread/INFO] [deepluckyblock.procedures.Structures5Procedure/]: [STRUCT5-FLAT] grille de scoring : 71x71 cellules (5041 connues) en 5 ms -- T59/T62 (157835 recherche(s) de chunk, dont 1 ayant attendu >2 ms, 35 ms au total)
[09Oct2026 21:23:52.651] [Server thread/INFO] [deepluckyblock.procedures.Structures5Procedure/]: [STRUCT5-FLAT] scoring termine : 167 candidat(s) en 2 ms (joueur 0 ms, emprises 0 ms, mesures terrain 2 ms) -- T57
[09Oct2026 21:23:52.651] [Server thread/INFO] [deepluckyblock.procedures.Structures5Procedure/]: [STRUCT5-FLAT] 2051 candidat(s) ecarte(s) : surface en EAU (un lac est plat mais inconstructible) -- T75
[09Oct2026 21:23:52.758] [Server thread/INFO] [deepluckyblock.procedures.Structures5Procedure/]: [STRUCT5-FLAT] tranche 100ms terminée après 15 candidat(s); 152 restent dans CE MÊME cercle
[09Oct2026 21:23:52.762] [Server thread/INFO] [deepluckyblock.procedures.Structures5Procedure/]: [STRUCT5] === PASTE citadel === off=[20,-35,20] dist=0 facing=south
[09Oct2026 21:23:52.767] [Server thread/INFO] [deepluckyblock.procedures.Structures5Procedure/]: [STRUCT5-FLAT] grille de scoring : 71x71 cellules (5041 connues) en 5 ms -- T59/T62 (171332 recherche(s) de chunk, dont 1 ayant attendu >2 ms, 37 ms au total)
[09Oct2026 21:23:52.769] [Server thread/INFO] [deepluckyblock.procedures.Structures5Procedure/]: [STRUCT5-FLAT] scoring termine : 152 candidat(s) en 1 ms (joueur 0 ms, emprises 0 ms, mesures terrain 1 ms) -- T57
[09Oct2026 21:23:52.769] [Server thread/INFO] [deepluckyblock.procedures.Structures5Procedure/]: [STRUCT5-FLAT] 2051 candidat(s) ecarte(s) : surface en EAU (un lac est plat mais inconstructible) -- T75
[09Oct2026 21:23:52.870] [Server thread/INFO] [deepluckyblock.procedures.Structures5Procedure/]: [STRUCT5-FLAT] tranche 100ms terminée après 19 candidat(s); 133 restent dans CE MÊME cercle
[09Oct2026 21:23:52.874] [Server thread/INFO] [deepluckyblock.procedures.Structures5Procedure/]: [STRUCT5] === PASTE citadel === off=[20,-35,20] dist=0 facing=south
[09Oct2026 21:23:52.880] [Server thread/INFO] [deepluckyblock.procedures.Structures5Procedure/]: [STRUCT5-FLAT] grille de scoring : 71x71 cellules (5041 connues) en 6 ms -- T59/T62 (184054 recherche(s) de chunk, dont 1 ayant attendu >2 ms, 39 ms au total)
[09Oct2026 21:23:52.882] [Server thread/INFO] [deepluckyblock.procedures.Structures5Procedure/]: [STRUCT5-FLAT] scoring termine : 133 candidat(s) en 2 ms (joueur 0 ms, emprises 0 ms, mesures terrain 2 ms) -- T57
[09Oct2026 21:23:52.882] [Server thread/INFO] [deepluckyblock.procedures.Structures5Procedure/]: [STRUCT5-FLAT] 2051 candidat(s) ecarte(s) : surface en EAU (un lac est plat mais inconstructible) -- T75
[09Oct2026 21:23:52.984] [Server thread/INFO] [deepluckyblock.procedures.Structures5Procedure/]: [STRUCT5-FLAT] tranche 100ms terminée après 21 candidat(s); 112 restent dans CE MÊME cercle
[09Oct2026 21:23:52.989] [Server thread/INFO] [deepluckyblock.procedures.Structures5Procedure/]: [STRUCT5] === PASTE citadel === off=[20,-35,20] dist=0 facing=south
[09Oct2026 21:23:52.995] [Server thread/INFO] [deepluckyblock.procedures.Structures5Procedure/]: [STRUCT5-FLAT] grille de scoring : 71x71 cellules (5041 connues) en 6 ms -- T59/T62 (196516 recherche(s) de chunk, dont 1 ayant attendu >2 ms, 40 ms au total)
[09Oct2026 21:23:52.998] [Server thread/INFO] [deepluckyblock.procedures.Structures5Procedure/]: [STRUCT5-FLAT] scoring termine : 112 candidat(s) en 1 ms (joueur 0 ms, emprises 0 ms, mesures terrain 1 ms) -- T57
[09Oct2026 21:23:52.998] [Server thread/INFO] [deepluckyblock.procedures.Structures5Procedure/]: [STRUCT5-FLAT] 2051 candidat(s) ecarte(s) : surface en EAU (un lac est plat mais inconstructible) -- T75
[09Oct2026 21:23:53.103] [Server thread/INFO] [deepluckyblock.procedures.Structures5Procedure/]: [STRUCT5-FLAT] tranche 100ms terminée après 13 candidat(s); 99 restent dans CE MÊME cercle
[09Oct2026 21:23:53.107] [Server thread/INFO] [deepluckyblock.procedures.Structures5Procedure/]: [STRUCT5] === PASTE citadel === off=[20,-35,20] dist=0 facing=south
[09Oct2026 21:23:53.112] [Server thread/INFO] [deepluckyblock.procedures.Structures5Procedure/]: [STRUCT5-FLAT] grille de scoring : 71x71 cellules (5041 connues) en 5 ms -- T59/T62 (209083 recherche(s) de chunk, dont 1 ayant attendu >2 ms, 42 ms au total)
[09Oct2026 21:23:53.114] [Server thread/INFO] [deepluckyblock.procedures.Structures5Procedure/]: [STRUCT5-FLAT] scoring termine : 99 candidat(s) en 2 ms (joueur 0 ms, emprises 0 ms, mesures terrain 2 ms) -- T57
[09Oct2026 21:23:53.114] [Server thread/INFO] [deepluckyblock.procedures.Structures5Procedure/]: [STRUCT5-FLAT] 2051 candidat(s) ecarte(s) : surface en EAU (un lac est plat mais inconstructible) -- T75
[09Oct2026 21:23:53.219] [Server thread/INFO] [deepluckyblock.procedures.Structures5Procedure/]: [STRUCT5-FLAT] tranche 100ms terminée après 13 candidat(s); 86 restent dans CE MÊME cercle
[09Oct2026 21:23:53.223] [Server thread/INFO] [deepluckyblock.procedures.Structures5Procedure/]: [STRUCT5] === PASTE citadel === off=[20,-35,20] dist=0 facing=south
[09Oct2026 21:23:53.228] [Server thread/INFO] [deepluckyblock.procedures.Structures5Procedure/]: [STRUCT5-FLAT] grille de scoring : 71x71 cellules (5041 connues) en 4 ms -- T59/T62 (221860 recherche(s) de chunk, dont 1 ayant attendu >2 ms, 44 ms au total)
[09Oct2026 21:23:53.230] [Server thread/INFO] [deepluckyblock.procedures.Structures5Procedure/]: [STRUCT5-FLAT] scoring termine : 86 candidat(s) en 0 ms (joueur 0 ms, emprises 0 ms, mesures terrain 0 ms) -- T57
[09Oct2026 21:23:53.230] [Server thread/INFO] [deepluckyblock.procedures.Structures5Procedure/]: [STRUCT5-FLAT] 2051 candidat(s) ecarte(s) : surface en EAU (un lac est plat mais inconstructible) -- T75
[09Oct2026 21:23:53.342] [Server thread/INFO] [deepluckyblock.procedures.Structures5Procedure/]: [STRUCT5-FLAT] tranche 100ms terminée après 13 candidat(s); 73 restent dans CE MÊME cercle
[09Oct2026 21:23:53.351] [Server thread/INFO] [deepluckyblock.procedures.Structures5Procedure/]: [STRUCT5] === PASTE citadel === off=[20,-35,20] dist=0 facing=south
[09Oct2026 21:23:53.356] [Server thread/INFO] [deepluckyblock.procedures.Structures5Procedure/]: [STRUCT5-FLAT] grille de scoring : 71x71 cellules (5041 connues) en 5 ms -- T59/T62 (233167 recherche(s) de chunk, dont 1 ayant attendu >2 ms, 46 ms au total)
[09Oct2026 21:23:53.358] [Server thread/INFO] [deepluckyblock.procedures.Structures5Procedure/]: [STRUCT5-FLAT] scoring termine : 73 candidat(s) en 2 ms (joueur 1 ms, emprises 0 ms, mesures terrain 1 ms) -- T57
[09Oct2026 21:23:53.358] [Server thread/INFO] [deepluckyblock.procedures.Structures5Procedure/]: [STRUCT5-FLAT] 2051 candidat(s) ecarte(s) : surface en EAU (un lac est plat mais inconstructible) -- T75
[09Oct2026 21:23:53.462] [Server thread/INFO] [deepluckyblock.procedures.Structures5Procedure/]: [STRUCT5-FLAT] tranche 100ms terminée après 11 candidat(s); 62 restent dans CE MÊME cercle
[09Oct2026 21:23:53.466] [Server thread/INFO] [deepluckyblock.procedures.Structures5Procedure/]: [STRUCT5] === PASTE citadel === off=[20,-35,20] dist=0 facing=south
[09Oct2026 21:23:53.472] [Server thread/INFO] [deepluckyblock.procedures.Structures5Procedure/]: [STRUCT5-FLAT] grille de scoring : 71x71 cellules (5041 connues) en 6 ms -- T59/T62 (244469 recherche(s) de chunk, dont 1 ayant attendu >2 ms, 48 ms au total)
[09Oct2026 21:23:53.474] [Server thread/INFO] [deepluckyblock.procedures.Structures5Procedure/]: [STRUCT5-FLAT] scoring termine : 62 candidat(s) en 1 ms (joueur 0 ms, emprises 0 ms, mesures terrain 1 ms) -- T57
[09Oct2026 21:23:53.474] [Server thread/INFO] [deepluckyblock.procedures.Structures5Procedure/]: [STRUCT5-FLAT] 2051 candidat(s) ecarte(s) : surface en EAU (un lac est plat mais inconstructible) -- T75
[09Oct2026 21:23:53.577] [Server thread/INFO] [deepluckyblock.procedures.Structures5Procedure/]: [STRUCT5-FLAT] tranche 100ms terminée après 15 candidat(s); 47 restent dans CE MÊME cercle
[09Oct2026 21:23:53.581] [Server thread/INFO] [deepluckyblock.procedures.Structures5Procedure/]: [STRUCT5] === PASTE citadel === off=[20,-35,20] dist=0 facing=south
[09Oct2026 21:23:53.585] [Server thread/INFO] [deepluckyblock.procedures.Structures5Procedure/]: [STRUCT5-FLAT] grille de scoring : 71x71 cellules (5041 connues) en 4 ms -- T59/T62 (257146 recherche(s) de chunk, dont 1 ayant attendu >2 ms, 50 ms au total)
[09Oct2026 21:23:53.587] [Server thread/INFO] [deepluckyblock.procedures.Structures5Procedure/]: [STRUCT5-FLAT] scoring termine : 47 candidat(s) en 2 ms (joueur 0 ms, emprises 1 ms, mesures terrain 1 ms) -- T57
[09Oct2026 21:23:53.587] [Server thread/INFO] [deepluckyblock.procedures.Structures5Procedure/]: [STRUCT5-FLAT] 2051 candidat(s) ecarte(s) : surface en EAU (un lac est plat mais inconstructible) -- T75
[09Oct2026 21:23:53.688] [Server thread/INFO] [deepluckyblock.procedures.Structures5Procedure/]: [STRUCT5-FLAT] tranche 100ms terminée après 12 candidat(s); 35 restent dans CE MÊME cercle
[09Oct2026 21:23:53.692] [Server thread/INFO] [deepluckyblock.procedures.Structures5Procedure/]: [STRUCT5] === PASTE citadel === off=[20,-35,20] dist=0 facing=south
[09Oct2026 21:23:53.697] [Server thread/INFO] [deepluckyblock.procedures.Structures5Procedure/]: [STRUCT5-FLAT] grille de scoring : 71x71 cellules (5041 connues) en 5 ms -- T59/T62 (269553 recherche(s) de chunk, dont 1 ayant attendu >2 ms, 52 ms au total)
[09Oct2026 21:23:53.699] [Server thread/INFO] [deepluckyblock.procedures.Structures5Procedure/]: [STRUCT5-FLAT] scoring termine : 35 candidat(s) en 2 ms (joueur 0 ms, emprises 0 ms, mesures terrain 2 ms) -- T57
[09Oct2026 21:23:53.699] [Server thread/INFO] [deepluckyblock.procedures.Structures5Procedure/]: [STRUCT5-FLAT] 2051 candidat(s) ecarte(s) : surface en EAU (un lac est plat mais inconstructible) -- T75
[09Oct2026 21:23:53.804] [Server thread/INFO] [deepluckyblock.procedures.Structures5Procedure/]: [STRUCT5-FLAT] tranche 100ms terminée après 14 candidat(s); 21 restent dans CE MÊME cercle
[09Oct2026 21:23:53.808] [Server thread/INFO] [deepluckyblock.procedures.Structures5Procedure/]: [STRUCT5] === PASTE citadel === off=[20,-35,20] dist=0 facing=south
[09Oct2026 21:23:53.813] [Server thread/INFO] [deepluckyblock.procedures.Structures5Procedure/]: [STRUCT5-FLAT] grille de scoring : 71x71 cellules (5041 connues) en 5 ms -- T59/T62 (282700 recherche(s) de chunk, dont 1 ayant attendu >2 ms, 53 ms au total)
[09Oct2026 21:23:53.815] [Server thread/INFO] [deepluckyblock.procedures.Structures5Procedure/]: [STRUCT5-FLAT] scoring termine : 21 candidat(s) en 2 ms (joueur 0 ms, emprises 0 ms, mesures terrain 2 ms) -- T57
[09Oct2026 21:23:53.815] [Server thread/INFO] [deepluckyblock.procedures.Structures5Procedure/]: [STRUCT5-FLAT] 2051 candidat(s) ecarte(s) : surface en EAU (un lac est plat mais inconstructible) -- T75
[09Oct2026 21:23:53.889] [Server thread/INFO] [deepluckyblock.procedures.Structures5Procedure/]: [STRUCT5-FLAT] aucun centre x0,6 conforme (relief <= 10, eau=0) -- nouvelle couronne jusqu'a 128 blocs; reprise asynchrone
[09Oct2026 21:23:53.893] [Server thread/INFO] [deepluckyblock.procedures.Structures5Procedure/]: [STRUCT5] === PASTE citadel === off=[20,-35,20] dist=0 facing=south
[09Oct2026 21:23:53.903] [Server thread/INFO] [deepluckyblock.procedures.Structures5Procedure/]: [STRUCT5-FLAT] grille de scoring : 97x97 cellules (9409 connues) en 10 ms -- T59/T62 (294402 recherche(s) de chunk, dont 1 ayant attendu >2 ms, 56 ms au total)
[09Oct2026 21:23:53.906] [Server thread/INFO] [deepluckyblock.procedures.Structures5Procedure/]: [STRUCT5-FLAT] scoring termine : 463 candidat(s) en 2 ms (joueur 0 ms, emprises 0 ms, mesures terrain 2 ms) -- T57
[09Oct2026 21:23:53.906] [Server thread/INFO] [deepluckyblock.procedures.Structures5Procedure/]: [STRUCT5-FLAT] 3526 candidat(s) ecarte(s) : surface en EAU (un lac est plat mais inconstructible) -- T75
[09Oct2026 21:23:54.010] [Server thread/INFO] [deepluckyblock.procedures.Structures5Procedure/]: [STRUCT5-FLAT] tranche 100ms terminée après 60 candidat(s); 403 restent dans CE MÊME cercle
[09Oct2026 21:23:54.014] [Server thread/INFO] [deepluckyblock.procedures.Structures5Procedure/]: [STRUCT5] === PASTE citadel === off=[20,-35,20] dist=0 facing=south
[09Oct2026 21:23:54.024] [Server thread/INFO] [deepluckyblock.procedures.Structures5Procedure/]: [STRUCT5-FLAT] grille de scoring : 97x97 cellules (9409 connues) en 10 ms -- T59/T62 (311828 recherche(s) de chunk, dont 1 ayant attendu >2 ms, 59 ms au total)
[09Oct2026 21:23:54.027] [Server thread/INFO] [deepluckyblock.procedures.Structures5Procedure/]: [STRUCT5-FLAT] scoring termine : 403 candidat(s) en 2 ms (joueur 0 ms, emprises 0 ms, mesures terrain 2 ms) -- T57
[09Oct2026 21:23:54.027] [Server thread/INFO] [deepluckyblock.procedures.Structures5Procedure/]: [STRUCT5-FLAT] 3526 candidat(s) ecarte(s) : surface en EAU (un lac est plat mais inconstructible) -- T75
[09Oct2026 21:23:54.131] [Server thread/INFO] [deepluckyblock.procedures.Structures5Procedure/]: [STRUCT5-FLAT] tranche 100ms terminée après 29 candidat(s); 374 restent dans CE MÊME cercle
[09Oct2026 21:23:54.135] [Server thread/INFO] [deepluckyblock.procedures.Structures5Procedure/]: [STRUCT5] === PASTE citadel === off=[20,-35,20] dist=0 facing=south
[09Oct2026 21:23:54.145] [Server thread/INFO] [deepluckyblock.procedures.Structures5Procedure/]: [STRUCT5-FLAT] grille de scoring : 97x97 cellules (9409 connues) en 10 ms -- T59/T62 (327501 recherche(s) de chunk, dont 1 ayant attendu >2 ms, 61 ms au total)
[09Oct2026 21:23:54.148] [Server thread/INFO] [deepluckyblock.procedures.Structures5Procedure/]: [STRUCT5-FLAT] scoring termine : 374 candidat(s) en 2 ms (joueur 0 ms, emprises 1 ms, mesures terrain 1 ms) -- T57
[09Oct2026 21:23:54.148] [Server thread/INFO] [deepluckyblock.procedures.Structures5Procedure/]: [STRUCT5-FLAT] 3526 candidat(s) ecarte(s) : surface en EAU (un lac est plat mais inconstructible) -- T75
[09Oct2026 21:23:54.252] [Server thread/INFO] [deepluckyblock.procedures.Structures5Procedure/]: [STRUCT5-FLAT] tranche 100ms terminée après 29 candidat(s); 345 restent dans CE MÊME cercle
[09Oct2026 21:23:54.255] [Server thread/INFO] [deepluckyblock.procedures.Structures5Procedure/]: [STRUCT5] === PASTE citadel === off=[20,-35,20] dist=0 facing=south
[09Oct2026 21:23:54.265] [Server thread/INFO] [deepluckyblock.procedures.Structures5Procedure/]: [STRUCT5-FLAT] grille de scoring : 97x97 cellules (9409 connues) en 10 ms -- T59/T62 (343908 recherche(s) de chunk, dont 1 ayant attendu >2 ms, 64 ms au total)
[09Oct2026 21:23:54.268] [Server thread/INFO] [deepluckyblock.procedures.Structures5Procedure/]: [STRUCT5-FLAT] scoring termine : 345 candidat(s) en 3 ms (joueur 1 ms, emprises 0 ms, mesures terrain 2 ms) -- T57
[09Oct2026 21:23:54.268] [Server thread/INFO] [deepluckyblock.procedures.Structures5Procedure/]: [STRUCT5-FLAT] 3526 candidat(s) ecarte(s) : surface en EAU (un lac est plat mais inconstructible) -- T75
[09Oct2026 21:23:54.372] [Server thread/INFO] [deepluckyblock.procedures.Structures5Procedure/]: [STRUCT5-FLAT] tranche 100ms terminée après 26 candidat(s); 319 restent dans CE MÊME cercle
[09Oct2026 21:23:54.376] [Server thread/INFO] [deepluckyblock.procedures.Structures5Procedure/]: [STRUCT5] === PASTE citadel === off=[20,-35,20] dist=0 facing=south
[09Oct2026 21:23:54.386] [Server thread/INFO] [deepluckyblock.procedures.Structures5Procedure/]: [STRUCT5-FLAT] grille de scoring : 97x97 cellules (9409 connues) en 10 ms -- T59/T62 (360475 recherche(s) de chunk, dont 1 ayant attendu >2 ms, 67 ms au total)
[09Oct2026 21:23:54.390] [Server thread/INFO] [deepluckyblock.procedures.Structures5Procedure/]: [STRUCT5-FLAT] scoring termine : 319 candidat(s) en 3 ms (joueur 0 ms, emprises 0 ms, mesures terrain 3 ms) -- T57
[09Oct2026 21:23:54.390] [Server thread/INFO] [deepluckyblock.procedures.Structures5Procedure/]: [STRUCT5-FLAT] 3526 candidat(s) ecarte(s) : surface en EAU (un lac est plat mais inconstructible) -- T75
[09Oct2026 21:23:54.499] [Server thread/INFO] [deepluckyblock.procedures.Structures5Procedure/]: [STRUCT5-FLAT] tranche 100ms terminée après 27 candidat(s); 292 restent dans CE MÊME cercle
[09Oct2026 21:23:54.502] [Server thread/INFO] [deepluckyblock.procedures.Structures5Procedure/]: [STRUCT5] === PASTE citadel === off=[20,-35,20] dist=0 facing=south
[09Oct2026 21:23:54.512] [Server thread/INFO] [deepluckyblock.procedures.Structures5Procedure/]: [STRUCT5-FLAT] grille de scoring : 97x97 cellules (9409 connues) en 9 ms -- T59/T62 (377108 recherche(s) de chunk, dont 1 ayant attendu >2 ms, 69 ms au total)
[09Oct2026 21:23:54.516] [Server thread/INFO] [deepluckyblock.procedures.Structures5Procedure/]: [STRUCT5-FLAT] scoring termine : 292 candidat(s) en 4 ms (joueur 0 ms, emprises 0 ms, mesures terrain 4 ms) -- T57
[09Oct2026 21:23:54.516] [Server thread/INFO] [deepluckyblock.procedures.Structures5Procedure/]: [STRUCT5-FLAT] 3526 candidat(s) ecarte(s) : surface en EAU (un lac est plat mais inconstructible) -- T75
[09Oct2026 21:23:54.618] [Server thread/INFO] [deepluckyblock.procedures.Structures5Procedure/]: [STRUCT5-FLAT] tranche 100ms terminée après 13 candidat(s); 279 restent dans CE MÊME cercle
[09Oct2026 21:23:54.622] [Server thread/INFO] [deepluckyblock.procedures.Structures5Procedure/]: [STRUCT5] === PASTE citadel === off=[20,-35,20] dist=0 facing=south
[09Oct2026 21:23:54.633] [Server thread/INFO] [deepluckyblock.procedures.Structures5Procedure/]: [STRUCT5-FLAT] grille de scoring : 97x97 cellules (9409 connues) en 11 ms -- T59/T62 (391740 recherche(s) de chunk, dont 1 ayant attendu >2 ms, 72 ms au total)
[09Oct2026 21:23:54.637] [Server thread/INFO] [deepluckyblock.procedures.Structures5Procedure/]: [STRUCT5-FLAT] scoring termine : 279 candidat(s) en 3 ms (joueur 0 ms, emprises 1 ms, mesures terrain 2 ms) -- T57
[09Oct2026 21:23:54.637] [Server thread/INFO] [deepluckyblock.procedures.Structures5Procedure/]: [STRUCT5-FLAT] 3526 candidat(s) ecarte(s) : surface en EAU (un lac est plat mais inconstructible) -- T75
[09Oct2026 21:23:54.740] [Server thread/INFO] [deepluckyblock.procedures.Structures5Procedure/]: [STRUCT5-FLAT] tranche 100ms terminée après 16 candidat(s); 263 restent dans CE MÊME cercle
[09Oct2026 21:23:54.744] [Server thread/INFO] [deepluckyblock.procedures.Structures5Procedure/]: [STRUCT5] === PASTE citadel === off=[20,-35,20] dist=0 facing=south
[09Oct2026 21:23:54.753] [Server thread/INFO] [deepluckyblock.procedures.Structures5Procedure/]: [STRUCT5-FLAT] grille de scoring : 97x97 cellules (9409 connues) en 9 ms -- T59/T62 (406212 recherche(s) de chunk, dont 1 ayant attendu >2 ms, 74 ms au total)
[09Oct2026 21:23:54.757] [Server thread/INFO] [deepluckyblock.procedures.Structures5Procedure/]: [STRUCT5-FLAT] scoring termine : 263 candidat(s) en 3 ms (joueur 0 ms, emprises 0 ms, mesures terrain 3 ms) -- T57
[09Oct2026 21:23:54.757] [Server thread/INFO] [deepluckyblock.procedures.Structures5Procedure/]: [STRUCT5-FLAT] 3526 candidat(s) ecarte(s) : surface en EAU (un lac est plat mais inconstructible) -- T75
[09Oct2026 21:23:54.868] [Server thread/INFO] [deepluckyblock.procedures.Structures5Procedure/]: [STRUCT5-FLAT] tranche 100ms terminée après 15 candidat(s); 248 restent dans CE MÊME cercle
[09Oct2026 21:23:54.872] [Server thread/INFO] [deepluckyblock.procedures.Structures5Procedure/]: [STRUCT5] === PASTE citadel === off=[20,-35,20] dist=0 facing=south
[09Oct2026 21:23:54.882] [Server thread/INFO] [deepluckyblock.procedures.Structures5Procedure/]: [STRUCT5-FLAT] grille de scoring : 97x97 cellules (9409 connues) en 10 ms -- T59/T62 (420849 recherche(s) de chunk, dont 1 ayant attendu >2 ms, 77 ms au total)
[09Oct2026 21:23:54.885] [Server thread/INFO] [deepluckyblock.procedures.Structures5Procedure/]: [STRUCT5-FLAT] scoring termine : 248 candidat(s) en 3 ms (joueur 1 ms, emprises 0 ms, mesures terrain 2 ms) -- T57
[09Oct2026 21:23:54.885] [Server thread/INFO] [deepluckyblock.procedures.Structures5Procedure/]: [STRUCT5-FLAT] 3526 candidat(s) ecarte(s) : surface en EAU (un lac est plat mais inconstructible) -- T75
[09Oct2026 21:23:54.987] [Server thread/INFO] [deepluckyblock.procedures.Structures5Procedure/]: [STRUCT5-FLAT] tranche 100ms terminée après 16 candidat(s); 232 restent dans CE MÊME cercle
[09Oct2026 21:23:54.993] [Server thread/INFO] [deepluckyblock.procedures.Structures5Procedure/]: [STRUCT5] === PASTE citadel === off=[20,-35,20] dist=0 facing=south
[09Oct2026 21:23:55.003] [Server thread/INFO] [deepluckyblock.procedures.Structures5Procedure/]: [STRUCT5-FLAT] grille de scoring : 97x97 cellules (9409 connues) en 9 ms -- T59/T62 (435751 recherche(s) de chunk, dont 1 ayant attendu >2 ms, 79 ms au total)
[09Oct2026 21:23:55.011] [Server thread/INFO] [deepluckyblock.procedures.Structures5Procedure/]: [STRUCT5-FLAT] scoring termine : 232 candidat(s) en 3 ms (joueur 0 ms, emprises 0 ms, mesures terrain 3 ms) -- T57
[09Oct2026 21:23:55.011] [Server thread/INFO] [deepluckyblock.procedures.Structures5Procedure/]: [STRUCT5-FLAT] 3526 candidat(s) ecarte(s) : surface en EAU (un lac est plat mais inconstructible) -- T75
[09Oct2026 21:23:55.120] [Server thread/INFO] [deepluckyblock.procedures.Structures5Procedure/]: [STRUCT5-FLAT] tranche 100ms terminée après 22 candidat(s); 210 restent dans CE MÊME cercle
[09Oct2026 21:23:55.124] [Server thread/INFO] [deepluckyblock.procedures.Structures5Procedure/]: [STRUCT5] === PASTE citadel === off=[20,-35,20] dist=0 facing=south
[09Oct2026 21:23:55.133] [Server thread/INFO] [deepluckyblock.procedures.Structures5Procedure/]: [STRUCT5-FLAT] grille de scoring : 97x97 cellules (9409 connues) en 9 ms -- T59/T62 (452108 recherche(s) de chunk, dont 1 ayant attendu >2 ms, 82 ms au total)
[09Oct2026 21:23:55.137] [Server thread/INFO] [deepluckyblock.procedures.Structures5Procedure/]: [STRUCT5-FLAT] scoring termine : 210 candidat(s) en 4 ms (joueur 0 ms, emprises 1 ms, mesures terrain 3 ms) -- T57
[09Oct2026 21:23:55.137] [Server thread/INFO] [deepluckyblock.procedures.Structures5Procedure/]: [STRUCT5-FLAT] 3526 candidat(s) ecarte(s) : surface en EAU (un lac est plat mais inconstructible) -- T75
[09Oct2026 21:23:55.239] [Server thread/INFO] [deepluckyblock.procedures.Structures5Procedure/]: [STRUCT5-FLAT] tranche 100ms terminée après 20 candidat(s); 190 restent dans CE MÊME cercle
[09Oct2026 21:23:55.242] [Server thread/INFO] [deepluckyblock.procedures.Structures5Procedure/]: [STRUCT5] === PASTE citadel === off=[20,-35,20] dist=0 facing=south
[09Oct2026 21:23:55.252] [Server thread/INFO] [deepluckyblock.procedures.Structures5Procedure/]: [STRUCT5-FLAT] grille de scoring : 97x97 cellules (9409 connues) en 9 ms -- T59/T62 (467105 recherche(s) de chunk, dont 1 ayant attendu >2 ms, 84 ms au total)
[09Oct2026 21:23:55.255] [Server thread/INFO] [deepluckyblock.procedures.Structures5Procedure/]: [STRUCT5-FLAT] scoring termine : 190 candidat(s) en 3 ms (joueur 0 ms, emprises 0 ms, mesures terrain 3 ms) -- T57
[09Oct2026 21:23:55.255] [Server thread/INFO] [deepluckyblock.procedures.Structures5Procedure/]: [STRUCT5-FLAT] 3526 candidat(s) ecarte(s) : surface en EAU (un lac est plat mais inconstructible) -- T75
[09Oct2026 21:23:55.366] [Server thread/INFO] [deepluckyblock.procedures.Structures5Procedure/]: [STRUCT5-FLAT] tranche 100ms terminée après 17 candidat(s); 173 restent dans CE MÊME cercle
[09Oct2026 21:23:55.370] [Server thread/INFO] [deepluckyblock.procedures.Structures5Procedure/]: [STRUCT5] === PASTE citadel === off=[20,-35,20] dist=0 facing=south
[09Oct2026 21:23:55.379] [Server thread/INFO] [deepluckyblock.procedures.Structures5Procedure/]: [STRUCT5-FLAT] grille de scoring : 97x97 cellules (9409 connues) en 9 ms -- T59/T62 (482912 recherche(s) de chunk, dont 1 ayant attendu >2 ms, 87 ms au total)
[09Oct2026 21:23:55.383] [Server thread/INFO] [deepluckyblock.procedures.Structures5Procedure/]: [STRUCT5-FLAT] scoring termine : 173 candidat(s) en 2 ms (joueur 0 ms, emprises 0 ms, mesures terrain 2 ms) -- T57
[09Oct2026 21:23:55.383] [Server thread/INFO] [deepluckyblock.procedures.Structures5Procedure/]: [STRUCT5-FLAT] 3526 candidat(s) ecarte(s) : surface en EAU (un lac est plat mais inconstructible) -- T75
[09Oct2026 21:23:55.486] [Server thread/INFO] [deepluckyblock.procedures.Structures5Procedure/]: [STRUCT5-FLAT] tranche 100ms terminée après 24 candidat(s); 149 restent dans CE MÊME cercle
[09Oct2026 21:23:55.490] [Server thread/INFO] [deepluckyblock.procedures.Structures5Procedure/]: [STRUCT5] === PASTE citadel === off=[20,-35,20] dist=0 facing=south
[09Oct2026 21:23:55.499] [Server thread/INFO] [deepluckyblock.procedures.Structures5Procedure/]: [STRUCT5-FLAT] grille de scoring : 97x97 cellules (9409 connues) en 9 ms -- T59/T62 (498139 recherche(s) de chunk, dont 1 ayant attendu >2 ms, 89 ms au total)
[09Oct2026 21:23:55.503] [Server thread/INFO] [deepluckyblock.procedures.Structures5Procedure/]: [STRUCT5-FLAT] scoring termine : 149 candidat(s) en 3 ms (joueur 0 ms, emprises 0 ms, mesures terrain 3 ms) -- T57
[09Oct2026 21:23:55.503] [Server thread/INFO] [deepluckyblock.procedures.Structures5Procedure/]: [STRUCT5-FLAT] 3526 candidat(s) ecarte(s) : surface en EAU (un lac est plat mais inconstructible) -- T75
[09Oct2026 21:23:55.605] [Server thread/INFO] [deepluckyblock.procedures.Structures5Procedure/]: [STRUCT5-FLAT] tranche 100ms terminée après 17 candidat(s); 132 restent dans CE MÊME cercle
[09Oct2026 21:23:55.605] [Server thread/WARN] [net.minecraft.server.MinecraftServer/]: Can't keep up! Is the server overloaded? Running 2055ms or 41 ticks behind
[09Oct2026 21:23:55.613] [Server thread/INFO] [deepluckyblock.procedures.Structures5Procedure/]: [STRUCT5] === PASTE citadel === off=[20,-35,20] dist=0 facing=south
[09Oct2026 21:23:55.622] [Server thread/INFO] [deepluckyblock.procedures.Structures5Procedure/]: [STRUCT5-FLAT] grille de scoring : 97x97 cellules (9409 connues) en 9 ms -- T59/T62 (513106 recherche(s) de chunk, dont 1 ayant attendu >2 ms, 92 ms au total)
[09Oct2026 21:23:55.625] [Server thread/INFO] [deepluckyblock.procedures.Structures5Procedure/]: [STRUCT5-FLAT] scoring termine : 132 candidat(s) en 3 ms (joueur 0 ms, emprises 0 ms, mesures terrain 3 ms) -- T57
[09Oct2026 21:23:55.625] [Server thread/INFO] [deepluckyblock.procedures.Structures5Procedure/]: [STRUCT5-FLAT] 3526 candidat(s) ecarte(s) : surface en EAU (un lac est plat mais inconstructible) -- T75
[09Oct2026 21:23:55.735] [Server thread/INFO] [deepluckyblock.procedures.Structures5Procedure/]: [STRUCT5-FLAT] tranche 100ms terminée après 24 candidat(s); 108 restent dans CE MÊME cercle
[09Oct2026 21:23:55.739] [Server thread/INFO] [deepluckyblock.procedures.Structures5Procedure/]: [STRUCT5] === PASTE citadel === off=[20,-35,20] dist=0 facing=south
[09Oct2026 21:23:55.748] [Server thread/INFO] [deepluckyblock.procedures.Structures5Procedure/]: [STRUCT5-FLAT] grille de scoring : 97x97 cellules (9409 connues) en 9 ms -- T59/T62 (528618 recherche(s) de chunk, dont 1 ayant attendu >2 ms, 94 ms au total)
[09Oct2026 21:23:55.751] [Server thread/INFO] [deepluckyblock.procedures.Structures5Procedure/]: [STRUCT5-FLAT] scoring termine : 108 candidat(s) en 2 ms (joueur 0 ms, emprises 0 ms, mesures terrain 2 ms) -- T57
[09Oct2026 21:23:55.751] [Server thread/INFO] [deepluckyblock.procedures.Structures5Procedure/]: [STRUCT5-FLAT] 3526 candidat(s) ecarte(s) : surface en EAU (un lac est plat mais inconstructible) -- T75
[09Oct2026 21:23:55.853] [Server thread/INFO] [deepluckyblock.procedures.Structures5Procedure/]: [STRUCT5-FLAT] tranche 100ms terminée après 32 candidat(s); 76 restent dans CE MÊME cercle
[09Oct2026 21:23:55.857] [Server thread/INFO] [deepluckyblock.procedures.Structures5Procedure/]: [STRUCT5] === PASTE citadel === off=[20,-35,20] dist=0 facing=south
[09Oct2026 21:23:55.866] [Server thread/INFO] [deepluckyblock.procedures.Structures5Procedure/]: [STRUCT5-FLAT] grille de scoring : 97x97 cellules (9409 connues) en 9 ms -- T59/T62 (543395 recherche(s) de chunk, dont 1 ayant attendu >2 ms, 97 ms au total)
[09Oct2026 21:23:55.869] [Server thread/INFO] [deepluckyblock.procedures.Structures5Procedure/]: [STRUCT5-FLAT] scoring termine : 76 candidat(s) en 2 ms (joueur 0 ms, emprises 0 ms, mesures terrain 2 ms) -- T57
[09Oct2026 21:23:55.870] [Server thread/INFO] [deepluckyblock.procedures.Structures5Procedure/]: [STRUCT5-FLAT] 3526 candidat(s) ecarte(s) : surface en EAU (un lac est plat mais inconstructible) -- T75
[09Oct2026 21:23:55.971] [Server thread/INFO] [deepluckyblock.procedures.Structures5Procedure/]: [STRUCT5-FLAT] tranche 100ms terminée après 33 candidat(s); 43 restent dans CE MÊME cercle
[09Oct2026 21:23:55.975] [Server thread/INFO] [deepluckyblock.procedures.Structures5Procedure/]: [STRUCT5] === PASTE citadel === off=[20,-35,20] dist=0 facing=south
[09Oct2026 21:23:55.984] [Server thread/INFO] [deepluckyblock.procedures.Structures5Procedure/]: [STRUCT5-FLAT] grille de scoring : 97x97 cellules (9409 connues) en 9 ms -- T59/T62 (558372 recherche(s) de chunk, dont 1 ayant attendu >2 ms, 99 ms au total)
[09Oct2026 21:23:55.988] [Server thread/INFO] [deepluckyblock.procedures.Structures5Procedure/]: [STRUCT5-FLAT] scoring termine : 43 candidat(s) en 2 ms (joueur 0 ms, emprises 0 ms, mesures terrain 2 ms) -- T57
[09Oct2026 21:23:55.988] [Server thread/INFO] [deepluckyblock.procedures.Structures5Procedure/]: [STRUCT5-FLAT] 3526 candidat(s) ecarte(s) : surface en EAU (un lac est plat mais inconstructible) -- T75
[09Oct2026 21:23:56.090] [Server thread/INFO] [deepluckyblock.procedures.Structures5Procedure/]: [STRUCT5-FLAT] tranche 100ms terminée après 40 candidat(s); 3 restent dans CE MÊME cercle
[09Oct2026 21:23:56.094] [Server thread/INFO] [deepluckyblock.procedures.Structures5Procedure/]: [STRUCT5] === PASTE citadel === off=[20,-35,20] dist=0 facing=south
[09Oct2026 21:23:56.103] [Server thread/INFO] [deepluckyblock.procedures.Structures5Procedure/]: [STRUCT5-FLAT] grille de scoring : 97x97 cellules (9409 connues) en 8 ms -- T59/T62 (572689 recherche(s) de chunk, dont 1 ayant attendu >2 ms, 102 ms au total)
[09Oct2026 21:23:56.107] [Server thread/INFO] [deepluckyblock.procedures.Structures5Procedure/]: [STRUCT5-FLAT] scoring termine : 3 candidat(s) en 1 ms (joueur 0 ms, emprises 0 ms, mesures terrain 1 ms) -- T57
[09Oct2026 21:23:56.107] [Server thread/INFO] [deepluckyblock.procedures.Structures5Procedure/]: [STRUCT5-FLAT] 3526 candidat(s) ecarte(s) : surface en EAU (un lac est plat mais inconstructible) -- T75
[09Oct2026 21:23:56.121] [Server thread/INFO] [deepluckyblock.procedures.Structures5Procedure/]: [STRUCT5-FLAT] aucun centre x0,6 conforme (relief <= 10, eau=0) -- nouvelle couronne jusqu'a 256 blocs; reprise asynchrone
[09Oct2026 21:23:56.124] [Server thread/INFO] [deepluckyblock.procedures.Structures5Procedure/]: [STRUCT5] === PASTE citadel === off=[20,-35,20] dist=0 facing=south
[09Oct2026 21:23:56.143] [Server thread/INFO] [deepluckyblock.procedures.Structures5Procedure/]: [STRUCT5-FLAT] grille de scoring : 147x147 cellules (13924 connues) en 18 ms -- T59/T62 (580971 recherche(s) de chunk, dont 1 ayant attendu >2 ms, 104 ms au total)
[09Oct2026 21:23:56.169] [Server thread/INFO] [deepluckyblock.procedures.Structures5Procedure/]: [STRUCT5-FLAT] scoring termine : 524 candidat(s) en 18 ms (joueur 3 ms, emprises 1 ms, mesures terrain 14 ms) -- T57
[09Oct2026 21:23:56.170] [Server thread/INFO] [deepluckyblock.procedures.Structures5Procedure/]: [STRUCT5-FLAT] 4224 candidat(s) ecarte(s) : surface en EAU (un lac est plat mais inconstructible) -- T75
[09Oct2026 21:23:56.273] [Server thread/INFO] [deepluckyblock.procedures.Structures5Procedure/]: [STRUCT5-FLAT] tranche 100ms terminée après 146 candidat(s); 378 restent dans CE MÊME cercle
[09Oct2026 21:23:56.334] [Server thread/INFO] [deepluckyblock.procedures.Structures5Procedure/]: [STRUCT5] === PASTE citadel === off=[20,-35,20] dist=0 facing=south
[09Oct2026 21:23:56.339] [Server thread/INFO] [deepluckyblock.procedures.Structures5Procedure/]: [STRUCT5-FLAT] 96 candidat(s) differes en attente de leur zone (fond)
[09Oct2026 21:23:56.358] [Server thread/INFO] [deepluckyblock.procedures.Structures5Procedure/]: [STRUCT5-FLAT] grille de scoring : 147x147 cellules (13924 connues) en 19 ms -- T59/T62 (604058 recherche(s) de chunk, dont 1 ayant attendu >2 ms, 108 ms au total)
[09Oct2026 21:23:56.377] [Server thread/INFO] [deepluckyblock.procedures.Structures5Procedure/]: [STRUCT5-FLAT] scoring termine : 474 candidat(s) en 15 ms (joueur 0 ms, emprises 0 ms, mesures terrain 15 ms) -- T57
[09Oct2026 21:23:56.378] [Server thread/INFO] [deepluckyblock.procedures.Structures5Procedure/]: [STRUCT5-FLAT] 4224 candidat(s) ecarte(s) : surface en EAU (un lac est plat mais inconstructible) -- T75
[09Oct2026 21:23:56.488] [Server thread/INFO] [deepluckyblock.procedures.Structures5Procedure/]: [STRUCT5-FLAT] tranche 100ms terminée après 177 candidat(s); 297 restent dans CE MÊME cercle
[09Oct2026 21:23:56.492] [Server thread/INFO] [deepluckyblock.procedures.Structures5Procedure/]: [STRUCT5] === PASTE citadel === off=[20,-35,20] dist=0 facing=south
[09Oct2026 21:23:56.527] [Server thread/INFO] [deepluckyblock.procedures.Structures5Procedure/]: [STRUCT5-FLAT] grille de scoring : 147x147 cellules (13924 connues) en 22 ms -- T59/T62 (624068 recherche(s) de chunk, dont 1 ayant attendu >2 ms, 112 ms au total)
[09Oct2026 21:23:56.542] [Server thread/INFO] [deepluckyblock.procedures.Structures5Procedure/]: [STRUCT5-FLAT] scoring termine : 297 candidat(s) en 4 ms (joueur 0 ms, emprises 1 ms, mesures terrain 3 ms) -- T57
[09Oct2026 21:23:56.542] [Server thread/INFO] [deepluckyblock.procedures.Structures5Procedure/]: [STRUCT5-FLAT] 4224 candidat(s) ecarte(s) : surface en EAU (un lac est plat mais inconstructible) -- T75
[09Oct2026 21:23:56.643] [Server thread/INFO] [deepluckyblock.procedures.Structures5Procedure/]: [STRUCT5-FLAT] tranche 100ms terminée après 105 candidat(s); 192 restent dans CE MÊME cercle
[09Oct2026 21:23:56.660] [Server thread/INFO] [deepluckyblock.procedures.Structures5Procedure/]: [STRUCT5] === PASTE citadel === off=[20,-35,20] dist=0 facing=south
[09Oct2026 21:23:56.680] [Server thread/INFO] [deepluckyblock.procedures.Structures5Procedure/]: [STRUCT5-FLAT] grille de scoring : 147x147 cellules (13924 connues) en 15 ms -- T59/T62 (641804 recherche(s) de chunk, dont 1 ayant attendu >2 ms, 115 ms au total)
[09Oct2026 21:23:56.689] [Server thread/INFO] [deepluckyblock.procedures.Structures5Procedure/]: [STRUCT5-FLAT] scoring termine : 192 candidat(s) en 3 ms (joueur 0 ms, emprises 0 ms, mesures terrain 3 ms) -- T57
[09Oct2026 21:23:56.689] [Server thread/INFO] [deepluckyblock.procedures.Structures5Procedure/]: [STRUCT5-FLAT] 4224 candidat(s) ecarte(s) : surface en EAU (un lac est plat mais inconstructible) -- T75
[09Oct2026 21:23:56.787] [Server thread/INFO] [deepluckyblock.procedures.Structures5Procedure/]: [STRUCT5-FLAT] secours lointain differe : 96 candidat(s) proche(s) encore en chargement (T230)
[09Oct2026 21:23:56.800] [Server thread/INFO] [deepluckyblock.procedures.Structures5Procedure/]: [STRUCT5] === PASTE citadel === off=[20,-35,20] dist=0 facing=south
[09Oct2026 21:23:56.835] [Server thread/INFO] [deepluckyblock.procedures.Structures5Procedure/]: [STRUCT5-FLAT] grille de scoring : 147x147 cellules (13924 connues) en 22 ms -- T59/T62 (668691 recherche(s) de chunk, dont 2 ayant attendu >2 ms, 128 ms au total)
[09Oct2026 21:23:56.845] [Server thread/INFO] [deepluckyblock.procedures.Structures5Procedure/]: [STRUCT5-FLAT] scoring termine : 0 candidat(s) en 0 ms (joueur 0 ms, emprises 0 ms, mesures terrain 0 ms) -- T57
[09Oct2026 21:23:56.853] [Server thread/INFO] [deepluckyblock.procedures.Structures5Procedure/]: [STRUCT5] === PASTE citadel === off=[20,-35,20] dist=0 facing=south
[09Oct2026 21:23:56.894] [Server thread/INFO] [deepluckyblock.procedures.Structures5Procedure/]: [STRUCT5-FLAT] grille de scoring : 147x147 cellules (13924 connues) en 30 ms -- T59/T62 (680997 recherche(s) de chunk, dont 2 ayant attendu >2 ms, 130 ms au total)
[09Oct2026 21:23:56.895] [Server thread/INFO] [deepluckyblock.procedures.Structures5Procedure/]: [STRUCT5-FLAT] scoring termine : 0 candidat(s) en 0 ms (joueur 0 ms, emprises 0 ms, mesures terrain 0 ms) -- T57
[09Oct2026 21:23:56.902] [Server thread/INFO] [deepluckyblock.procedures.Structures5Procedure/]: [STRUCT5] === PASTE citadel === off=[20,-35,20] dist=0 facing=south
[09Oct2026 21:23:56.929] [Server thread/INFO] [deepluckyblock.procedures.Structures5Procedure/]: [STRUCT5-FLAT] grille de scoring : 147x147 cellules (13924 connues) en 22 ms -- T59/T62 (693303 recherche(s) de chunk, dont 2 ayant attendu >2 ms, 132 ms au total)
[09Oct2026 21:23:56.929] [Server thread/INFO] [deepluckyblock.procedures.Structures5Procedure/]: [STRUCT5-FLAT] scoring termine : 0 candidat(s) en 0 ms (joueur 0 ms, emprises 0 ms, mesures terrain 0 ms) -- T57
[09Oct2026 21:23:56.937] [Server thread/INFO] [deepluckyblock.procedures.Structures5Procedure/]: [STRUCT5] === PASTE citadel === off=[20,-35,20] dist=0 facing=south
[09Oct2026 21:23:56.959] [Server thread/INFO] [deepluckyblock.procedures.Structures5Procedure/]: [STRUCT5-FLAT] grille de scoring : 147x147 cellules (13924 connues) en 16 ms -- T59/T62 (705609 recherche(s) de chunk, dont 2 ayant attendu >2 ms, 134 ms au total)
[09Oct2026 21:23:56.959] [Server thread/INFO] [deepluckyblock.procedures.Structures5Procedure/]: [STRUCT5-FLAT] scoring termine : 0 candidat(s) en 0 ms (joueur 0 ms, emprises 0 ms, mesures terrain 0 ms) -- T57
[09Oct2026 21:23:56.967] [Server thread/INFO] [deepluckyblock.procedures.Structures5Procedure/]: [STRUCT5] === PASTE citadel === off=[20,-35,20] dist=0 facing=south
[09Oct2026 21:23:56.993] [Server thread/INFO] [deepluckyblock.procedures.Structures5Procedure/]: [STRUCT5-FLAT] grille de scoring : 147x147 cellules (13924 connues) en 20 ms -- T59/T62 (717915 recherche(s) de chunk, dont 2 ayant attendu >2 ms, 137 ms au total)
[09Oct2026 21:23:56.993] [Server thread/INFO] [deepluckyblock.procedures.Structures5Procedure/]: [STRUCT5-FLAT] scoring termine : 0 candidat(s) en 0 ms (joueur 0 ms, emprises 0 ms, mesures terrain 0 ms) -- T57
[09Oct2026 21:23:57.001] [Server thread/INFO] [deepluckyblock.procedures.Structures5Procedure/]: [STRUCT5] === PASTE citadel === off=[20,-35,20] dist=0 facing=south
[09Oct2026 21:23:57.019] [Server thread/INFO] [deepluckyblock.procedures.Structures5Procedure/]: [STRUCT5-FLAT] grille de scoring : 147x147 cellules (13924 connues) en 14 ms -- T59/T62 (730221 recherche(s) de chunk, dont 2 ayant attendu >2 ms, 139 ms au total)
[09Oct2026 21:23:57.020] [Server thread/INFO] [deepluckyblock.procedures.Structures5Procedure/]: [STRUCT5-FLAT] scoring termine : 0 candidat(s) en 0 ms (joueur 0 ms, emprises 0 ms, mesures terrain 0 ms) -- T57
[09Oct2026 21:23:57.028] [Server thread/INFO] [deepluckyblock.procedures.Structures5Procedure/]: [STRUCT5] === PASTE citadel === off=[20,-35,20] dist=0 facing=south
[09Oct2026 21:23:57.060] [Server thread/INFO] [deepluckyblock.procedures.Structures5Procedure/]: [STRUCT5-FLAT] grille de scoring : 147x147 cellules (13924 connues) en 28 ms -- T59/T62 (742527 recherche(s) de chunk, dont 2 ayant attendu >2 ms, 141 ms au total)
[09Oct2026 21:23:57.060] [Server thread/INFO] [deepluckyblock.procedures.Structures5Procedure/]: [STRUCT5-FLAT] scoring termine : 0 candidat(s) en 0 ms (joueur 0 ms, emprises 0 ms, mesures terrain 0 ms) -- T57
[09Oct2026 21:23:57.076] [Server thread/INFO] [deepluckyblock.procedures.Structures5Procedure/]: [STRUCT5] === PASTE citadel === off=[20,-35,20] dist=0 facing=south
[09Oct2026 21:23:57.110] [Server thread/INFO] [deepluckyblock.procedures.Structures5Procedure/]: [STRUCT5-FLAT] grille de scoring : 147x147 cellules (13924 connues) en 30 ms -- T59/T62 (754833 recherche(s) de chunk, dont 2 ayant attendu >2 ms, 143 ms au total)
[09Oct2026 21:23:57.110] [Server thread/INFO] [deepluckyblock.procedures.Structures5Procedure/]: [STRUCT5-FLAT] scoring termine : 0 candidat(s) en 0 ms (joueur 0 ms, emprises 0 ms, mesures terrain 0 ms) -- T57
[09Oct2026 21:23:57.126] [Server thread/INFO] [deepluckyblock.procedures.Structures5Procedure/]: [STRUCT5] === PASTE citadel === off=[20,-35,20] dist=0 facing=south
[09Oct2026 21:23:57.161] [Server thread/INFO] [deepluckyblock.procedures.Structures5Procedure/]: [STRUCT5-FLAT] grille de scoring : 147x147 cellules (13924 connues) en 31 ms -- T59/T62 (767139 recherche(s) de chunk, dont 2 ayant attendu >2 ms, 146 ms au total)
[09Oct2026 21:23:57.161] [Server thread/INFO] [deepluckyblock.procedures.Structures5Procedure/]: [STRUCT5-FLAT] scoring termine : 0 candidat(s) en 0 ms (joueur 0 ms, emprises 0 ms, mesures terrain 0 ms) -- T57
[09Oct2026 21:23:57.176] [Server thread/INFO] [deepluckyblock.procedures.Structures5Procedure/]: [STRUCT5] === PASTE citadel === off=[20,-35,20] dist=0 facing=south
[09Oct2026 21:23:57.211] [Server thread/INFO] [deepluckyblock.procedures.Structures5Procedure/]: [STRUCT5-FLAT] grille de scoring : 147x147 cellules (13924 connues) en 22 ms -- T59/T62 (779445 recherche(s) de chunk, dont 2 ayant attendu >2 ms, 148 ms au total)
[09Oct2026 21:23:57.211] [Server thread/INFO] [deepluckyblock.procedures.Structures5Procedure/]: [STRUCT5-FLAT] scoring termine : 0 candidat(s) en 0 ms (joueur 0 ms, emprises 0 ms, mesures terrain 0 ms) -- T57
[09Oct2026 21:23:57.227] [Server thread/INFO] [deepluckyblock.procedures.Structures5Procedure/]: [STRUCT5] === PASTE citadel === off=[20,-35,20] dist=0 facing=south
[09Oct2026 21:23:57.271] [Server thread/INFO] [deepluckyblock.procedures.Structures5Procedure/]: [STRUCT5-FLAT] grille de scoring : 147x147 cellules (13924 connues) en 32 ms -- T59/T62 (791751 recherche(s) de chunk, dont 3 ayant attendu >2 ms, 158 ms au total)
[09Oct2026 21:23:57.271] [Server thread/INFO] [deepluckyblock.procedures.Structures5Procedure/]: [STRUCT5-FLAT] scoring termine : 0 candidat(s) en 0 ms (joueur 0 ms, emprises 0 ms, mesures terrain 0 ms) -- T57
[09Oct2026 21:23:57.279] [Server thread/INFO] [deepluckyblock.procedures.Structures5Procedure/]: [STRUCT5] === PASTE citadel === off=[20,-35,20] dist=0 facing=south
[09Oct2026 21:23:57.329] [Server thread/INFO] [deepluckyblock.procedures.Structures5Procedure/]: [STRUCT5-FLAT] grille de scoring : 147x147 cellules (13924 connues) en 37 ms -- T59/T62 (804057 recherche(s) de chunk, dont 3 ayant attendu >2 ms, 161 ms au total)
[09Oct2026 21:23:57.329] [Server thread/INFO] [deepluckyblock.procedures.Structures5Procedure/]: [STRUCT5-FLAT] scoring termine : 0 candidat(s) en 0 ms (joueur 0 ms, emprises 0 ms, mesures terrain 0 ms) -- T57
[09Oct2026 21:23:57.350] [Server thread/INFO] [deepluckyblock.procedures.Structures5Procedure/]: [STRUCT5] === PASTE citadel === off=[20,-35,20] dist=0 facing=south
[09Oct2026 21:23:57.389] [Server thread/INFO] [deepluckyblock.procedures.Structures5Procedure/]: [STRUCT5-FLAT] grille de scoring : 147x147 cellules (13924 connues) en 30 ms -- T59/T62 (816363 recherche(s) de chunk, dont 3 ayant attendu >2 ms, 163 ms au total)
[09Oct2026 21:23:57.396] [Server thread/INFO] [deepluckyblock.procedures.Structures5Procedure/]: [STRUCT5-FLAT] scoring termine : 0 candidat(s) en 0 ms (joueur 0 ms, emprises 0 ms, mesures terrain 0 ms) -- T57
[09Oct2026 21:23:57.409] [Server thread/INFO] [deepluckyblock.procedures.Structures5Procedure/]: [STRUCT5] === PASTE citadel === off=[20,-35,20] dist=0 facing=south
[09Oct2026 21:23:57.454] [Server thread/INFO] [deepluckyblock.procedures.Structures5Procedure/]: [STRUCT5-FLAT] grille de scoring : 147x147 cellules (13924 connues) en 30 ms -- T59/T62 (828669 recherche(s) de chunk, dont 3 ayant attendu >2 ms, 166 ms au total)
[09Oct2026 21:23:57.454] [Server thread/INFO] [deepluckyblock.procedures.Structures5Procedure/]: [STRUCT5-FLAT] scoring termine : 0 candidat(s) en 0 ms (joueur 0 ms, emprises 0 ms, mesures terrain 0 ms) -- T57
[09Oct2026 21:23:57.471] [Server thread/INFO] [deepluckyblock.procedures.Structures5Procedure/]: [STRUCT5] === PASTE citadel === off=[20,-35,20] dist=0 facing=south
[09Oct2026 21:23:57.524] [Server thread/INFO] [deepluckyblock.procedures.Structures5Procedure/]: [STRUCT5-FLAT] grille de scoring : 147x147 cellules (13924 connues) en 49 ms -- T59/T62 (840975 recherche(s) de chunk, dont 3 ayant attendu >2 ms, 168 ms au total)
[09Oct2026 21:23:57.525] [Server thread/INFO] [deepluckyblock.procedures.Structures5Procedure/]: [STRUCT5-FLAT] scoring termine : 0 candidat(s) en 0 ms (joueur 0 ms, emprises 0 ms, mesures terrain 0 ms) -- T57
[09Oct2026 21:23:57.540] [Server thread/INFO] [deepluckyblock.procedures.Structures5Procedure/]: [STRUCT5] === PASTE citadel === off=[20,-35,20] dist=0 facing=south
[09Oct2026 21:23:57.576] [Server thread/INFO] [deepluckyblock.procedures.Structures5Procedure/]: [STRUCT5-FLAT] grille de scoring : 147x147 cellules (13924 connues) en 23 ms -- T59/T62 (853281 recherche(s) de chunk, dont 3 ayant attendu >2 ms, 171 ms au total)
[09Oct2026 21:23:57.590] [Server thread/INFO] [deepluckyblock.procedures.Structures5Procedure/]: [STRUCT5-FLAT] scoring termine : 0 candidat(s) en 0 ms (joueur 0 ms, emprises 0 ms, mesures terrain 0 ms) -- T57
[09Oct2026 21:23:57.596] [Yggdrasil Key Fetcher/ERROR] [com.mojang.authlib.yggdrasil.YggdrasilServicesKeyInfo/]: Failed to request yggdrasil public key
com.mojang.authlib.exceptions.MinecraftClientException: Failed to read from https://api.minecraftservices.com/publickeys due to Remote host terminated the handshake
	at MC-BOOTSTRAP/authlib@6.0.54/com.mojang.authlib.minecraft.client.MinecraftClient.readInputStream(MinecraftClient.java:108) ~[authlib-6.0.54.jar%2377!/:?]
	at MC-BOOTSTRAP/authlib@6.0.54/com.mojang.authlib.minecraft.client.MinecraftClient.get(MinecraftClient.java:57) ~[authlib-6.0.54.jar%2377!/:?]
	at MC-BOOTSTRAP/authlib@6.0.54/com.mojang.authlib.yggdrasil.YggdrasilServicesKeyInfo.fetch(YggdrasilServicesKeyInfo.java:114) ~[authlib-6.0.54.jar%2377!/:?]
	at MC-BOOTSTRAP/authlib@6.0.54/com.mojang.authlib.yggdrasil.YggdrasilServicesKeyInfo$1.run(YggdrasilServicesKeyInfo.java:89) ~[authlib-6.0.54.jar%2377!/:?]
	at java.base/java.util.concurrent.Executors$RunnableAdapter.call(Executors.java:572) ~[?:?]
	at java.base/java.util.concurrent.FutureTask.run(FutureTask.java:317) ~[?:?]
	at java.base/java.util.concurrent.ScheduledThreadPoolExecutor$ScheduledFutureTask.run(ScheduledThreadPoolExecutor.java:304) ~[?:?]
	at java.base/java.util.concurrent.ThreadPoolExecutor.runWorker(ThreadPoolExecutor.java:1144) ~[?:?]
	at java.base/java.util.concurrent.ThreadPoolExecutor$Worker.run(ThreadPoolExecutor.java:642) ~[?:?]
	at java.base/java.lang.Thread.run(Thread.java:1583) [?:?]
Caused by: javax.net.ssl.SSLHandshakeException: Remote host terminated the handshake
	at java.base/sun.security.ssl.SSLSocketImpl.handleEOF(SSLSocketImpl.java:1715) ~[?:?]
	at java.base/sun.security.ssl.SSLSocketImpl.decode(SSLSocketImpl.java:1513) ~[?:?]
	at java.base/sun.security.ssl.SSLSocketImpl.readHandshakeRecord(SSLSocketImpl.java:1420) ~[?:?]
	at java.base/sun.security.ssl.SSLSocketImpl.startHandshake(SSLSocketImpl.java:455) ~[?:?]
	at java.base/sun.security.ssl.SSLSocketImpl.startHandshake(SSLSocketImpl.java:426) ~[?:?]
	at java.base/sun.net.www.protocol.https.HttpsClient.afterConnect(HttpsClient.java:593) ~[?:?]
	at java.base/sun.net.www.protocol.https.AbstractDelegateHttpsURLConnection.connect(AbstractDelegateHttpsURLConnection.java:190) ~[?:?]
	at java.base/sun.net.www.protocol.http.HttpURLConnection.getInputStream0(HttpURLConnection.java:1707) ~[?:?]
	at java.base/sun.net.www.protocol.http.HttpURLConnection.getInputStream(HttpURLConnection.java:1632) ~[?:?]
	at java.base/java.net.HttpURLConnection.getResponseCode(HttpURLConnection.java:531) ~[?:?]
	at java.base/sun.net.www.protocol.https.HttpsURLConnectionImpl.getResponseCode(HttpsURLConnectionImpl.java:307) ~[?:?]
	at MC-BOOTSTRAP/authlib@6.0.54/com.mojang.authlib.minecraft.client.MinecraftClient.readInputStream(MinecraftClient.java:84) ~[authlib-6.0.54.jar%2377!/:?]
	... 9 more
Caused by: java.io.EOFException: SSL peer shut down incorrectly
	at java.base/sun.security.ssl.SSLSocketInputRecord.read(SSLSocketInputRecord.java:494) ~[?:?]
	at java.base/sun.security.ssl.SSLSocketInputRecord.readHeader(SSLSocketInputRecord.java:483) ~[?:?]
	at java.base/sun.security.ssl.SSLSocketInputRecord.decode(SSLSocketInputRecord.java:160) ~[?:?]
	at java.base/sun.security.ssl.SSLTransport.decode(SSLTransport.java:111) ~[?:?]
	at java.base/sun.security.ssl.SSLSocketImpl.decode(SSLSocketImpl.java:1505) ~[?:?]
	at java.base/sun.security.ssl.SSLSocketImpl.readHandshakeRecord(SSLSocketImpl.java:1420) ~[?:?]
	at java.base/sun.security.ssl.SSLSocketImpl.startHandshake(SSLSocketImpl.java:455) ~[?:?]
	at java.base/sun.security.ssl.SSLSocketImpl.startHandshake(SSLSocketImpl.java:426) ~[?:?]
	at java.base/sun.net.www.protocol.https.HttpsClient.afterConnect(HttpsClient.java:593) ~[?:?]
	at java.base/sun.net.www.protocol.https.AbstractDelegateHttpsURLConnection.connect(AbstractDelegateHttpsURLConnection.java:190) ~[?:?]
	at java.base/sun.net.www.protocol.http.HttpURLConnection.getInputStream0(HttpURLConnection.java:1707) ~[?:?]
	at java.base/sun.net.www.protocol.http.HttpURLConnection.getInputStream(HttpURLConnection.java:1632) ~[?:?]
	at java.base/java.net.HttpURLConnection.getResponseCode(HttpURLConnection.java:531) ~[?:?]
	at java.base/sun.net.www.protocol.https.HttpsURLConnectionImpl.getResponseCode(HttpsURLConnectionImpl.java:307) ~[?:?]
	at MC-BOOTSTRAP/authlib@6.0.54/com.mojang.authlib.minecraft.client.MinecraftClient.readInputStream(MinecraftClient.java:84) ~[authlib-6.0.54.jar%2377!/:?]
	... 9 more
[09Oct2026 21:23:57.609] [Server thread/INFO] [deepluckyblock.procedures.Structures5Procedure/]: [STRUCT5] === PASTE citadel === off=[20,-35,20] dist=0 facing=south
[09Oct2026 21:23:57.643] [Server thread/INFO] [deepluckyblock.procedures.Structures5Procedure/]: [STRUCT5-FLAT] grille de scoring : 147x147 cellules (13924 connues) en 30 ms -- T59/T62 (865587 recherche(s) de chunk, dont 3 ayant attendu >2 ms, 173 ms au total)
[09Oct2026 21:23:57.643] [Server thread/INFO] [deepluckyblock.procedures.Structures5Procedure/]: [STRUCT5-FLAT] scoring termine : 0 candidat(s) en 0 ms (joueur 0 ms, emprises 0 ms, mesures terrain 0 ms) -- T57
[09Oct2026 21:23:57.651] [Server thread/INFO] [deepluckyblock.procedures.Structures5Procedure/]: [STRUCT5] === PASTE citadel === off=[20,-35,20] dist=0 facing=south
[09Oct2026 21:23:57.695] [Server thread/INFO] [deepluckyblock.procedures.Structures5Procedure/]: [STRUCT5-FLAT] grille de scoring : 147x147 cellules (13924 connues) en 27 ms -- T59/T62 (877893 recherche(s) de chunk, dont 3 ayant attendu >2 ms, 176 ms au total)
[09Oct2026 21:23:57.695] [Server thread/INFO] [deepluckyblock.procedures.Structures5Procedure/]: [STRUCT5-FLAT] scoring termine : 0 candidat(s) en 0 ms (joueur 0 ms, emprises 0 ms, mesures terrain 0 ms) -- T57
[09Oct2026 21:23:57.717] [Server thread/INFO] [deepluckyblock.procedures.Structures5Procedure/]: [STRUCT5] === PASTE citadel === off=[20,-35,20] dist=0 facing=south
[09Oct2026 21:23:57.748] [Server thread/INFO] [deepluckyblock.procedures.Structures5Procedure/]: [STRUCT5-FLAT] grille de scoring : 147x147 cellules (13924 connues) en 25 ms -- T59/T62 (890199 recherche(s) de chunk, dont 3 ayant attendu >2 ms, 178 ms au total)
[09Oct2026 21:23:57.748] [Server thread/INFO] [deepluckyblock.procedures.Structures5Procedure/]: [STRUCT5-FLAT] scoring termine : 0 candidat(s) en 0 ms (joueur 0 ms, emprises 0 ms, mesures terrain 0 ms) -- T57
[09Oct2026 21:23:57.756] [Server thread/INFO] [deepluckyblock.procedures.Structures5Procedure/]: [STRUCT5] === PASTE citadel === off=[20,-35,20] dist=0 facing=south
[09Oct2026 21:23:57.774] [Server thread/INFO] [deepluckyblock.procedures.Structures5Procedure/]: [STRUCT5-FLAT] grille de scoring : 147x147 cellules (13924 connues) en 14 ms -- T59/T62 (902505 recherche(s) de chunk, dont 3 ayant attendu >2 ms, 180 ms au total)
[09Oct2026 21:23:57.774] [Server thread/INFO] [deepluckyblock.procedures.Structures5Procedure/]: [STRUCT5-FLAT] scoring termine : 0 candidat(s) en 0 ms (joueur 0 ms, emprises 0 ms, mesures terrain 0 ms) -- T57
[09Oct2026 21:23:57.783] [Server thread/INFO] [deepluckyblock.procedures.Structures5Procedure/]: [STRUCT5] === PASTE citadel === off=[20,-35,20] dist=0 facing=south
[09Oct2026 21:23:57.807] [Server thread/INFO] [deepluckyblock.procedures.Structures5Procedure/]: [STRUCT5-FLAT] grille de scoring : 147x147 cellules (13924 connues) en 14 ms -- T59/T62 (914811 recherche(s) de chunk, dont 3 ayant attendu >2 ms, 183 ms au total)
[09Oct2026 21:23:57.807] [Server thread/INFO] [deepluckyblock.procedures.Structures5Procedure/]: [STRUCT5-FLAT] scoring termine : 0 candidat(s) en 0 ms (joueur 0 ms, emprises 0 ms, mesures terrain 0 ms) -- T57
[09Oct2026 21:23:57.815] [Server thread/INFO] [deepluckyblock.procedures.Structures5Procedure/]: [STRUCT5] === PASTE citadel === off=[20,-35,20] dist=0 facing=south
[09Oct2026 21:23:57.841] [Server thread/INFO] [deepluckyblock.procedures.Structures5Procedure/]: [STRUCT5-FLAT] grille de scoring : 147x147 cellules (13924 connues) en 22 ms -- T59/T62 (927117 recherche(s) de chunk, dont 3 ayant attendu >2 ms, 185 ms au total)
[09Oct2026 21:23:57.848] [Server thread/INFO] [deepluckyblock.procedures.Structures5Procedure/]: [STRUCT5-FLAT] scoring termine : 0 candidat(s) en 0 ms (joueur 0 ms, emprises 0 ms, mesures terrain 0 ms) -- T57
[09Oct2026 21:23:57.863] [Server thread/INFO] [deepluckyblock.procedures.Structures5Procedure/]: [STRUCT5] === PASTE citadel === off=[20,-35,20] dist=0 facing=south
[09Oct2026 21:23:57.896] [Server thread/INFO] [deepluckyblock.procedures.Structures5Procedure/]: [STRUCT5-FLAT] grille de scoring : 147x147 cellules (13924 connues) en 29 ms -- T59/T62 (939423 recherche(s) de chunk, dont 3 ayant attendu >2 ms, 187 ms au total)
[09Oct2026 21:23:57.896] [Server thread/INFO] [deepluckyblock.procedures.Structures5Procedure/]: [STRUCT5-FLAT] scoring termine : 0 candidat(s) en 0 ms (joueur 0 ms, emprises 0 ms, mesures terrain 0 ms) -- T57
[09Oct2026 21:23:57.905] [Server thread/INFO] [deepluckyblock.procedures.Structures5Procedure/]: [STRUCT5] === PASTE citadel === off=[20,-35,20] dist=0 facing=south
[09Oct2026 21:23:57.925] [Server thread/INFO] [deepluckyblock.procedures.Structures5Procedure/]: [STRUCT5-FLAT] grille de scoring : 147x147 cellules (13924 connues) en 14 ms -- T59/T62 (951729 recherche(s) de chunk, dont 3 ayant attendu >2 ms, 190 ms au total)
[09Oct2026 21:23:57.925] [Server thread/INFO] [deepluckyblock.procedures.Structures5Procedure/]: [STRUCT5-FLAT] scoring termine : 0 candidat(s) en 0 ms (joueur 0 ms, emprises 0 ms, mesures terrain 0 ms) -- T57
[09Oct2026 21:23:57.932] [Server thread/INFO] [deepluckyblock.procedures.Structures5Procedure/]: [STRUCT5] === PASTE citadel === off=[20,-35,20] dist=0 facing=south
[09Oct2026 21:23:57.950] [Server thread/INFO] [deepluckyblock.procedures.Structures5Procedure/]: [STRUCT5-FLAT] grille de scoring : 147x147 cellules (13924 connues) en 14 ms -- T59/T62 (964035 recherche(s) de chunk, dont 3 ayant attendu >2 ms, 192 ms au total)
[09Oct2026 21:23:57.950] [Server thread/INFO] [deepluckyblock.procedures.Structures5Procedure/]: [STRUCT5-FLAT] scoring termine : 0 candidat(s) en 0 ms (joueur 0 ms, emprises 0 ms, mesures terrain 0 ms) -- T57
[09Oct2026 21:23:57.961] [Server thread/INFO] [deepluckyblock.procedures.Structures5Procedure/]: [STRUCT5] === PASTE citadel === off=[20,-35,20] dist=0 facing=south
[09Oct2026 21:23:57.979] [Server thread/INFO] [deepluckyblock.procedures.Structures5Procedure/]: [STRUCT5-FLAT] grille de scoring : 147x147 cellules (13924 connues) en 14 ms -- T59/T62 (976341 recherche(s) de chunk, dont 3 ayant attendu >2 ms, 194 ms au total)
[09Oct2026 21:23:57.979] [Server thread/INFO] [deepluckyblock.procedures.Structures5Procedure/]: [STRUCT5-FLAT] scoring termine : 0 candidat(s) en 0 ms (joueur 0 ms, emprises 0 ms, mesures terrain 0 ms) -- T57
[09Oct2026 21:23:57.986] [Server thread/INFO] [deepluckyblock.procedures.Structures5Procedure/]: [STRUCT5] === PASTE citadel === off=[20,-35,20] dist=0 facing=south
[09Oct2026 21:23:58.004] [Server thread/INFO] [deepluckyblock.procedures.Structures5Procedure/]: [STRUCT5-FLAT] grille de scoring : 147x147 cellules (13924 connues) en 13 ms -- T59/T62 (988647 recherche(s) de chunk, dont 3 ayant attendu >2 ms, 196 ms au total)
[09Oct2026 21:23:58.004] [Server thread/INFO] [deepluckyblock.procedures.Structures5Procedure/]: [STRUCT5-FLAT] scoring termine : 0 candidat(s) en 0 ms (joueur 0 ms, emprises 0 ms, mesures terrain 0 ms) -- T57
[09Oct2026 21:23:58.012] [Server thread/INFO] [deepluckyblock.procedures.Structures5Procedure/]: [STRUCT5] === PASTE citadel === off=[20,-35,20] dist=0 facing=south
[09Oct2026 21:23:58.029] [Server thread/INFO] [deepluckyblock.procedures.Structures5Procedure/]: [STRUCT5-FLAT] grille de scoring : 147x147 cellules (13924 connues) en 14 ms -- T59/T62 (1000953 recherche(s) de chunk, dont 3 ayant attendu >2 ms, 198 ms au total)
[09Oct2026 21:23:58.029] [Server thread/INFO] [deepluckyblock.procedures.Structures5Procedure/]: [STRUCT5-FLAT] scoring termine : 0 candidat(s) en 0 ms (joueur 0 ms, emprises 0 ms, mesures terrain 0 ms) -- T57
[09Oct2026 21:23:58.036] [Server thread/INFO] [deepluckyblock.procedures.Structures5Procedure/]: [STRUCT5] === PASTE citadel === off=[20,-35,20] dist=0 facing=south
[09Oct2026 21:23:58.054] [Server thread/INFO] [deepluckyblock.procedures.Structures5Procedure/]: [STRUCT5-FLAT] grille de scoring : 147x147 cellules (13924 connues) en 14 ms -- T59/T62 (1013259 recherche(s) de chunk, dont 3 ayant attendu >2 ms, 200 ms au total)
[09Oct2026 21:23:58.054] [Server thread/INFO] [deepluckyblock.procedures.Structures5Procedure/]: [STRUCT5-FLAT] scoring termine : 0 candidat(s) en 0 ms (joueur 0 ms, emprises 0 ms, mesures terrain 0 ms) -- T57
[09Oct2026 21:23:58.069] [Server thread/INFO] [deepluckyblock.procedures.Structures5Procedure/]: [STRUCT5] === PASTE citadel === off=[20,-35,20] dist=0 facing=south
[09Oct2026 21:23:58.095] [Server thread/INFO] [deepluckyblock.procedures.Structures5Procedure/]: [STRUCT5-FLAT] grille de scoring : 147x147 cellules (13924 connues) en 14 ms -- T59/T62 (1025565 recherche(s) de chunk, dont 3 ayant attendu >2 ms, 203 ms au total)
[09Oct2026 21:23:58.095] [Server thread/INFO] [deepluckyblock.procedures.Structures5Procedure/]: [STRUCT5-FLAT] scoring termine : 0 candidat(s) en 0 ms (joueur 0 ms, emprises 0 ms, mesures terrain 0 ms) -- T57
[09Oct2026 21:23:58.112] [Server thread/INFO] [deepluckyblock.procedures.Structures5Procedure/]: [STRUCT5] === PASTE citadel === off=[20,-35,20] dist=0 facing=south
[09Oct2026 21:23:58.141] [Server thread/INFO] [deepluckyblock.procedures.Structures5Procedure/]: [STRUCT5-FLAT] grille de scoring : 147x147 cellules (13924 connues) en 25 ms -- T59/T62 (1037871 recherche(s) de chunk, dont 3 ayant attendu >2 ms, 205 ms au total)
[09Oct2026 21:23:58.141] [Server thread/INFO] [deepluckyblock.procedures.Structures5Procedure/]: [STRUCT5-FLAT] scoring termine : 0 candidat(s) en 0 ms (joueur 0 ms, emprises 0 ms, mesures terrain 0 ms) -- T57
[09Oct2026 21:23:58.148] [Server thread/INFO] [deepluckyblock.procedures.Structures5Procedure/]: [STRUCT5] === PASTE citadel === off=[20,-35,20] dist=0 facing=south
[09Oct2026 21:23:58.175] [Server thread/INFO] [deepluckyblock.procedures.Structures5Procedure/]: [STRUCT5-FLAT] grille de scoring : 147x147 cellules (13924 connues) en 14 ms -- T59/T62 (1050177 recherche(s) de chunk, dont 3 ayant attendu >2 ms, 207 ms au total)
[09Oct2026 21:23:58.176] [Server thread/INFO] [deepluckyblock.procedures.Structures5Procedure/]: [STRUCT5-FLAT] scoring termine : 0 candidat(s) en 0 ms (joueur 0 ms, emprises 0 ms, mesures terrain 0 ms) -- T57
[09Oct2026 21:23:58.224] [Server thread/INFO] [deepluckyblock.procedures.Structures5Procedure/]: [STRUCT5] === PASTE citadel === off=[20,-35,20] dist=0 facing=south
[09Oct2026 21:23:58.252] [Server thread/INFO] [deepluckyblock.procedures.Structures5Procedure/]: [STRUCT5-FLAT] grille de scoring : 147x147 cellules (13924 connues) en 20 ms -- T59/T62 (1062483 recherche(s) de chunk, dont 3 ayant attendu >2 ms, 210 ms au total)
[09Oct2026 21:23:58.252] [Server thread/INFO] [deepluckyblock.procedures.Structures5Procedure/]: [STRUCT5-FLAT] scoring termine : 0 candidat(s) en 0 ms (joueur 0 ms, emprises 0 ms, mesures terrain 0 ms) -- T57
[09Oct2026 21:23:58.260] [Server thread/INFO] [deepluckyblock.procedures.Structures5Procedure/]: [STRUCT5] === PASTE citadel === off=[20,-35,20] dist=0 facing=south
[09Oct2026 21:23:58.278] [Server thread/INFO] [deepluckyblock.procedures.Structures5Procedure/]: [STRUCT5-FLAT] grille de scoring : 147x147 cellules (13924 connues) en 14 ms -- T59/T62 (1074789 recherche(s) de chunk, dont 3 ayant attendu >2 ms, 213 ms au total)
[09Oct2026 21:23:58.278] [Server thread/INFO] [deepluckyblock.procedures.Structures5Procedure/]: [STRUCT5-FLAT] scoring termine : 0 candidat(s) en 0 ms (joueur 0 ms, emprises 0 ms, mesures terrain 0 ms) -- T57
[09Oct2026 21:23:58.286] [Server thread/INFO] [deepluckyblock.procedures.Structures5Procedure/]: [STRUCT5] === PASTE citadel === off=[20,-35,20] dist=0 facing=south
[09Oct2026 21:23:58.304] [Server thread/INFO] [deepluckyblock.procedures.Structures5Procedure/]: [STRUCT5-FLAT] grille de scoring : 147x147 cellules (13924 connues) en 14 ms -- T59/T62 (1087095 recherche(s) de chunk, dont 3 ayant attendu >2 ms, 215 ms au total)
[09Oct2026 21:23:58.304] [Server thread/INFO] [deepluckyblock.procedures.Structures5Procedure/]: [STRUCT5-FLAT] scoring termine : 0 candidat(s) en 0 ms (joueur 0 ms, emprises 0 ms, mesures terrain 0 ms) -- T57
[09Oct2026 21:23:58.320] [Server thread/INFO] [deepluckyblock.procedures.Structures5Procedure/]: [STRUCT5] === PASTE citadel === off=[20,-35,20] dist=0 facing=south
[09Oct2026 21:23:58.340] [Server thread/INFO] [deepluckyblock.procedures.Structures5Procedure/]: [STRUCT5-FLAT] grille de scoring : 147x147 cellules (13924 connues) en 16 ms -- T59/T62 (1099401 recherche(s) de chunk, dont 3 ayant attendu >2 ms, 218 ms au total)
[09Oct2026 21:23:58.340] [Server thread/INFO] [deepluckyblock.procedures.Structures5Procedure/]: [STRUCT5-FLAT] scoring termine : 0 candidat(s) en 0 ms (joueur 0 ms, emprises 0 ms, mesures terrain 0 ms) -- T57
[09Oct2026 21:23:58.348] [Server thread/INFO] [deepluckyblock.procedures.Structures5Procedure/]: [STRUCT5] === PASTE citadel === off=[20,-35,20] dist=0 facing=south
[09Oct2026 21:23:58.370] [Server thread/INFO] [deepluckyblock.procedures.Structures5Procedure/]: [STRUCT5-FLAT] grille de scoring : 147x147 cellules (13924 connues) en 18 ms -- T59/T62 (1111707 recherche(s) de chunk, dont 3 ayant attendu >2 ms, 220 ms au total)
[09Oct2026 21:23:58.375] [Server thread/INFO] [deepluckyblock.procedures.Structures5Procedure/]: [STRUCT5-FLAT] scoring termine : 0 candidat(s) en 0 ms (joueur 0 ms, emprises 0 ms, mesures terrain 0 ms) -- T57
[09Oct2026 21:23:58.382] [Server thread/INFO] [deepluckyblock.procedures.Structures5Procedure/]: [STRUCT5] === PASTE citadel === off=[20,-35,20] dist=0 facing=south
[09Oct2026 21:23:58.403] [Server thread/INFO] [deepluckyblock.procedures.Structures5Procedure/]: [STRUCT5-FLAT] grille de scoring : 147x147 cellules (13924 connues) en 15 ms -- T59/T62 (1124013 recherche(s) de chunk, dont 3 ayant attendu >2 ms, 223 ms au total)
[09Oct2026 21:23:58.406] [Server thread/INFO] [deepluckyblock.procedures.Structures5Procedure/]: [STRUCT5-FLAT] scoring termine : 0 candidat(s) en 0 ms (joueur 0 ms, emprises 0 ms, mesures terrain 0 ms) -- T57
[09Oct2026 21:23:58.414] [Server thread/INFO] [deepluckyblock.procedures.Structures5Procedure/]: [STRUCT5] === PASTE citadel === off=[20,-35,20] dist=0 facing=south
[09Oct2026 21:23:58.433] [Server thread/INFO] [deepluckyblock.procedures.Structures5Procedure/]: [STRUCT5-FLAT] grille de scoring : 147x147 cellules (13924 connues) en 15 ms -- T59/T62 (1136319 recherche(s) de chunk, dont 3 ayant attendu >2 ms, 225 ms au total)
[09Oct2026 21:23:58.435] [Server thread/INFO] [deepluckyblock.procedures.Structures5Procedure/]: [STRUCT5-FLAT] scoring termine : 0 candidat(s) en 0 ms (joueur 0 ms, emprises 0 ms, mesures terrain 0 ms) -- T57
[09Oct2026 21:23:58.443] [Server thread/INFO] [deepluckyblock.procedures.Structures5Procedure/]: [STRUCT5] === PASTE citadel === off=[20,-35,20] dist=0 facing=south
[09Oct2026 21:23:58.466] [Server thread/INFO] [deepluckyblock.procedures.Structures5Procedure/]: [STRUCT5-FLAT] grille de scoring : 147x147 cellules (13924 connues) en 18 ms -- T59/T62 (1148625 recherche(s) de chunk, dont 3 ayant attendu >2 ms, 227 ms au total)
[09Oct2026 21:23:58.466] [Server thread/INFO] [deepluckyblock.procedures.Structures5Procedure/]: [STRUCT5-FLAT] scoring termine : 0 candidat(s) en 0 ms (joueur 0 ms, emprises 0 ms, mesures terrain 0 ms) -- T57
[09Oct2026 21:23:58.475] [Server thread/INFO] [deepluckyblock.procedures.Structures5Procedure/]: [STRUCT5] === PASTE citadel === off=[20,-35,20] dist=0 facing=south
[09Oct2026 21:23:58.492] [Server thread/INFO] [deepluckyblock.procedures.Structures5Procedure/]: [STRUCT5-FLAT] grille de scoring : 147x147 cellules (13924 connues) en 13 ms -- T59/T62 (1160931 recherche(s) de chunk, dont 3 ayant attendu >2 ms, 230 ms au total)
[09Oct2026 21:23:58.493] [Server thread/INFO] [deepluckyblock.procedures.Structures5Procedure/]: [STRUCT5-FLAT] scoring termine : 0 candidat(s) en 0 ms (joueur 0 ms, emprises 0 ms, mesures terrain 0 ms) -- T57
[09Oct2026 21:23:58.500] [Server thread/INFO] [deepluckyblock.procedures.Structures5Procedure/]: [STRUCT5] === PASTE citadel === off=[20,-35,20] dist=0 facing=south
[09Oct2026 21:23:58.537] [Server thread/INFO] [deepluckyblock.procedures.Structures5Procedure/]: [STRUCT5-FLAT] grille de scoring : 147x147 cellules (13924 connues) en 33 ms -- T59/T62 (1173237 recherche(s) de chunk, dont 4 ayant attendu >2 ms, 243 ms au total)
[09Oct2026 21:23:58.537] [Server thread/INFO] [deepluckyblock.procedures.Structures5Procedure/]: [STRUCT5-FLAT] scoring termine : 0 candidat(s) en 0 ms (joueur 0 ms, emprises 0 ms, mesures terrain 0 ms) -- T57
[09Oct2026 21:23:58.564] [Server thread/INFO] [deepluckyblock.procedures.Structures5Procedure/]: [STRUCT5] === PASTE citadel === off=[20,-35,20] dist=0 facing=south
[09Oct2026 21:23:58.599] [Server thread/INFO] [deepluckyblock.procedures.Structures5Procedure/]: [STRUCT5-FLAT] grille de scoring : 147x147 cellules (13924 connues) en 31 ms -- T59/T62 (1185543 recherche(s) de chunk, dont 4 ayant attendu >2 ms, 246 ms au total)
[09Oct2026 21:23:58.599] [Server thread/INFO] [deepluckyblock.procedures.Structures5Procedure/]: [STRUCT5-FLAT] scoring termine : 0 candidat(s) en 0 ms (joueur 0 ms, emprises 0 ms, mesures terrain 0 ms) -- T57
[09Oct2026 21:23:58.613] [Server thread/INFO] [deepluckyblock.procedures.Structures5Procedure/]: [STRUCT5] === PASTE citadel === off=[20,-35,20] dist=0 facing=south
[09Oct2026 21:23:58.651] [Server thread/INFO] [deepluckyblock.procedures.Structures5Procedure/]: [STRUCT5-FLAT] grille de scoring : 147x147 cellules (13924 connues) en 22 ms -- T59/T62 (1197849 recherche(s) de chunk, dont 4 ayant attendu >2 ms, 248 ms au total)
[09Oct2026 21:23:58.659] [Server thread/INFO] [deepluckyblock.procedures.Structures5Procedure/]: [STRUCT5-FLAT] scoring termine : 0 candidat(s) en 0 ms (joueur 0 ms, emprises 0 ms, mesures terrain 0 ms) -- T57
[09Oct2026 21:23:58.676] [Server thread/INFO] [deepluckyblock.procedures.Structures5Procedure/]: [STRUCT5] === PASTE citadel === off=[20,-35,20] dist=0 facing=south
[09Oct2026 21:23:58.707] [Server thread/INFO] [deepluckyblock.procedures.Structures5Procedure/]: [STRUCT5-FLAT] grille de scoring : 147x147 cellules (13924 connues) en 27 ms -- T59/T62 (1210155 recherche(s) de chunk, dont 4 ayant attendu >2 ms, 251 ms au total)
[09Oct2026 21:23:58.707] [Server thread/INFO] [deepluckyblock.procedures.Structures5Procedure/]: [STRUCT5-FLAT] scoring termine : 0 candidat(s) en 0 ms (joueur 0 ms, emprises 0 ms, mesures terrain 0 ms) -- T57
[09Oct2026 21:23:58.731] [Server thread/INFO] [deepluckyblock.procedures.Structures5Procedure/]: [STRUCT5] === PASTE citadel === off=[20,-35,20] dist=0 facing=south
[09Oct2026 21:23:58.773] [Server thread/INFO] [deepluckyblock.procedures.Structures5Procedure/]: [STRUCT5-FLAT] grille de scoring : 147x147 cellules (13924 connues) en 30 ms -- T59/T62 (1222461 recherche(s) de chunk, dont 7 ayant attendu >2 ms, 278 ms au total)
[09Oct2026 21:23:58.774] [Server thread/INFO] [deepluckyblock.procedures.Structures5Procedure/]: [STRUCT5-FLAT] scoring termine : 0 candidat(s) en 0 ms (joueur 0 ms, emprises 0 ms, mesures terrain 0 ms) -- T57
[09Oct2026 21:23:58.789] [Server thread/INFO] [deepluckyblock.procedures.Structures5Procedure/]: [STRUCT5] === PASTE citadel === off=[20,-35,20] dist=0 facing=south
[09Oct2026 21:23:58.817] [Server thread/INFO] [deepluckyblock.procedures.Structures5Procedure/]: [STRUCT5-FLAT] grille de scoring : 147x147 cellules (13924 connues) en 23 ms -- T59/T62 (1234767 recherche(s) de chunk, dont 8 ayant attendu >2 ms, 288 ms au total)
[09Oct2026 21:23:58.817] [Server thread/INFO] [deepluckyblock.procedures.Structures5Procedure/]: [STRUCT5-FLAT] scoring termine : 0 candidat(s) en 0 ms (joueur 0 ms, emprises 0 ms, mesures terrain 0 ms) -- T57
[09Oct2026 21:23:58.824] [Server thread/INFO] [deepluckyblock.procedures.Structures5Procedure/]: [STRUCT5] === PASTE citadel === off=[20,-35,20] dist=0 facing=south
[09Oct2026 21:23:58.842] [Server thread/INFO] [deepluckyblock.procedures.Structures5Procedure/]: [STRUCT5-FLAT] grille de scoring : 147x147 cellules (13924 connues) en 13 ms -- T59/T62 (1247073 recherche(s) de chunk, dont 8 ayant attendu >2 ms, 291 ms au total)
[09Oct2026 21:23:58.843] [Server thread/INFO] [deepluckyblock.procedures.Structures5Procedure/]: [STRUCT5-FLAT] scoring termine : 0 candidat(s) en 0 ms (joueur 0 ms, emprises 0 ms, mesures terrain 0 ms) -- T57
[09Oct2026 21:23:58.851] [Server thread/INFO] [deepluckyblock.procedures.Structures5Procedure/]: [STRUCT5] === PASTE citadel === off=[20,-35,20] dist=0 facing=south
[09Oct2026 21:23:58.869] [Server thread/INFO] [deepluckyblock.procedures.Structures5Procedure/]: [STRUCT5-FLAT] grille de scoring : 147x147 cellules (13924 connues) en 14 ms -- T59/T62 (1259379 recherche(s) de chunk, dont 8 ayant attendu >2 ms, 293 ms au total)
[09Oct2026 21:23:58.869] [Server thread/INFO] [deepluckyblock.procedures.Structures5Procedure/]: [STRUCT5-FLAT] scoring termine : 0 candidat(s) en 0 ms (joueur 0 ms, emprises 0 ms, mesures terrain 0 ms) -- T57
[09Oct2026 21:23:58.877] [Server thread/INFO] [deepluckyblock.procedures.Structures5Procedure/]: [STRUCT5] === PASTE citadel === off=[20,-35,20] dist=0 facing=south
[09Oct2026 21:23:58.895] [Server thread/INFO] [deepluckyblock.procedures.Structures5Procedure/]: [STRUCT5-FLAT] grille de scoring : 147x147 cellules (13924 connues) en 14 ms -- T59/T62 (1271685 recherche(s) de chunk, dont 8 ayant attendu >2 ms, 296 ms au total)
[09Oct2026 21:23:58.895] [Server thread/INFO] [deepluckyblock.procedures.Structures5Procedure/]: [STRUCT5-FLAT] scoring termine : 0 candidat(s) en 0 ms (joueur 0 ms, emprises 0 ms, mesures terrain 0 ms) -- T57
[09Oct2026 21:23:58.903] [Server thread/INFO] [deepluckyblock.procedures.Structures5Procedure/]: [STRUCT5] === PASTE citadel === off=[20,-35,20] dist=0 facing=south
[09Oct2026 21:23:58.921] [Server thread/INFO] [deepluckyblock.procedures.Structures5Procedure/]: [STRUCT5-FLAT] grille de scoring : 147x147 cellules (13924 connues) en 14 ms -- T59/T62 (1283991 recherche(s) de chunk, dont 8 ayant attendu >2 ms, 298 ms au total)
[09Oct2026 21:23:58.921] [Server thread/INFO] [deepluckyblock.procedures.Structures5Procedure/]: [STRUCT5-FLAT] scoring termine : 0 candidat(s) en 0 ms (joueur 0 ms, emprises 0 ms, mesures terrain 0 ms) -- T57
[09Oct2026 21:23:58.929] [Server thread/INFO] [deepluckyblock.procedures.Structures5Procedure/]: [STRUCT5] === PASTE citadel === off=[20,-35,20] dist=0 facing=south
[09Oct2026 21:23:58.955] [Server thread/INFO] [deepluckyblock.procedures.Structures5Procedure/]: [STRUCT5-FLAT] grille de scoring : 147x147 cellules (13924 connues) en 22 ms -- T59/T62 (1296297 recherche(s) de chunk, dont 8 ayant attendu >2 ms, 300 ms au total)
[09Oct2026 21:23:58.955] [Server thread/INFO] [deepluckyblock.procedures.Structures5Procedure/]: [STRUCT5-FLAT] scoring termine : 0 candidat(s) en 0 ms (joueur 0 ms, emprises 0 ms, mesures terrain 0 ms) -- T57
[09Oct2026 21:23:58.970] [Server thread/INFO] [deepluckyblock.procedures.Structures5Procedure/]: [STRUCT5] === PASTE citadel === off=[20,-35,20] dist=0 facing=south
[09Oct2026 21:23:58.996] [Server thread/INFO] [deepluckyblock.procedures.Structures5Procedure/]: [STRUCT5-FLAT] grille de scoring : 147x147 cellules (13924 connues) en 22 ms -- T59/T62 (1308603 recherche(s) de chunk, dont 8 ayant attendu >2 ms, 303 ms au total)
[09Oct2026 21:23:58.997] [Server thread/INFO] [deepluckyblock.procedures.Structures5Procedure/]: [STRUCT5-FLAT] scoring termine : 0 candidat(s) en 0 ms (joueur 0 ms, emprises 0 ms, mesures terrain 0 ms) -- T57
[09Oct2026 21:23:59.004] [Server thread/INFO] [deepluckyblock.procedures.Structures5Procedure/]: [STRUCT5] === PASTE citadel === off=[20,-35,20] dist=0 facing=south
[09Oct2026 21:23:59.022] [Server thread/INFO] [deepluckyblock.procedures.Structures5Procedure/]: [STRUCT5-FLAT] grille de scoring : 147x147 cellules (13924 connues) en 14 ms -- T59/T62 (1320909 recherche(s) de chunk, dont 8 ayant attendu >2 ms, 305 ms au total)
[09Oct2026 21:23:59.022] [Server thread/INFO] [deepluckyblock.procedures.Structures5Procedure/]: [STRUCT5-FLAT] scoring termine : 0 candidat(s) en 0 ms (joueur 0 ms, emprises 0 ms, mesures terrain 0 ms) -- T57
[09Oct2026 21:23:59.030] [Server thread/INFO] [deepluckyblock.procedures.Structures5Procedure/]: [STRUCT5] === PASTE citadel === off=[20,-35,20] dist=0 facing=south
[09Oct2026 21:23:59.048] [Server thread/INFO] [deepluckyblock.procedures.Structures5Procedure/]: [STRUCT5-FLAT] grille de scoring : 147x147 cellules (13924 connues) en 14 ms -- T59/T62 (1333215 recherche(s) de chunk, dont 8 ayant attendu >2 ms, 308 ms au total)
[09Oct2026 21:23:59.048] [Server thread/INFO] [deepluckyblock.procedures.Structures5Procedure/]: [STRUCT5-FLAT] scoring termine : 0 candidat(s) en 0 ms (joueur 0 ms, emprises 0 ms, mesures terrain 0 ms) -- T57
[09Oct2026 21:23:59.055] [Server thread/INFO] [deepluckyblock.procedures.Structures5Procedure/]: [STRUCT5] === PASTE citadel === off=[20,-35,20] dist=0 facing=south
[09Oct2026 21:23:59.073] [Server thread/INFO] [deepluckyblock.procedures.Structures5Procedure/]: [STRUCT5-FLAT] grille de scoring : 147x147 cellules (13924 connues) en 14 ms -- T59/T62 (1345521 recherche(s) de chunk, dont 8 ayant attendu >2 ms, 310 ms au total)
[09Oct2026 21:23:59.073] [Server thread/INFO] [deepluckyblock.procedures.Structures5Procedure/]: [STRUCT5-FLAT] scoring termine : 0 candidat(s) en 0 ms (joueur 0 ms, emprises 0 ms, mesures terrain 0 ms) -- T57
[09Oct2026 21:23:59.082] [Server thread/INFO] [deepluckyblock.procedures.Structures5Procedure/]: [STRUCT5] === PASTE citadel === off=[20,-35,20] dist=0 facing=south
[09Oct2026 21:23:59.100] [Server thread/INFO] [deepluckyblock.procedures.Structures5Procedure/]: [STRUCT5-FLAT] grille de scoring : 147x147 cellules (13924 connues) en 14 ms -- T59/T62 (1357827 recherche(s) de chunk, dont 8 ayant attendu >2 ms, 313 ms au total)
[09Oct2026 21:23:59.100] [Server thread/INFO] [deepluckyblock.procedures.Structures5Procedure/]: [STRUCT5-FLAT] scoring termine : 0 candidat(s) en 0 ms (joueur 0 ms, emprises 0 ms, mesures terrain 0 ms) -- T57
[09Oct2026 21:23:59.108] [Server thread/INFO] [deepluckyblock.procedures.Structures5Procedure/]: [STRUCT5] === PASTE citadel === off=[20,-35,20] dist=0 facing=south
[09Oct2026 21:23:59.133] [Server thread/INFO] [deepluckyblock.procedures.Structures5Procedure/]: [STRUCT5-FLAT] grille de scoring : 147x147 cellules (13924 connues) en 21 ms -- T59/T62 (1370133 recherche(s) de chunk, dont 9 ayant attendu >2 ms, 323 ms au total)
[09Oct2026 21:23:59.134] [Server thread/INFO] [deepluckyblock.procedures.Structures5Procedure/]: [STRUCT5-FLAT] scoring termine : 0 candidat(s) en 0 ms (joueur 0 ms, emprises 0 ms, mesures terrain 0 ms) -- T57
[09Oct2026 21:23:59.159] [Server thread/INFO] [deepluckyblock.procedures.Structures5Procedure/]: [STRUCT5] === PASTE citadel === off=[20,-35,20] dist=0 facing=south
[09Oct2026 21:23:59.177] [Server thread/INFO] [deepluckyblock.procedures.Structures5Procedure/]: [STRUCT5-FLAT] grille de scoring : 147x147 cellules (13924 connues) en 14 ms -- T59/T62 (1382439 recherche(s) de chunk, dont 10 ayant attendu >2 ms, 333 ms au total)
[09Oct2026 21:23:59.178] [Server thread/INFO] [deepluckyblock.procedures.Structures5Procedure/]: [STRUCT5-FLAT] scoring termine : 0 candidat(s) en 0 ms (joueur 0 ms, emprises 0 ms, mesures terrain 0 ms) -- T57
[09Oct2026 21:23:59.187] [Server thread/INFO] [deepluckyblock.procedures.Structures5Procedure/]: [STRUCT5] === PASTE citadel === off=[20,-35,20] dist=0 facing=south
[09Oct2026 21:23:59.205] [Server thread/INFO] [deepluckyblock.procedures.Structures5Procedure/]: [STRUCT5-FLAT] grille de scoring : 147x147 cellules (13924 connues) en 14 ms -- T59/T62 (1394745 recherche(s) de chunk, dont 10 ayant attendu >2 ms, 336 ms au total)
[09Oct2026 21:23:59.205] [Server thread/INFO] [deepluckyblock.procedures.Structures5Procedure/]: [STRUCT5-FLAT] scoring termine : 0 candidat(s) en 0 ms (joueur 0 ms, emprises 0 ms, mesures terrain 0 ms) -- T57
[09Oct2026 21:23:59.214] [Server thread/INFO] [deepluckyblock.procedures.Structures5Procedure/]: [STRUCT5] === PASTE citadel === off=[20,-35,20] dist=0 facing=south
[09Oct2026 21:23:59.231] [Server thread/INFO] [deepluckyblock.procedures.Structures5Procedure/]: [STRUCT5-FLAT] grille de scoring : 147x147 cellules (13924 connues) en 13 ms -- T59/T62 (1407051 recherche(s) de chunk, dont 10 ayant attendu >2 ms, 338 ms au total)
[09Oct2026 21:23:59.231] [Server thread/INFO] [deepluckyblock.procedures.Structures5Procedure/]: [STRUCT5-FLAT] scoring termine : 0 candidat(s) en 0 ms (joueur 0 ms, emprises 0 ms, mesures terrain 0 ms) -- T57
[09Oct2026 21:23:59.267] [Server thread/INFO] [deepluckyblock.procedures.Structures5Procedure/]: [STRUCT5] === PASTE citadel === off=[20,-35,20] dist=0 facing=south
[09Oct2026 21:23:59.287] [Server thread/INFO] [deepluckyblock.procedures.Structures5Procedure/]: [STRUCT5-FLAT] grille de scoring : 147x147 cellules (13924 connues) en 14 ms -- T59/T62 (1419357 recherche(s) de chunk, dont 10 ayant attendu >2 ms, 340 ms au total)
[09Oct2026 21:23:59.287] [Server thread/INFO] [deepluckyblock.procedures.Structures5Procedure/]: [STRUCT5-FLAT] scoring termine : 0 candidat(s) en 0 ms (joueur 0 ms, emprises 0 ms, mesures terrain 0 ms) -- T57
[09Oct2026 21:23:59.295] [Server thread/INFO] [deepluckyblock.procedures.Structures5Procedure/]: [STRUCT5] === PASTE citadel === off=[20,-35,20] dist=0 facing=south
[09Oct2026 21:23:59.312] [Server thread/INFO] [deepluckyblock.procedures.Structures5Procedure/]: [STRUCT5-FLAT] grille de scoring : 147x147 cellules (13924 connues) en 13 ms -- T59/T62 (1431663 recherche(s) de chunk, dont 10 ayant attendu >2 ms, 343 ms au total)
[09Oct2026 21:23:59.312] [Server thread/INFO] [deepluckyblock.procedures.Structures5Procedure/]: [STRUCT5-FLAT] scoring termine : 0 candidat(s) en 0 ms (joueur 0 ms, emprises 0 ms, mesures terrain 0 ms) -- T57
[09Oct2026 21:23:59.319] [Server thread/INFO] [deepluckyblock.procedures.Structures5Procedure/]: [STRUCT5] === PASTE citadel === off=[20,-35,20] dist=0 facing=south
[09Oct2026 21:23:59.336] [Server thread/INFO] [deepluckyblock.procedures.Structures5Procedure/]: [STRUCT5-FLAT] grille de scoring : 147x147 cellules (13924 connues) en 13 ms -- T59/T62 (1443969 recherche(s) de chunk, dont 10 ayant attendu >2 ms, 345 ms au total)
[09Oct2026 21:23:59.337] [Server thread/INFO] [deepluckyblock.procedures.Structures5Procedure/]: [STRUCT5-FLAT] scoring termine : 0 candidat(s) en 0 ms (joueur 0 ms, emprises 0 ms, mesures terrain 0 ms) -- T57
[09Oct2026 21:23:59.345] [Server thread/INFO] [deepluckyblock.procedures.Structures5Procedure/]: [STRUCT5] === PASTE citadel === off=[20,-35,20] dist=0 facing=south
[09Oct2026 21:23:59.370] [Server thread/INFO] [deepluckyblock.procedures.Structures5Procedure/]: [STRUCT5-FLAT] grille de scoring : 147x147 cellules (13924 connues) en 21 ms -- T59/T62 (1456275 recherche(s) de chunk, dont 10 ayant attendu >2 ms, 347 ms au total)
[09Oct2026 21:23:59.371] [Server thread/INFO] [deepluckyblock.procedures.Structures5Procedure/]: [STRUCT5-FLAT] scoring termine : 0 candidat(s) en 0 ms (joueur 0 ms, emprises 0 ms, mesures terrain 0 ms) -- T57
[09Oct2026 21:23:59.386] [Server thread/INFO] [deepluckyblock.procedures.Structures5Procedure/]: [STRUCT5] === PASTE citadel === off=[20,-35,20] dist=0 facing=south
[09Oct2026 21:23:59.420] [Server thread/INFO] [deepluckyblock.procedures.Structures5Procedure/]: [STRUCT5-FLAT] grille de scoring : 147x147 cellules (13924 connues) en 30 ms -- T59/T62 (1468581 recherche(s) de chunk, dont 10 ayant attendu >2 ms, 349 ms au total)
[09Oct2026 21:23:59.420] [Server thread/INFO] [deepluckyblock.procedures.Structures5Procedure/]: [STRUCT5-FLAT] scoring termine : 0 candidat(s) en 0 ms (joueur 0 ms, emprises 0 ms, mesures terrain 0 ms) -- T57
[09Oct2026 21:23:59.436] [Server thread/INFO] [deepluckyblock.procedures.Structures5Procedure/]: [STRUCT5] === PASTE citadel === off=[20,-35,20] dist=0 facing=south
[09Oct2026 21:23:59.470] [Server thread/INFO] [deepluckyblock.procedures.Structures5Procedure/]: [STRUCT5-FLAT] grille de scoring : 147x147 cellules (13924 connues) en 22 ms -- T59/T62 (1480887 recherche(s) de chunk, dont 10 ayant attendu >2 ms, 352 ms au total)
[09Oct2026 21:23:59.470] [Server thread/INFO] [deepluckyblock.procedures.Structures5Procedure/]: [STRUCT5-FLAT] scoring termine : 0 candidat(s) en 0 ms (joueur 0 ms, emprises 0 ms, mesures terrain 0 ms) -- T57
[09Oct2026 21:23:59.486] [Server thread/INFO] [deepluckyblock.procedures.Structures5Procedure/]: [STRUCT5] === PASTE citadel === off=[20,-35,20] dist=0 facing=south
[09Oct2026 21:23:59.528] [Server thread/INFO] [deepluckyblock.procedures.Structures5Procedure/]: [STRUCT5-FLAT] grille de scoring : 147x147 cellules (13924 connues) en 30 ms -- T59/T62 (1493193 recherche(s) de chunk, dont 10 ayant attendu >2 ms, 354 ms au total)
[09Oct2026 21:23:59.529] [Server thread/INFO] [deepluckyblock.procedures.Structures5Procedure/]: [STRUCT5-FLAT] scoring termine : 0 candidat(s) en 0 ms (joueur 0 ms, emprises 0 ms, mesures terrain 0 ms) -- T57
[09Oct2026 21:23:59.544] [Server thread/INFO] [deepluckyblock.procedures.Structures5Procedure/]: [STRUCT5] === PASTE citadel === off=[20,-35,20] dist=0 facing=south
[09Oct2026 21:23:59.590] [Server thread/INFO] [deepluckyblock.procedures.Structures5Procedure/]: [STRUCT5-FLAT] grille de scoring : 147x147 cellules (13924 connues) en 36 ms -- T59/T62 (1505499 recherche(s) de chunk, dont 10 ayant attendu >2 ms, 356 ms au total)
[09Oct2026 21:23:59.590] [Server thread/INFO] [deepluckyblock.procedures.Structures5Procedure/]: [STRUCT5-FLAT] scoring termine : 0 candidat(s) en 0 ms (joueur 0 ms, emprises 0 ms, mesures terrain 0 ms) -- T57
[09Oct2026 21:23:59.598] [Server thread/INFO] [deepluckyblock.procedures.Structures5Procedure/]: [STRUCT5] === PASTE citadel === off=[20,-35,20] dist=0 facing=south
[09Oct2026 21:23:59.635] [Server thread/INFO] [deepluckyblock.procedures.Structures5Procedure/]: [STRUCT5-FLAT] grille de scoring : 147x147 cellules (13924 connues) en 27 ms -- T59/T62 (1517805 recherche(s) de chunk, dont 10 ayant attendu >2 ms, 359 ms au total)
[09Oct2026 21:23:59.644] [Server thread/INFO] [deepluckyblock.procedures.Structures5Procedure/]: [STRUCT5-FLAT] scoring termine : 0 candidat(s) en 0 ms (joueur 0 ms, emprises 0 ms, mesures terrain 0 ms) -- T57
[09Oct2026 21:23:59.651] [Server thread/INFO] [deepluckyblock.procedures.Structures5Procedure/]: [STRUCT5] === PASTE citadel === off=[20,-35,20] dist=0 facing=south
[09Oct2026 21:23:59.707] [Server thread/INFO] [deepluckyblock.procedures.Structures5Procedure/]: [STRUCT5-FLAT] grille de scoring : 147x147 cellules (13924 connues) en 41 ms -- T59/T62 (1530111 recherche(s) de chunk, dont 10 ayant attendu >2 ms, 361 ms au total)
[09Oct2026 21:23:59.708] [Server thread/INFO] [deepluckyblock.procedures.Structures5Procedure/]: [STRUCT5-FLAT] scoring termine : 0 candidat(s) en 0 ms (joueur 0 ms, emprises 0 ms, mesures terrain 0 ms) -- T57
[09Oct2026 21:23:59.716] [Server thread/INFO] [deepluckyblock.procedures.Structures5Procedure/]: [STRUCT5] === PASTE citadel === off=[20,-35,20] dist=0 facing=south
[09Oct2026 21:23:59.734] [Server thread/INFO] [deepluckyblock.procedures.Structures5Procedure/]: [STRUCT5-FLAT] grille de scoring : 147x147 cellules (13924 connues) en 14 ms -- T59/T62 (1542417 recherche(s) de chunk, dont 10 ayant attendu >2 ms, 363 ms au total)
[09Oct2026 21:23:59.734] [Server thread/INFO] [deepluckyblock.procedures.Structures5Procedure/]: [STRUCT5-FLAT] scoring termine : 0 candidat(s) en 0 ms (joueur 0 ms, emprises 0 ms, mesures terrain 0 ms) -- T57
[09Oct2026 21:23:59.741] [Server thread/INFO] [deepluckyblock.procedures.Structures5Procedure/]: [STRUCT5] === PASTE citadel === off=[20,-35,20] dist=0 facing=south
[09Oct2026 21:23:59.759] [Server thread/INFO] [deepluckyblock.procedures.Structures5Procedure/]: [STRUCT5-FLAT] grille de scoring : 147x147 cellules (13924 connues) en 14 ms -- T59/T62 (1554723 recherche(s) de chunk, dont 10 ayant attendu >2 ms, 366 ms au total)
[09Oct2026 21:23:59.759] [Server thread/INFO] [deepluckyblock.procedures.Structures5Procedure/]: [STRUCT5-FLAT] scoring termine : 0 candidat(s) en 0 ms (joueur 0 ms, emprises 0 ms, mesures terrain 0 ms) -- T57
[09Oct2026 21:23:59.767] [Server thread/INFO] [deepluckyblock.procedures.Structures5Procedure/]: [STRUCT5] === PASTE citadel === off=[20,-35,20] dist=0 facing=south
[09Oct2026 21:23:59.785] [Server thread/INFO] [deepluckyblock.procedures.Structures5Procedure/]: [STRUCT5-FLAT] grille de scoring : 147x147 cellules (13924 connues) en 14 ms -- T59/T62 (1567029 recherche(s) de chunk, dont 10 ayant attendu >2 ms, 368 ms au total)
[09Oct2026 21:23:59.785] [Server thread/INFO] [deepluckyblock.procedures.Structures5Procedure/]: [STRUCT5-FLAT] scoring termine : 0 candidat(s) en 0 ms (joueur 0 ms, emprises 0 ms, mesures terrain 0 ms) -- T57
[09Oct2026 21:23:59.806] [Server thread/INFO] [deepluckyblock.procedures.Structures5Procedure/]: [STRUCT5] === PASTE citadel === off=[20,-35,20] dist=0 facing=south
[09Oct2026 21:23:59.823] [Server thread/INFO] [deepluckyblock.procedures.Structures5Procedure/]: [STRUCT5-FLAT] grille de scoring : 147x147 cellules (13924 connues) en 13 ms -- T59/T62 (1579335 recherche(s) de chunk, dont 10 ayant attendu >2 ms, 370 ms au total)
[09Oct2026 21:23:59.824] [Server thread/INFO] [deepluckyblock.procedures.Structures5Procedure/]: [STRUCT5-FLAT] scoring termine : 0 candidat(s) en 0 ms (joueur 0 ms, emprises 0 ms, mesures terrain 0 ms) -- T57
[09Oct2026 21:23:59.849] [Server thread/INFO] [deepluckyblock.procedures.Structures5Procedure/]: [STRUCT5] === PASTE citadel === off=[20,-35,20] dist=0 facing=south
[09Oct2026 21:23:59.872] [Server thread/INFO] [deepluckyblock.procedures.Structures5Procedure/]: [STRUCT5-FLAT] grille de scoring : 147x147 cellules (13924 connues) en 14 ms -- T59/T62 (1591641 recherche(s) de chunk, dont 10 ayant attendu >2 ms, 372 ms au total)
[09Oct2026 21:23:59.872] [Server thread/INFO] [deepluckyblock.procedures.Structures5Procedure/]: [STRUCT5-FLAT] scoring termine : 0 candidat(s) en 0 ms (joueur 0 ms, emprises 0 ms, mesures terrain 0 ms) -- T57
[09Oct2026 21:23:59.880] [Server thread/INFO] [deepluckyblock.procedures.Structures5Procedure/]: [STRUCT5] === PASTE citadel === off=[20,-35,20] dist=0 facing=south
[09Oct2026 21:23:59.898] [Server thread/INFO] [deepluckyblock.procedures.Structures5Procedure/]: [STRUCT5-FLAT] grille de scoring : 147x147 cellules (13924 connues) en 14 ms -- T59/T62 (1603947 recherche(s) de chunk, dont 10 ayant attendu >2 ms, 374 ms au total)
[09Oct2026 21:23:59.898] [Server thread/INFO] [deepluckyblock.procedures.Structures5Procedure/]: [STRUCT5-FLAT] scoring termine : 0 candidat(s) en 0 ms (joueur 0 ms, emprises 0 ms, mesures terrain 0 ms) -- T57
[09Oct2026 21:23:59.913] [Server thread/INFO] [deepluckyblock.procedures.Structures5Procedure/]: [STRUCT5] === PASTE citadel === off=[20,-35,20] dist=0 facing=south
[09Oct2026 21:23:59.930] [Server thread/INFO] [deepluckyblock.procedures.Structures5Procedure/]: [STRUCT5-FLAT] grille de scoring : 147x147 cellules (13924 connues) en 13 ms -- T59/T62 (1616253 recherche(s) de chunk, dont 10 ayant attendu >2 ms, 377 ms au total)
[09Oct2026 21:23:59.931] [Server thread/INFO] [deepluckyblock.procedures.Structures5Procedure/]: [STRUCT5-FLAT] scoring termine : 0 candidat(s) en 0 ms (joueur 0 ms, emprises 0 ms, mesures terrain 0 ms) -- T57
[09Oct2026 21:23:59.954] [Server thread/INFO] [deepluckyblock.procedures.Structures5Procedure/]: [STRUCT5] === PASTE citadel === off=[20,-35,20] dist=0 facing=south
[09Oct2026 21:23:59.971] [Server thread/INFO] [deepluckyblock.procedures.Structures5Procedure/]: [STRUCT5-FLAT] grille de scoring : 147x147 cellules (13924 connues) en 13 ms -- T59/T62 (1628559 recherche(s) de chunk, dont 10 ayant attendu >2 ms, 379 ms au total)
[09Oct2026 21:23:59.971] [Server thread/INFO] [deepluckyblock.procedures.Structures5Procedure/]: [STRUCT5-FLAT] scoring termine : 0 candidat(s) en 0 ms (joueur 0 ms, emprises 0 ms, mesures terrain 0 ms) -- T57
[09Oct2026 21:24:00.004] [Server thread/INFO] [deepluckyblock.procedures.Structures5Procedure/]: [STRUCT5] === PASTE citadel === off=[20,-35,20] dist=0 facing=south
[09Oct2026 21:24:00.022] [Server thread/INFO] [deepluckyblock.procedures.Structures5Procedure/]: [STRUCT5-FLAT] grille de scoring : 147x147 cellules (13924 connues) en 14 ms -- T59/T62 (1640865 recherche(s) de chunk, dont 10 ayant attendu >2 ms, 381 ms au total)
[09Oct2026 21:24:00.022] [Server thread/INFO] [deepluckyblock.procedures.Structures5Procedure/]: [STRUCT5-FLAT] scoring termine : 0 candidat(s) en 0 ms (joueur 0 ms, emprises 0 ms, mesures terrain 0 ms) -- T57
[09Oct2026 21:24:00.055] [Server thread/INFO] [deepluckyblock.procedures.Structures5Procedure/]: [STRUCT5] === PASTE citadel === off=[20,-35,20] dist=0 facing=south
[09Oct2026 21:24:00.073] [Server thread/INFO] [deepluckyblock.procedures.Structures5Procedure/]: [STRUCT5-FLAT] grille de scoring : 147x147 cellules (13924 connues) en 14 ms -- T59/T62 (1653171 recherche(s) de chunk, dont 10 ayant attendu >2 ms, 383 ms au total)
[09Oct2026 21:24:00.073] [Server thread/INFO] [deepluckyblock.procedures.Structures5Procedure/]: [STRUCT5-FLAT] scoring termine : 0 candidat(s) en 0 ms (joueur 0 ms, emprises 0 ms, mesures terrain 0 ms) -- T57
[09Oct2026 21:24:00.104] [Server thread/INFO] [deepluckyblock.procedures.Structures5Procedure/]: [STRUCT5] === PASTE citadel === off=[20,-35,20] dist=0 facing=south
[09Oct2026 21:24:00.122] [Server thread/INFO] [deepluckyblock.procedures.Structures5Procedure/]: [STRUCT5-FLAT] grille de scoring : 147x147 cellules (13924 connues) en 13 ms -- T59/T62 (1665477 recherche(s) de chunk, dont 10 ayant attendu >2 ms, 386 ms au total)
[09Oct2026 21:24:00.123] [Server thread/INFO] [deepluckyblock.procedures.Structures5Procedure/]: [STRUCT5-FLAT] scoring termine : 0 candidat(s) en 0 ms (joueur 0 ms, emprises 0 ms, mesures terrain 0 ms) -- T57
[09Oct2026 21:24:00.154] [Server thread/INFO] [deepluckyblock.procedures.Structures5Procedure/]: [STRUCT5] === PASTE citadel === off=[20,-35,20] dist=0 facing=south
[09Oct2026 21:24:00.172] [Server thread/INFO] [deepluckyblock.procedures.Structures5Procedure/]: [STRUCT5-FLAT] grille de scoring : 147x147 cellules (13924 connues) en 14 ms -- T59/T62 (1677783 recherche(s) de chunk, dont 10 ayant attendu >2 ms, 388 ms au total)
[09Oct2026 21:24:00.172] [Server thread/INFO] [deepluckyblock.procedures.Structures5Procedure/]: [STRUCT5-FLAT] scoring termine : 0 candidat(s) en 0 ms (joueur 0 ms, emprises 0 ms, mesures terrain 0 ms) -- T57
[09Oct2026 21:24:00.204] [Server thread/INFO] [deepluckyblock.procedures.Structures5Procedure/]: [STRUCT5] === PASTE citadel === off=[20,-35,20] dist=0 facing=south
[09Oct2026 21:24:00.222] [Server thread/INFO] [deepluckyblock.procedures.Structures5Procedure/]: [STRUCT5-FLAT] grille de scoring : 147x147 cellules (13924 connues) en 14 ms -- T59/T62 (1690089 recherche(s) de chunk, dont 10 ayant attendu >2 ms, 390 ms au total)
[09Oct2026 21:24:00.222] [Server thread/INFO] [deepluckyblock.procedures.Structures5Procedure/]: [STRUCT5-FLAT] scoring termine : 0 candidat(s) en 0 ms (joueur 0 ms, emprises 0 ms, mesures terrain 0 ms) -- T57
[09Oct2026 21:24:00.254] [Server thread/INFO] [deepluckyblock.procedures.Structures5Procedure/]: [STRUCT5] === PASTE citadel === off=[20,-35,20] dist=0 facing=south
[09Oct2026 21:24:00.272] [Server thread/INFO] [deepluckyblock.procedures.Structures5Procedure/]: [STRUCT5-FLAT] grille de scoring : 147x147 cellules (13924 connues) en 14 ms -- T59/T62 (1702395 recherche(s) de chunk, dont 10 ayant attendu >2 ms, 392 ms au total)
[09Oct2026 21:24:00.272] [Server thread/INFO] [deepluckyblock.procedures.Structures5Procedure/]: [STRUCT5-FLAT] scoring termine : 0 candidat(s) en 0 ms (joueur 0 ms, emprises 0 ms, mesures terrain 0 ms) -- T57
[09Oct2026 21:24:00.304] [Server thread/INFO] [deepluckyblock.procedures.Structures5Procedure/]: [STRUCT5] === PASTE citadel === off=[20,-35,20] dist=0 facing=south
[09Oct2026 21:24:00.322] [Server thread/INFO] [deepluckyblock.procedures.Structures5Procedure/]: [STRUCT5-FLAT] grille de scoring : 147x147 cellules (13924 connues) en 14 ms -- T59/T62 (1714701 recherche(s) de chunk, dont 10 ayant attendu >2 ms, 394 ms au total)
[09Oct2026 21:24:00.322] [Server thread/INFO] [deepluckyblock.procedures.Structures5Procedure/]: [STRUCT5-FLAT] scoring termine : 0 candidat(s) en 0 ms (joueur 0 ms, emprises 0 ms, mesures terrain 0 ms) -- T57
[09Oct2026 21:24:00.354] [Server thread/INFO] [deepluckyblock.procedures.Structures5Procedure/]: [STRUCT5] === PASTE citadel === off=[20,-35,20] dist=0 facing=south
[09Oct2026 21:24:00.397] [Server thread/INFO] [deepluckyblock.procedures.Structures5Procedure/]: [STRUCT5-FLAT] grille de scoring : 147x147 cellules (13924 connues) en 39 ms -- T59/T62 (1727007 recherche(s) de chunk, dont 10 ayant attendu >2 ms, 397 ms au total)
[09Oct2026 21:24:00.398] [Server thread/INFO] [deepluckyblock.procedures.Structures5Procedure/]: [STRUCT5-FLAT] scoring termine : 0 candidat(s) en 0 ms (joueur 0 ms, emprises 0 ms, mesures terrain 0 ms) -- T57
[09Oct2026 21:24:00.407] [Server thread/INFO] [deepluckyblock.procedures.Structures5Procedure/]: [STRUCT5] === PASTE citadel === off=[20,-35,20] dist=0 facing=south
[09Oct2026 21:24:00.456] [Server thread/INFO] [deepluckyblock.procedures.Structures5Procedure/]: [STRUCT5-FLAT] grille de scoring : 147x147 cellules (13924 connues) en 36 ms -- T59/T62 (1739313 recherche(s) de chunk, dont 10 ayant attendu >2 ms, 400 ms au total)
[09Oct2026 21:24:00.456] [Server thread/INFO] [deepluckyblock.procedures.Structures5Procedure/]: [STRUCT5-FLAT] scoring termine : 0 candidat(s) en 0 ms (joueur 0 ms, emprises 0 ms, mesures terrain 0 ms) -- T57
[09Oct2026 21:24:00.465] [Server thread/INFO] [deepluckyblock.procedures.Structures5Procedure/]: [STRUCT5] === PASTE citadel === off=[20,-35,20] dist=0 facing=south
[09Oct2026 21:24:00.484] [Server thread/INFO] [deepluckyblock.procedures.Structures5Procedure/]: [STRUCT5-FLAT] grille de scoring : 147x147 cellules (13924 connues) en 15 ms -- T59/T62 (1751619 recherche(s) de chunk, dont 10 ayant attendu >2 ms, 402 ms au total)
[09Oct2026 21:24:00.484] [Server thread/INFO] [deepluckyblock.procedures.Structures5Procedure/]: [STRUCT5-FLAT] scoring termine : 0 candidat(s) en 0 ms (joueur 0 ms, emprises 0 ms, mesures terrain 0 ms) -- T57
[09Oct2026 21:24:00.504] [Server thread/INFO] [deepluckyblock.procedures.Structures5Procedure/]: [STRUCT5] === PASTE citadel === off=[20,-35,20] dist=0 facing=south
[09Oct2026 21:24:00.526] [Server thread/INFO] [deepluckyblock.procedures.Structures5Procedure/]: [STRUCT5-FLAT] grille de scoring : 147x147 cellules (13924 connues) en 18 ms -- T59/T62 (1763925 recherche(s) de chunk, dont 10 ayant attendu >2 ms, 404 ms au total)
[09Oct2026 21:24:00.526] [Server thread/INFO] [deepluckyblock.procedures.Structures5Procedure/]: [STRUCT5-FLAT] scoring termine : 0 candidat(s) en 0 ms (joueur 0 ms, emprises 0 ms, mesures terrain 0 ms) -- T57
[09Oct2026 21:24:00.554] [Server thread/INFO] [deepluckyblock.procedures.Structures5Procedure/]: [STRUCT5] === PASTE citadel === off=[20,-35,20] dist=0 facing=south
[09Oct2026 21:24:00.611] [Server thread/INFO] [deepluckyblock.procedures.Structures5Procedure/]: [STRUCT5-FLAT] grille de scoring : 147x147 cellules (13924 connues) en 14 ms -- T59/T62 (1776231 recherche(s) de chunk, dont 10 ayant attendu >2 ms, 407 ms au total)
[09Oct2026 21:24:00.612] [Server thread/INFO] [deepluckyblock.procedures.Structures5Procedure/]: [STRUCT5-FLAT] scoring termine : 0 candidat(s) en 0 ms (joueur 0 ms, emprises 0 ms, mesures terrain 0 ms) -- T57
[09Oct2026 21:24:00.620] [Server thread/INFO] [deepluckyblock.procedures.Structures5Procedure/]: [STRUCT5] === PASTE citadel === off=[20,-35,20] dist=0 facing=south
[09Oct2026 21:24:00.638] [Server thread/INFO] [deepluckyblock.procedures.Structures5Procedure/]: [STRUCT5-FLAT] grille de scoring : 147x147 cellules (13924 connues) en 14 ms -- T59/T62 (1788537 recherche(s) de chunk, dont 10 ayant attendu >2 ms, 409 ms au total)
[09Oct2026 21:24:00.639] [Server thread/INFO] [deepluckyblock.procedures.Structures5Procedure/]: [STRUCT5-FLAT] scoring termine : 0 candidat(s) en 0 ms (joueur 0 ms, emprises 0 ms, mesures terrain 0 ms) -- T57
[09Oct2026 21:24:00.654] [Server thread/INFO] [deepluckyblock.procedures.Structures5Procedure/]: [STRUCT5] === PASTE citadel === off=[20,-35,20] dist=0 facing=south
[09Oct2026 21:24:00.671] [Server thread/INFO] [deepluckyblock.procedures.Structures5Procedure/]: [STRUCT5-FLAT] grille de scoring : 147x147 cellules (13924 connues) en 13 ms -- T59/T62 (1800843 recherche(s) de chunk, dont 10 ayant attendu >2 ms, 412 ms au total)
[09Oct2026 21:24:00.671] [Server thread/INFO] [deepluckyblock.procedures.Structures5Procedure/]: [STRUCT5-FLAT] scoring termine : 0 candidat(s) en 0 ms (joueur 0 ms, emprises 0 ms, mesures terrain 0 ms) -- T57
[09Oct2026 21:24:00.704] [Server thread/INFO] [deepluckyblock.procedures.Structures5Procedure/]: [STRUCT5] === PASTE citadel === off=[20,-35,20] dist=0 facing=south
[09Oct2026 21:24:00.722] [Server thread/INFO] [deepluckyblock.procedures.Structures5Procedure/]: [STRUCT5-FLAT] grille de scoring : 147x147 cellules (13924 connues) en 14 ms -- T59/T62 (1813149 recherche(s) de chunk, dont 10 ayant attendu >2 ms, 414 ms au total)
[09Oct2026 21:24:00.722] [Server thread/INFO] [deepluckyblock.procedures.Structures5Procedure/]: [STRUCT5-FLAT] scoring termine : 0 candidat(s) en 0 ms (joueur 0 ms, emprises 0 ms, mesures terrain 0 ms) -- T57
[09Oct2026 21:24:00.754] [Server thread/INFO] [deepluckyblock.procedures.Structures5Procedure/]: [STRUCT5] === PASTE citadel === off=[20,-35,20] dist=0 facing=south
[09Oct2026 21:24:00.772] [Server thread/INFO] [deepluckyblock.procedures.Structures5Procedure/]: [STRUCT5-FLAT] grille de scoring : 147x147 cellules (13924 connues) en 14 ms -- T59/T62 (1825455 recherche(s) de chunk, dont 10 ayant attendu >2 ms, 416 ms au total)
[09Oct2026 21:24:00.772] [Server thread/INFO] [deepluckyblock.procedures.Structures5Procedure/]: [STRUCT5-FLAT] scoring termine : 0 candidat(s) en 0 ms (joueur 0 ms, emprises 0 ms, mesures terrain 0 ms) -- T57
[09Oct2026 21:24:00.804] [Server thread/INFO] [deepluckyblock.procedures.Structures5Procedure/]: [STRUCT5] === PASTE citadel === off=[20,-35,20] dist=0 facing=south
[09Oct2026 21:24:00.822] [Server thread/INFO] [deepluckyblock.procedures.Structures5Procedure/]: [STRUCT5-FLAT] grille de scoring : 147x147 cellules (13924 connues) en 14 ms -- T59/T62 (1837761 recherche(s) de chunk, dont 10 ayant attendu >2 ms, 418 ms au total)
[09Oct2026 21:24:00.822] [Server thread/INFO] [deepluckyblock.procedures.Structures5Procedure/]: [STRUCT5-FLAT] scoring termine : 0 candidat(s) en 0 ms (joueur 0 ms, emprises 0 ms, mesures terrain 0 ms) -- T57
[09Oct2026 21:24:00.865] [Server thread/INFO] [deepluckyblock.procedures.Structures5Procedure/]: [STRUCT5] === PASTE citadel === off=[20,-35,20] dist=0 facing=south
[09Oct2026 21:24:00.886] [Server thread/INFO] [deepluckyblock.procedures.Structures5Procedure/]: [STRUCT5-FLAT] grille de scoring : 147x147 cellules (13924 connues) en 16 ms -- T59/T62 (1850067 recherche(s) de chunk, dont 10 ayant attendu >2 ms, 421 ms au total)
[09Oct2026 21:24:00.887] [Server thread/INFO] [deepluckyblock.procedures.Structures5Procedure/]: [STRUCT5-FLAT] scoring termine : 0 candidat(s) en 0 ms (joueur 0 ms, emprises 0 ms, mesures terrain 0 ms) -- T57
[09Oct2026 21:24:00.905] [Server thread/INFO] [deepluckyblock.procedures.Structures5Procedure/]: [STRUCT5] === PASTE citadel === off=[20,-35,20] dist=0 facing=south
[09Oct2026 21:24:00.928] [Server thread/INFO] [deepluckyblock.procedures.Structures5Procedure/]: [STRUCT5-FLAT] grille de scoring : 147x147 cellules (13924 connues) en 16 ms -- T59/T62 (1862373 recherche(s) de chunk, dont 10 ayant attendu >2 ms, 423 ms au total)
[09Oct2026 21:24:00.929] [Server thread/INFO] [deepluckyblock.procedures.Structures5Procedure/]: [STRUCT5-FLAT] scoring termine : 0 candidat(s) en 0 ms (joueur 0 ms, emprises 0 ms, mesures terrain 0 ms) -- T57
[09Oct2026 21:24:00.954] [Server thread/INFO] [deepluckyblock.procedures.Structures5Procedure/]: [STRUCT5] === PASTE citadel === off=[20,-35,20] dist=0 facing=south
[09Oct2026 21:24:00.973] [Server thread/INFO] [deepluckyblock.procedures.Structures5Procedure/]: [STRUCT5-FLAT] grille de scoring : 147x147 cellules (13924 connues) en 14 ms -- T59/T62 (1874679 recherche(s) de chunk, dont 10 ayant attendu >2 ms, 426 ms au total)
[09Oct2026 21:24:00.973] [Server thread/INFO] [deepluckyblock.procedures.Structures5Procedure/]: [STRUCT5-FLAT] scoring termine : 0 candidat(s) en 0 ms (joueur 0 ms, emprises 0 ms, mesures terrain 0 ms) -- T57
[09Oct2026 21:24:01.004] [Server thread/INFO] [deepluckyblock.procedures.Structures5Procedure/]: [STRUCT5] === PASTE citadel === off=[20,-35,20] dist=0 facing=south
[09Oct2026 21:24:01.022] [Server thread/INFO] [deepluckyblock.procedures.Structures5Procedure/]: [STRUCT5-FLAT] grille de scoring : 147x147 cellules (13924 connues) en 14 ms -- T59/T62 (1886985 recherche(s) de chunk, dont 10 ayant attendu >2 ms, 428 ms au total)
[09Oct2026 21:24:01.022] [Server thread/INFO] [deepluckyblock.procedures.Structures5Procedure/]: [STRUCT5-FLAT] scoring termine : 0 candidat(s) en 0 ms (joueur 0 ms, emprises 0 ms, mesures terrain 0 ms) -- T57
[09Oct2026 21:24:01.055] [Server thread/INFO] [deepluckyblock.procedures.Structures5Procedure/]: [STRUCT5] === PASTE citadel === off=[20,-35,20] dist=0 facing=south
[09Oct2026 21:24:01.074] [Server thread/INFO] [deepluckyblock.procedures.Structures5Procedure/]: [STRUCT5-FLAT] grille de scoring : 147x147 cellules (13924 connues) en 14 ms -- T59/T62 (1899291 recherche(s) de chunk, dont 10 ayant attendu >2 ms, 430 ms au total)
[09Oct2026 21:24:01.074] [Server thread/INFO] [deepluckyblock.procedures.Structures5Procedure/]: [STRUCT5-FLAT] scoring termine : 0 candidat(s) en 0 ms (joueur 0 ms, emprises 0 ms, mesures terrain 0 ms) -- T57
[09Oct2026 21:24:01.106] [Server thread/INFO] [deepluckyblock.procedures.Structures5Procedure/]: [STRUCT5] === PASTE citadel === off=[20,-35,20] dist=0 facing=south
[09Oct2026 21:24:01.132] [Server thread/INFO] [deepluckyblock.procedures.Structures5Procedure/]: [STRUCT5-FLAT] grille de scoring : 147x147 cellules (13924 connues) en 19 ms -- T59/T62 (1911597 recherche(s) de chunk, dont 10 ayant attendu >2 ms, 433 ms au total)
[09Oct2026 21:24:01.133] [Server thread/INFO] [deepluckyblock.procedures.Structures5Procedure/]: [STRUCT5-FLAT] scoring termine : 0 candidat(s) en 0 ms (joueur 0 ms, emprises 0 ms, mesures terrain 0 ms) -- T57
[09Oct2026 21:24:01.154] [Server thread/INFO] [deepluckyblock.procedures.Structures5Procedure/]: [STRUCT5] === PASTE citadel === off=[20,-35,20] dist=0 facing=south
[09Oct2026 21:24:01.175] [Server thread/INFO] [deepluckyblock.procedures.Structures5Procedure/]: [STRUCT5-FLAT] grille de scoring : 147x147 cellules (13924 connues) en 16 ms -- T59/T62 (1923903 recherche(s) de chunk, dont 10 ayant attendu >2 ms, 436 ms au total)
[09Oct2026 21:24:01.175] [Server thread/INFO] [deepluckyblock.procedures.Structures5Procedure/]: [STRUCT5-FLAT] scoring termine : 0 candidat(s) en 0 ms (joueur 0 ms, emprises 0 ms, mesures terrain 0 ms) -- T57
[09Oct2026 21:24:01.205] [Server thread/INFO] [deepluckyblock.procedures.Structures5Procedure/]: [STRUCT5] === PASTE citadel === off=[20,-35,20] dist=0 facing=south
[09Oct2026 21:24:01.224] [Server thread/INFO] [deepluckyblock.procedures.Structures5Procedure/]: [STRUCT5-FLAT] grille de scoring : 147x147 cellules (13924 connues) en 14 ms -- T59/T62 (1936209 recherche(s) de chunk, dont 10 ayant attendu >2 ms, 438 ms au total)
[09Oct2026 21:24:01.224] [Server thread/INFO] [deepluckyblock.procedures.Structures5Procedure/]: [STRUCT5-FLAT] scoring termine : 0 candidat(s) en 0 ms (joueur 0 ms, emprises 0 ms, mesures terrain 0 ms) -- T57
[09Oct2026 21:24:01.254] [Server thread/INFO] [deepluckyblock.procedures.Structures5Procedure/]: [STRUCT5] === PASTE citadel === off=[20,-35,20] dist=0 facing=south
[09Oct2026 21:24:01.272] [Server thread/INFO] [deepluckyblock.procedures.Structures5Procedure/]: [STRUCT5-FLAT] grille de scoring : 147x147 cellules (13924 connues) en 14 ms -- T59/T62 (1948515 recherche(s) de chunk, dont 10 ayant attendu >2 ms, 441 ms au total)
[09Oct2026 21:24:01.272] [Server thread/INFO] [deepluckyblock.procedures.Structures5Procedure/]: [STRUCT5-FLAT] scoring termine : 0 candidat(s) en 0 ms (joueur 0 ms, emprises 0 ms, mesures terrain 0 ms) -- T57
[09Oct2026 21:24:01.307] [Server thread/INFO] [deepluckyblock.procedures.Structures5Procedure/]: [STRUCT5] === PASTE citadel === off=[20,-35,20] dist=0 facing=south
[09Oct2026 21:24:01.326] [Server thread/INFO] [deepluckyblock.procedures.Structures5Procedure/]: [STRUCT5-FLAT] grille de scoring : 147x147 cellules (13924 connues) en 14 ms -- T59/T62 (1960821 recherche(s) de chunk, dont 10 ayant attendu >2 ms, 443 ms au total)
[09Oct2026 21:24:01.326] [Server thread/INFO] [deepluckyblock.procedures.Structures5Procedure/]: [STRUCT5-FLAT] scoring termine : 0 candidat(s) en 0 ms (joueur 0 ms, emprises 0 ms, mesures terrain 0 ms) -- T57
[09Oct2026 21:24:01.354] [Server thread/INFO] [deepluckyblock.procedures.Structures5Procedure/]: [STRUCT5] === PASTE citadel === off=[20,-35,20] dist=0 facing=south
[09Oct2026 21:24:01.372] [Server thread/INFO] [deepluckyblock.procedures.Structures5Procedure/]: [STRUCT5-FLAT] grille de scoring : 147x147 cellules (13924 connues) en 13 ms -- T59/T62 (1973127 recherche(s) de chunk, dont 10 ayant attendu >2 ms, 445 ms au total)
[09Oct2026 21:24:01.372] [Server thread/INFO] [deepluckyblock.procedures.Structures5Procedure/]: [STRUCT5-FLAT] scoring termine : 0 candidat(s) en 0 ms (joueur 0 ms, emprises 0 ms, mesures terrain 0 ms) -- T57
[09Oct2026 21:24:01.406] [Server thread/INFO] [deepluckyblock.procedures.Structures5Procedure/]: [STRUCT5] === PASTE citadel === off=[20,-35,20] dist=0 facing=south
[09Oct2026 21:24:01.424] [Server thread/INFO] [deepluckyblock.procedures.Structures5Procedure/]: [STRUCT5-FLAT] grille de scoring : 147x147 cellules (13924 connues) en 14 ms -- T59/T62 (1985433 recherche(s) de chunk, dont 10 ayant attendu >2 ms, 447 ms au total)
[09Oct2026 21:24:01.424] [Server thread/INFO] [deepluckyblock.procedures.Structures5Procedure/]: [STRUCT5-FLAT] scoring termine : 0 candidat(s) en 0 ms (joueur 0 ms, emprises 0 ms, mesures terrain 0 ms) -- T57
[09Oct2026 21:24:01.457] [Server thread/INFO] [deepluckyblock.procedures.Structures5Procedure/]: [STRUCT5] === PASTE citadel === off=[20,-35,20] dist=0 facing=south
[09Oct2026 21:24:01.483] [Server thread/INFO] [deepluckyblock.procedures.Structures5Procedure/]: [STRUCT5-FLAT] grille de scoring : 147x147 cellules (13924 connues) en 19 ms -- T59/T62 (1997739 recherche(s) de chunk, dont 10 ayant attendu >2 ms, 450 ms au total)
[09Oct2026 21:24:01.483] [Server thread/INFO] [deepluckyblock.procedures.Structures5Procedure/]: [STRUCT5-FLAT] scoring termine : 0 candidat(s) en 0 ms (joueur 0 ms, emprises 0 ms, mesures terrain 0 ms) -- T57
[09Oct2026 21:24:01.504] [Server thread/INFO] [deepluckyblock.procedures.Structures5Procedure/]: [STRUCT5] === PASTE citadel === off=[20,-35,20] dist=0 facing=south
[09Oct2026 21:24:01.527] [Server thread/INFO] [deepluckyblock.procedures.Structures5Procedure/]: [STRUCT5-FLAT] grille de scoring : 147x147 cellules (13924 connues) en 19 ms -- T59/T62 (2010045 recherche(s) de chunk, dont 10 ayant attendu >2 ms, 452 ms au total)
[09Oct2026 21:24:01.527] [Server thread/INFO] [deepluckyblock.procedures.Structures5Procedure/]: [STRUCT5-FLAT] scoring termine : 0 candidat(s) en 0 ms (joueur 0 ms, emprises 0 ms, mesures terrain 0 ms) -- T57
[09Oct2026 21:24:01.568] [Server thread/INFO] [deepluckyblock.procedures.Structures5Procedure/]: [STRUCT5] === PASTE citadel === off=[20,-35,20] dist=0 facing=south
[09Oct2026 21:24:01.587] [Server thread/INFO] [deepluckyblock.procedures.Structures5Procedure/]: [STRUCT5-FLAT] grille de scoring : 147x147 cellules (13924 connues) en 14 ms -- T59/T62 (2022351 recherche(s) de chunk, dont 10 ayant attendu >2 ms, 455 ms au total)
[09Oct2026 21:24:01.587] [Server thread/INFO] [deepluckyblock.procedures.Structures5Procedure/]: [STRUCT5-FLAT] scoring termine : 0 candidat(s) en 0 ms (joueur 0 ms, emprises 0 ms, mesures terrain 0 ms) -- T57
[09Oct2026 21:24:01.628] [Server thread/INFO] [deepluckyblock.procedures.Structures5Procedure/]: [STRUCT5] === PASTE citadel === off=[20,-35,20] dist=0 facing=south
[09Oct2026 21:24:01.661] [Server thread/INFO] [deepluckyblock.procedures.Structures5Procedure/]: [STRUCT5-FLAT] grille de scoring : 147x147 cellules (13924 connues) en 28 ms -- T59/T62 (2034657 recherche(s) de chunk, dont 10 ayant attendu >2 ms, 457 ms au total)
[09Oct2026 21:24:01.662] [Server thread/INFO] [deepluckyblock.procedures.Structures5Procedure/]: [STRUCT5-FLAT] scoring termine : 0 candidat(s) en 0 ms (joueur 0 ms, emprises 0 ms, mesures terrain 0 ms) -- T57
[09Oct2026 21:24:01.693] [Server thread/INFO] [deepluckyblock.procedures.Structures5Procedure/]: [STRUCT5] === PASTE citadel === off=[20,-35,20] dist=0 facing=south
[09Oct2026 21:24:01.722] [Server thread/INFO] [deepluckyblock.procedures.Structures5Procedure/]: [STRUCT5-FLAT] grille de scoring : 147x147 cellules (13933 connues) en 23 ms -- T59/T62 (2047014 recherche(s) de chunk, dont 10 ayant attendu >2 ms, 461 ms au total)
[09Oct2026 21:24:01.722] [Server thread/INFO] [deepluckyblock.procedures.Structures5Procedure/]: [STRUCT5-FLAT] scoring termine : 0 candidat(s) en 0 ms (joueur 0 ms, emprises 0 ms, mesures terrain 0 ms) -- T57
[09Oct2026 21:24:01.733] [Server thread/INFO] [deepluckyblock.procedures.Structures5Procedure/]: [STRUCT5] === PASTE citadel === off=[20,-35,20] dist=0 facing=south
[09Oct2026 21:24:01.754] [Server thread/INFO] [deepluckyblock.procedures.Structures5Procedure/]: [STRUCT5-FLAT] grille de scoring : 147x147 cellules (13942 connues) en 17 ms -- T59/T62 (2059494 recherche(s) de chunk, dont 10 ayant attendu >2 ms, 463 ms au total)
[09Oct2026 21:24:01.754] [Server thread/INFO] [deepluckyblock.procedures.Structures5Procedure/]: [STRUCT5-FLAT] scoring termine : 0 candidat(s) en 0 ms (joueur 0 ms, emprises 0 ms, mesures terrain 0 ms) -- T57
[09Oct2026 21:24:01.764] [Server thread/INFO] [deepluckyblock.procedures.Structures5Procedure/]: [STRUCT5] === PASTE citadel === off=[20,-35,20] dist=0 facing=south
[09Oct2026 21:24:01.796] [Server thread/INFO] [deepluckyblock.procedures.Structures5Procedure/]: [STRUCT5-FLAT] grille de scoring : 147x147 cellules (13942 connues) en 27 ms -- T59/T62 (2072046 recherche(s) de chunk, dont 10 ayant attendu >2 ms, 466 ms au total)
[09Oct2026 21:24:01.796] [Server thread/INFO] [deepluckyblock.procedures.Structures5Procedure/]: [STRUCT5-FLAT] scoring termine : 0 candidat(s) en 0 ms (joueur 0 ms, emprises 0 ms, mesures terrain 0 ms) -- T57
[09Oct2026 21:24:01.808] [Server thread/INFO] [deepluckyblock.procedures.Structures5Procedure/]: [STRUCT5] === PASTE citadel === off=[20,-35,20] dist=0 facing=south
[09Oct2026 21:24:01.826] [Server thread/INFO] [deepluckyblock.procedures.Structures5Procedure/]: [STRUCT5-FLAT] grille de scoring : 147x147 cellules (13942 connues) en 14 ms -- T59/T62 (2084598 recherche(s) de chunk, dont 10 ayant attendu >2 ms, 468 ms au total)
[09Oct2026 21:24:01.826] [Server thread/INFO] [deepluckyblock.procedures.Structures5Procedure/]: [STRUCT5-FLAT] scoring termine : 0 candidat(s) en 0 ms (joueur 0 ms, emprises 0 ms, mesures terrain 0 ms) -- T57
[09Oct2026 21:24:01.856] [Server thread/INFO] [deepluckyblock.procedures.Structures5Procedure/]: [STRUCT5] === PASTE citadel === off=[20,-35,20] dist=0 facing=south
[09Oct2026 21:24:01.880] [Server thread/INFO] [deepluckyblock.procedures.Structures5Procedure/]: [STRUCT5-FLAT] grille de scoring : 147x147 cellules (13933 connues) en 17 ms -- T59/T62 (2097150 recherche(s) de chunk, dont 10 ayant attendu >2 ms, 471 ms au total)
[09Oct2026 21:24:01.881] [Server thread/INFO] [deepluckyblock.procedures.Structures5Procedure/]: [STRUCT5-FLAT] scoring termine : 0 candidat(s) en 0 ms (joueur 0 ms, emprises 0 ms, mesures terrain 0 ms) -- T57
[09Oct2026 21:24:01.904] [Server thread/INFO] [deepluckyblock.procedures.Structures5Procedure/]: [STRUCT5] === PASTE citadel === off=[20,-35,20] dist=0 facing=south
[09Oct2026 21:24:01.925] [Server thread/INFO] [deepluckyblock.procedures.Structures5Procedure/]: [STRUCT5-FLAT] grille de scoring : 147x147 cellules (13933 connues) en 16 ms -- T59/T62 (2109702 recherche(s) de chunk, dont 10 ayant attendu >2 ms, 473 ms au total)
[09Oct2026 21:24:01.925] [Server thread/INFO] [deepluckyblock.procedures.Structures5Procedure/]: [STRUCT5-FLAT] scoring termine : 0 candidat(s) en 0 ms (joueur 0 ms, emprises 0 ms, mesures terrain 0 ms) -- T57
[09Oct2026 21:24:01.963] [Server thread/INFO] [deepluckyblock.procedures.Structures5Procedure/]: [STRUCT5] === PASTE citadel === off=[20,-35,20] dist=0 facing=south
[09Oct2026 21:24:02.010] [Server thread/INFO] [deepluckyblock.procedures.Structures5Procedure/]: [STRUCT5-FLAT] grille de scoring : 147x147 cellules (13933 connues) en 34 ms -- T59/T62 (2122254 recherche(s) de chunk, dont 10 ayant attendu >2 ms, 476 ms au total)
[09Oct2026 21:24:02.010] [Server thread/INFO] [deepluckyblock.procedures.Structures5Procedure/]: [STRUCT5-FLAT] scoring termine : 0 candidat(s) en 0 ms (joueur 0 ms, emprises 0 ms, mesures terrain 0 ms) -- T57
[09Oct2026 21:24:02.034] [Server thread/INFO] [deepluckyblock.procedures.Structures5Procedure/]: [STRUCT5] === PASTE citadel === off=[20,-35,20] dist=0 facing=south
[09Oct2026 21:24:02.045] [Server thread/INFO] [deepluckyblock.procedures.Structures5Procedure/]: [STRUCT5-FLAT] recherche toujours en cours : rayon 369 blocs, 96 candidat(s) differe(s) en chargement de fond, 1278 centre(s) ecarte(s), 10 s ecoulees -- T230
[09Oct2026 21:24:02.062] [Server thread/INFO] [deepluckyblock.procedures.Structures5Procedure/]: [STRUCT5-FLAT] grille de scoring : 147x147 cellules (13933 connues) en 17 ms -- T59/T62 (2134806 recherche(s) de chunk, dont 10 ayant attendu >2 ms, 479 ms au total)
[09Oct2026 21:24:02.062] [Server thread/INFO] [deepluckyblock.procedures.Structures5Procedure/]: [STRUCT5-FLAT] scoring termine : 0 candidat(s) en 0 ms (joueur 0 ms, emprises 0 ms, mesures terrain 0 ms) -- T57
[09Oct2026 21:24:02.072] [Server thread/INFO] [deepluckyblock.procedures.Structures5Procedure/]: [STRUCT5] === PASTE citadel === off=[20,-35,20] dist=0 facing=south
[09Oct2026 21:24:02.099] [Server thread/INFO] [deepluckyblock.procedures.Structures5Procedure/]: [STRUCT5-FLAT] grille de scoring : 147x147 cellules (13933 connues) en 20 ms -- T59/T62 (2147358 recherche(s) de chunk, dont 10 ayant attendu >2 ms, 481 ms au total)
[09Oct2026 21:24:02.099] [Server thread/INFO] [deepluckyblock.procedures.Structures5Procedure/]: [STRUCT5-FLAT] scoring termine : 0 candidat(s) en 0 ms (joueur 0 ms, emprises 0 ms, mesures terrain 0 ms) -- T57
[09Oct2026 21:24:02.108] [Server thread/INFO] [deepluckyblock.procedures.Structures5Procedure/]: [STRUCT5] === PASTE citadel === off=[20,-35,20] dist=0 facing=south
[09Oct2026 21:24:02.126] [Server thread/INFO] [deepluckyblock.procedures.Structures5Procedure/]: [STRUCT5-FLAT] grille de scoring : 147x147 cellules (13933 connues) en 14 ms -- T59/T62 (2159910 recherche(s) de chunk, dont 10 ayant attendu >2 ms, 483 ms au total)
[09Oct2026 21:24:02.126] [Server thread/INFO] [deepluckyblock.procedures.Structures5Procedure/]: [STRUCT5-FLAT] scoring termine : 0 candidat(s) en 0 ms (joueur 0 ms, emprises 0 ms, mesures terrain 0 ms) -- T57
[09Oct2026 21:24:02.157] [Server thread/INFO] [deepluckyblock.procedures.Structures5Procedure/]: [STRUCT5] === PASTE citadel === off=[20,-35,20] dist=0 facing=south
[09Oct2026 21:24:02.188] [Server thread/INFO] [deepluckyblock.procedures.Structures5Procedure/]: [STRUCT5-FLAT] grille de scoring : 147x147 cellules (13933 connues) en 22 ms -- T59/T62 (2172462 recherche(s) de chunk, dont 11 ayant attendu >2 ms, 490 ms au total)
[09Oct2026 21:24:02.188] [Server thread/INFO] [deepluckyblock.procedures.Structures5Procedure/]: [STRUCT5-FLAT] scoring termine : 0 candidat(s) en 0 ms (joueur 0 ms, emprises 0 ms, mesures terrain 0 ms) -- T57
[09Oct2026 21:24:02.209] [Server thread/INFO] [deepluckyblock.procedures.Structures5Procedure/]: [STRUCT5] === PASTE citadel === off=[20,-35,20] dist=0 facing=south
[09Oct2026 21:24:02.226] [Server thread/INFO] [deepluckyblock.procedures.Structures5Procedure/]: [STRUCT5-FLAT] grille de scoring : 147x147 cellules (13933 connues) en 13 ms -- T59/T62 (2185014 recherche(s) de chunk, dont 11 ayant attendu >2 ms, 492 ms au total)
[09Oct2026 21:24:02.227] [Server thread/INFO] [deepluckyblock.procedures.Structures5Procedure/]: [STRUCT5-FLAT] scoring termine : 0 candidat(s) en 0 ms (joueur 0 ms, emprises 0 ms, mesures terrain 0 ms) -- T57
[09Oct2026 21:24:02.255] [Server thread/INFO] [deepluckyblock.procedures.Structures5Procedure/]: [STRUCT5] === PASTE citadel === off=[20,-35,20] dist=0 facing=south
[09Oct2026 21:24:02.273] [Server thread/INFO] [deepluckyblock.procedures.Structures5Procedure/]: [STRUCT5-FLAT] grille de scoring : 147x147 cellules (13933 connues) en 14 ms -- T59/T62 (2197566 recherche(s) de chunk, dont 11 ayant attendu >2 ms, 495 ms au total)
[09Oct2026 21:24:02.274] [Server thread/INFO] [deepluckyblock.procedures.Structures5Procedure/]: [STRUCT5-FLAT] scoring termine : 0 candidat(s) en 0 ms (joueur 0 ms, emprises 0 ms, mesures terrain 0 ms) -- T57
[09Oct2026 21:24:02.312] [Server thread/INFO] [deepluckyblock.procedures.Structures5Procedure/]: [STRUCT5] === PASTE citadel === off=[20,-35,20] dist=0 facing=south
[09Oct2026 21:24:02.341] [Server thread/INFO] [deepluckyblock.procedures.Structures5Procedure/]: [STRUCT5-FLAT] grille de scoring : 147x147 cellules (13933 connues) en 16 ms -- T59/T62 (2210118 recherche(s) de chunk, dont 11 ayant attendu >2 ms, 497 ms au total)
[09Oct2026 21:24:02.341] [Server thread/INFO] [deepluckyblock.procedures.Structures5Procedure/]: [STRUCT5-FLAT] scoring termine : 0 candidat(s) en 0 ms (joueur 0 ms, emprises 0 ms, mesures terrain 0 ms) -- T57
[09Oct2026 21:24:02.354] [Server thread/INFO] [deepluckyblock.procedures.Structures5Procedure/]: [STRUCT5] === PASTE citadel === off=[20,-35,20] dist=0 facing=south
[09Oct2026 21:24:02.373] [Server thread/INFO] [deepluckyblock.procedures.Structures5Procedure/]: [STRUCT5-FLAT] grille de scoring : 147x147 cellules (13954 connues) en 14 ms -- T59/T62 (2222852 recherche(s) de chunk, dont 11 ayant attendu >2 ms, 499 ms au total)
[09Oct2026 21:24:02.373] [Server thread/INFO] [deepluckyblock.procedures.Structures5Procedure/]: [STRUCT5-FLAT] scoring termine : 0 candidat(s) en 0 ms (joueur 0 ms, emprises 0 ms, mesures terrain 0 ms) -- T57
[09Oct2026 21:24:02.435] [Server thread/INFO] [deepluckyblock.procedures.Structures5Procedure/]: [STRUCT5] === PASTE citadel === off=[20,-35,20] dist=0 facing=south
[09Oct2026 21:24:02.554] [Server thread/INFO] [deepluckyblock.procedures.Structures5Procedure/]: [STRUCT5-FLAT] grille de scoring : 147x147 cellules (14214 connues) en 16 ms -- T59/T62 (2244070 recherche(s) de chunk, dont 11 ayant attendu >2 ms, 504 ms au total)
[09Oct2026 21:24:02.554] [Server thread/INFO] [deepluckyblock.procedures.Structures5Procedure/]: [STRUCT5-FLAT] scoring termine : 0 candidat(s) en 0 ms (joueur 0 ms, emprises 0 ms, mesures terrain 0 ms) -- T57
[09Oct2026 21:24:02.659] [Server thread/INFO] [deepluckyblock.procedures.Structures5Procedure/]: [STRUCT5] === PASTE citadel === off=[20,-35,20] dist=0 facing=south
[09Oct2026 21:24:02.779] [Server thread/INFO] [deepluckyblock.procedures.Structures5Procedure/]: [STRUCT5-FLAT] grille de scoring : 147x147 cellules (14693 connues) en 15 ms -- T59/T62 (2278530 recherche(s) de chunk, dont 11 ayant attendu >2 ms, 510 ms au total)
[09Oct2026 21:24:02.779] [Server thread/INFO] [deepluckyblock.procedures.Structures5Procedure/]: [STRUCT5-FLAT] scoring termine : 0 candidat(s) en 0 ms (joueur 0 ms, emprises 0 ms, mesures terrain 0 ms) -- T57
[09Oct2026 21:24:02.896] [Server thread/INFO] [deepluckyblock.procedures.Structures5Procedure/]: [STRUCT5] === PASTE citadel === off=[20,-35,20] dist=0 facing=south
[09Oct2026 21:24:03.015] [Server thread/INFO] [deepluckyblock.procedures.Structures5Procedure/]: [STRUCT5-FLAT] grille de scoring : 147x147 cellules (14605 connues) en 15 ms -- T59/T62 (2314860 recherche(s) de chunk, dont 11 ayant attendu >2 ms, 516 ms au total)
[09Oct2026 21:24:03.016] [Server thread/INFO] [deepluckyblock.procedures.Structures5Procedure/]: [STRUCT5-FLAT] scoring termine : 0 candidat(s) en 0 ms (joueur 0 ms, emprises 0 ms, mesures terrain 0 ms) -- T57
[09Oct2026 21:24:03.028] [Server thread/INFO] [deepluckyblock.procedures.Structures5Procedure/]: [STRUCT5] === PASTE citadel === off=[20,-35,20] dist=0 facing=south
[09Oct2026 21:24:03.053] [Server thread/INFO] [deepluckyblock.procedures.Structures5Procedure/]: [STRUCT5-FLAT] grille de scoring : 147x147 cellules (14593 connues) en 15 ms -- T59/T62 (2328938 recherche(s) de chunk, dont 11 ayant attendu >2 ms, 519 ms au total)
[09Oct2026 21:24:03.053] [Server thread/INFO] [deepluckyblock.procedures.Structures5Procedure/]: [STRUCT5-FLAT] scoring termine : 0 candidat(s) en 0 ms (joueur 0 ms, emprises 0 ms, mesures terrain 0 ms) -- T57
[09Oct2026 21:24:03.075] [Server thread/INFO] [deepluckyblock.procedures.Structures5Procedure/]: [STRUCT5] === PASTE citadel === off=[20,-35,20] dist=0 facing=south
[09Oct2026 21:24:03.100] [Server thread/INFO] [deepluckyblock.procedures.Structures5Procedure/]: [STRUCT5-FLAT] grille de scoring : 147x147 cellules (14494 connues) en 16 ms -- T59/T62 (2343016 recherche(s) de chunk, dont 11 ayant attendu >2 ms, 522 ms au total)
[09Oct2026 21:24:03.100] [Server thread/INFO] [deepluckyblock.procedures.Structures5Procedure/]: [STRUCT5-FLAT] scoring termine : 0 candidat(s) en 0 ms (joueur 0 ms, emprises 0 ms, mesures terrain 0 ms) -- T57
[09Oct2026 21:24:03.114] [Server thread/INFO] [deepluckyblock.procedures.Structures5Procedure/]: [STRUCT5] === PASTE citadel === off=[20,-35,20] dist=0 facing=south
[09Oct2026 21:24:03.155] [Server thread/INFO] [deepluckyblock.procedures.Structures5Procedure/]: [STRUCT5-FLAT] grille de scoring : 147x147 cellules (14494 connues) en 31 ms -- T59/T62 (2357022 recherche(s) de chunk, dont 11 ayant attendu >2 ms, 526 ms au total)
[09Oct2026 21:24:03.156] [Server thread/INFO] [deepluckyblock.procedures.Structures5Procedure/]: [STRUCT5-FLAT] scoring termine : 0 candidat(s) en 0 ms (joueur 0 ms, emprises 0 ms, mesures terrain 0 ms) -- T57
[09Oct2026 21:24:03.172] [Server thread/INFO] [deepluckyblock.procedures.Structures5Procedure/]: [STRUCT5] === PASTE citadel === off=[20,-35,20] dist=0 facing=south
[09Oct2026 21:24:03.204] [Server thread/INFO] [deepluckyblock.procedures.Structures5Procedure/]: [STRUCT5-FLAT] grille de scoring : 147x147 cellules (14494 connues) en 21 ms -- T59/T62 (2371028 recherche(s) de chunk, dont 11 ayant attendu >2 ms, 529 ms au total)
[09Oct2026 21:24:03.204] [Server thread/INFO] [deepluckyblock.procedures.Structures5Procedure/]: [STRUCT5-FLAT] scoring termine : 0 candidat(s) en 0 ms (joueur 0 ms, emprises 0 ms, mesures terrain 0 ms) -- T57
[09Oct2026 21:24:03.217] [Server thread/INFO] [deepluckyblock.procedures.Structures5Procedure/]: [STRUCT5] === PASTE citadel === off=[20,-35,20] dist=0 facing=south
[09Oct2026 21:24:03.242] [Server thread/INFO] [deepluckyblock.procedures.Structures5Procedure/]: [STRUCT5-FLAT] grille de scoring : 147x147 cellules (14494 connues) en 16 ms -- T59/T62 (2385034 recherche(s) de chunk, dont 11 ayant attendu >2 ms, 533 ms au total)
[09Oct2026 21:24:03.242] [Server thread/INFO] [deepluckyblock.procedures.Structures5Procedure/]: [STRUCT5-FLAT] scoring termine : 0 candidat(s) en 0 ms (joueur 0 ms, emprises 0 ms, mesures terrain 0 ms) -- T57
[09Oct2026 21:24:03.253] [Server thread/INFO] [deepluckyblock.procedures.Structures5Procedure/]: [STRUCT5] === PASTE citadel === off=[20,-35,20] dist=0 facing=south
[09Oct2026 21:24:03.277] [Server thread/INFO] [deepluckyblock.procedures.Structures5Procedure/]: [STRUCT5-FLAT] grille de scoring : 147x147 cellules (14494 connues) en 15 ms -- T59/T62 (2399040 recherche(s) de chunk, dont 11 ayant attendu >2 ms, 535 ms au total)
[09Oct2026 21:24:03.278] [Server thread/INFO] [deepluckyblock.procedures.Structures5Procedure/]: [STRUCT5-FLAT] scoring termine : 0 candidat(s) en 0 ms (joueur 0 ms, emprises 0 ms, mesures terrain 0 ms) -- T57
[09Oct2026 21:24:03.289] [Server thread/INFO] [deepluckyblock.procedures.Structures5Procedure/]: [STRUCT5] === PASTE citadel === off=[20,-35,20] dist=0 facing=south
[09Oct2026 21:24:03.316] [Server thread/INFO] [deepluckyblock.procedures.Structures5Procedure/]: [STRUCT5-FLAT] grille de scoring : 147x147 cellules (14494 connues) en 16 ms -- T59/T62 (2413046 recherche(s) de chunk, dont 11 ayant attendu >2 ms, 538 ms au total)
[09Oct2026 21:24:03.316] [Server thread/INFO] [deepluckyblock.procedures.Structures5Procedure/]: [STRUCT5-FLAT] scoring termine : 0 candidat(s) en 0 ms (joueur 0 ms, emprises 0 ms, mesures terrain 0 ms) -- T57
[09Oct2026 21:24:03.328] [Server thread/INFO] [deepluckyblock.procedures.Structures5Procedure/]: [STRUCT5] === PASTE citadel === off=[20,-35,20] dist=0 facing=south
[09Oct2026 21:24:03.350] [Server thread/INFO] [deepluckyblock.procedures.Structures5Procedure/]: [STRUCT5-FLAT] grille de scoring : 147x147 cellules (14494 connues) en 15 ms -- T59/T62 (2427052 recherche(s) de chunk, dont 11 ayant attendu >2 ms, 541 ms au total)
[09Oct2026 21:24:03.351] [Server thread/INFO] [deepluckyblock.procedures.Structures5Procedure/]: [STRUCT5-FLAT] scoring termine : 0 candidat(s) en 0 ms (joueur 0 ms, emprises 0 ms, mesures terrain 0 ms) -- T57
[09Oct2026 21:24:03.362] [Server thread/INFO] [deepluckyblock.procedures.Structures5Procedure/]: [STRUCT5] === PASTE citadel === off=[20,-35,20] dist=0 facing=south
[09Oct2026 21:24:03.387] [Server thread/INFO] [deepluckyblock.procedures.Structures5Procedure/]: [STRUCT5-FLAT] grille de scoring : 147x147 cellules (14494 connues) en 17 ms -- T59/T62 (2441058 recherche(s) de chunk, dont 11 ayant attendu >2 ms, 544 ms au total)
[09Oct2026 21:24:03.387] [Server thread/INFO] [deepluckyblock.procedures.Structures5Procedure/]: [STRUCT5-FLAT] scoring termine : 0 candidat(s) en 0 ms (joueur 0 ms, emprises 0 ms, mesures terrain 0 ms) -- T57
[09Oct2026 21:24:03.401] [Server thread/INFO] [deepluckyblock.procedures.Structures5Procedure/]: [STRUCT5] === PASTE citadel === off=[20,-35,20] dist=0 facing=south
[09Oct2026 21:24:03.423] [Server thread/INFO] [deepluckyblock.procedures.Structures5Procedure/]: [STRUCT5-FLAT] grille de scoring : 147x147 cellules (14494 connues) en 15 ms -- T59/T62 (2455064 recherche(s) de chunk, dont 11 ayant attendu >2 ms, 547 ms au total)
[09Oct2026 21:24:03.424] [Server thread/INFO] [deepluckyblock.procedures.Structures5Procedure/]: [STRUCT5-FLAT] scoring termine : 0 candidat(s) en 0 ms (joueur 0 ms, emprises 0 ms, mesures terrain 0 ms) -- T57
[09Oct2026 21:24:03.477] [Server thread/INFO] [deepluckyblock.procedures.Structures5Procedure/]: [STRUCT5] === PASTE citadel === off=[20,-35,20] dist=0 facing=south
[09Oct2026 21:24:03.499] [Server thread/INFO] [deepluckyblock.procedures.Structures5Procedure/]: [STRUCT5-FLAT] grille de scoring : 147x147 cellules (14494 connues) en 15 ms -- T59/T62 (2469070 recherche(s) de chunk, dont 11 ayant attendu >2 ms, 549 ms au total)
[09Oct2026 21:24:03.500] [Server thread/INFO] [deepluckyblock.procedures.Structures5Procedure/]: [STRUCT5-FLAT] scoring termine : 0 candidat(s) en 0 ms (joueur 0 ms, emprises 0 ms, mesures terrain 0 ms) -- T57
[09Oct2026 21:24:03.511] [Server thread/INFO] [deepluckyblock.procedures.Structures5Procedure/]: [STRUCT5] === PASTE citadel === off=[20,-35,20] dist=0 facing=south
[09Oct2026 21:24:03.534] [Server thread/INFO] [deepluckyblock.procedures.Structures5Procedure/]: [STRUCT5-FLAT] grille de scoring : 147x147 cellules (14494 connues) en 15 ms -- T59/T62 (2483076 recherche(s) de chunk, dont 11 ayant attendu >2 ms, 552 ms au total)
[09Oct2026 21:24:03.535] [Server thread/INFO] [deepluckyblock.procedures.Structures5Procedure/]: [STRUCT5-FLAT] scoring termine : 0 candidat(s) en 0 ms (joueur 0 ms, emprises 0 ms, mesures terrain 0 ms) -- T57
[09Oct2026 21:24:03.546] [Server thread/INFO] [deepluckyblock.procedures.Structures5Procedure/]: [STRUCT5] === PASTE citadel === off=[20,-35,20] dist=0 facing=south
[09Oct2026 21:24:03.569] [Server thread/INFO] [deepluckyblock.procedures.Structures5Procedure/]: [STRUCT5-FLAT] grille de scoring : 147x147 cellules (14494 connues) en 15 ms -- T59/T62 (2497082 recherche(s) de chunk, dont 11 ayant attendu >2 ms, 555 ms au total)
[09Oct2026 21:24:03.570] [Server thread/INFO] [deepluckyblock.procedures.Structures5Procedure/]: [STRUCT5-FLAT] scoring termine : 0 candidat(s) en 0 ms (joueur 0 ms, emprises 0 ms, mesures terrain 0 ms) -- T57
[09Oct2026 21:24:03.581] [Server thread/INFO] [deepluckyblock.procedures.Structures5Procedure/]: [STRUCT5] === PASTE citadel === off=[20,-35,20] dist=0 facing=south
[09Oct2026 21:24:03.603] [Server thread/INFO] [deepluckyblock.procedures.Structures5Procedure/]: [STRUCT5-FLAT] grille de scoring : 147x147 cellules (14494 connues) en 14 ms -- T59/T62 (2511088 recherche(s) de chunk, dont 11 ayant attendu >2 ms, 558 ms au total)
[09Oct2026 21:24:03.603] [Server thread/INFO] [deepluckyblock.procedures.Structures5Procedure/]: [STRUCT5-FLAT] scoring termine : 0 candidat(s) en 0 ms (joueur 0 ms, emprises 0 ms, mesures terrain 0 ms) -- T57
[09Oct2026 21:24:03.614] [Server thread/INFO] [deepluckyblock.procedures.Structures5Procedure/]: [STRUCT5] === PASTE citadel === off=[20,-35,20] dist=0 facing=south
[09Oct2026 21:24:03.636] [Server thread/INFO] [deepluckyblock.procedures.Structures5Procedure/]: [STRUCT5-FLAT] grille de scoring : 147x147 cellules (14494 connues) en 14 ms -- T59/T62 (2525094 recherche(s) de chunk, dont 11 ayant attendu >2 ms, 560 ms au total)
[09Oct2026 21:24:03.636] [Server thread/INFO] [deepluckyblock.procedures.Structures5Procedure/]: [STRUCT5-FLAT] scoring termine : 0 candidat(s) en 0 ms (joueur 0 ms, emprises 0 ms, mesures terrain 0 ms) -- T57
[09Oct2026 21:24:03.648] [Server thread/INFO] [deepluckyblock.procedures.Structures5Procedure/]: [STRUCT5] === PASTE citadel === off=[20,-35,20] dist=0 facing=south
[09Oct2026 21:24:03.674] [Server thread/INFO] [deepluckyblock.procedures.Structures5Procedure/]: [STRUCT5-FLAT] grille de scoring : 147x147 cellules (14494 connues) en 17 ms -- T59/T62 (2539100 recherche(s) de chunk, dont 11 ayant attendu >2 ms, 563 ms au total)
[09Oct2026 21:24:03.674] [Server thread/INFO] [deepluckyblock.procedures.Structures5Procedure/]: [STRUCT5-FLAT] scoring termine : 0 candidat(s) en 0 ms (joueur 0 ms, emprises 0 ms, mesures terrain 0 ms) -- T57
[09Oct2026 21:24:03.685] [Server thread/INFO] [deepluckyblock.procedures.Structures5Procedure/]: [STRUCT5] === PASTE citadel === off=[20,-35,20] dist=0 facing=south
[09Oct2026 21:24:03.707] [Server thread/INFO] [deepluckyblock.procedures.Structures5Procedure/]: [STRUCT5-FLAT] grille de scoring : 147x147 cellules (14494 connues) en 14 ms -- T59/T62 (2553106 recherche(s) de chunk, dont 11 ayant attendu >2 ms, 566 ms au total)
[09Oct2026 21:24:03.707] [Server thread/INFO] [deepluckyblock.procedures.Structures5Procedure/]: [STRUCT5-FLAT] scoring termine : 0 candidat(s) en 0 ms (joueur 0 ms, emprises 0 ms, mesures terrain 0 ms) -- T57
[09Oct2026 21:24:03.719] [Server thread/INFO] [deepluckyblock.procedures.Structures5Procedure/]: [STRUCT5] === PASTE citadel === off=[20,-35,20] dist=0 facing=south
[09Oct2026 21:24:03.742] [Server thread/INFO] [deepluckyblock.procedures.Structures5Procedure/]: [STRUCT5-FLAT] grille de scoring : 147x147 cellules (14494 connues) en 15 ms -- T59/T62 (2567112 recherche(s) de chunk, dont 11 ayant attendu >2 ms, 568 ms au total)
[09Oct2026 21:24:03.742] [Server thread/INFO] [deepluckyblock.procedures.Structures5Procedure/]: [STRUCT5-FLAT] scoring termine : 0 candidat(s) en 0 ms (joueur 0 ms, emprises 0 ms, mesures terrain 0 ms) -- T57
[09Oct2026 21:24:03.758] [Server thread/INFO] [deepluckyblock.procedures.Structures5Procedure/]: [STRUCT5] === PASTE citadel === off=[20,-35,20] dist=0 facing=south
[09Oct2026 21:24:03.786] [Server thread/INFO] [deepluckyblock.procedures.Structures5Procedure/]: [STRUCT5-FLAT] grille de scoring : 147x147 cellules (14494 connues) en 18 ms -- T59/T62 (2580864 recherche(s) de chunk, dont 11 ayant attendu >2 ms, 571 ms au total)
[09Oct2026 21:24:03.786] [Server thread/INFO] [deepluckyblock.procedures.Structures5Procedure/]: [STRUCT5-FLAT] scoring termine : 0 candidat(s) en 0 ms (joueur 0 ms, emprises 0 ms, mesures terrain 0 ms) -- T57
[09Oct2026 21:24:03.797] [Server thread/INFO] [deepluckyblock.procedures.Structures5Procedure/]: [STRUCT5] === PASTE citadel === off=[20,-35,20] dist=0 facing=south
[09Oct2026 21:24:04.165] [Server thread/INFO] [deepluckyblock.procedures.Structures5Procedure/]: [STRUCT5-FLAT] grille de scoring : 147x147 cellules (14569 connues) en 15 ms -- T59/T62 (2644317 recherche(s) de chunk, dont 11 ayant attendu >2 ms, 581 ms au total)
[09Oct2026 21:24:04.165] [Server thread/INFO] [deepluckyblock.procedures.Structures5Procedure/]: [STRUCT5-FLAT] scoring termine : 0 candidat(s) en 0 ms (joueur 0 ms, emprises 0 ms, mesures terrain 0 ms) -- T57
[09Oct2026 21:24:04.172] [Server thread/INFO] [deepluckyblock.procedures.Structures5Procedure/]: [STRUCT5] === PASTE citadel === off=[20,-35,20] dist=0 facing=south
[09Oct2026 21:24:04.188] [Server thread/INFO] [deepluckyblock.procedures.Structures5Procedure/]: [STRUCT5-FLAT] grille de scoring : 147x147 cellules (14569 connues) en 15 ms -- T59/T62 (2652782 recherche(s) de chunk, dont 11 ayant attendu >2 ms, 583 ms au total)
[09Oct2026 21:24:04.188] [Server thread/INFO] [deepluckyblock.procedures.Structures5Procedure/]: [STRUCT5-FLAT] scoring termine : 0 candidat(s) en 0 ms (joueur 0 ms, emprises 0 ms, mesures terrain 0 ms) -- T57
[09Oct2026 21:24:04.196] [Server thread/INFO] [deepluckyblock.procedures.Structures5Procedure/]: [STRUCT5] === PASTE citadel === off=[20,-35,20] dist=0 facing=south
[09Oct2026 21:24:04.318] [Server thread/INFO] [deepluckyblock.procedures.Structures5Procedure/]: [STRUCT5-FLAT] grille de scoring : 147x147 cellules (14605 connues) en 14 ms -- T59/T62 (2672012 recherche(s) de chunk, dont 11 ayant attendu >2 ms, 586 ms au total)
[09Oct2026 21:24:04.319] [Server thread/INFO] [deepluckyblock.procedures.Structures5Procedure/]: [STRUCT5-FLAT] scoring termine : 0 candidat(s) en 0 ms (joueur 0 ms, emprises 0 ms, mesures terrain 0 ms) -- T57
[09Oct2026 21:24:04.379] [Server thread/INFO] [deepluckyblock.procedures.Structures5Procedure/]: [STRUCT5] === PASTE citadel === off=[20,-35,20] dist=0 facing=south
[09Oct2026 21:24:04.443] [Server thread/INFO] [deepluckyblock.procedures.Structures5Procedure/]: [STRUCT5-FLAT] grille de scoring : 147x147 cellules (14609 connues) en 15 ms -- T59/T62 (2690644 recherche(s) de chunk, dont 11 ayant attendu >2 ms, 590 ms au total)
[09Oct2026 21:24:04.444] [Server thread/INFO] [deepluckyblock.procedures.Structures5Procedure/]: [STRUCT5-FLAT] scoring termine : 0 candidat(s) en 0 ms (joueur 0 ms, emprises 0 ms, mesures terrain 0 ms) -- T57
[09Oct2026 21:24:04.444] [Server thread/INFO] [deepluckyblock.procedures.Structures5Procedure/]: [STRUCT5-FLAT] aucun centre x0,6 conforme (relief <= 10, eau=0) -- nouvelle couronne jusqu'a 512 blocs; reprise asynchrone
[09Oct2026 21:24:04.450] [Server thread/INFO] [deepluckyblock.procedures.Structures5Procedure/]: [STRUCT5] === PASTE citadel === off=[20,-35,20] dist=0 facing=south
[09Oct2026 21:24:04.469] [Server thread/INFO] [deepluckyblock.procedures.Structures5Procedure/]: [STRUCT5-FLAT] grille de scoring : 251x251 cellules (14573 connues) en 19 ms -- T59/T62 (2710724 recherche(s) de chunk, dont 11 ayant attendu >2 ms, 594 ms au total)
[09Oct2026 21:24:04.479] [Server thread/INFO] [deepluckyblock.procedures.Structures5Procedure/]: [STRUCT5-FLAT] scoring termine : 0 candidat(s) en 7 ms (joueur 2 ms, emprises 1 ms, mesures terrain 4 ms) -- T57
[09Oct2026 21:24:04.479] [Server thread/WARN] [deepluckyblock.procedures.Structures5Procedure/]: [STRUCT5-FLAT] secours local 1244,-201 deja banni par la porte relief (relief brut 13) -- on l'oublie et on passe au secours lointain (T232-F3)
[09Oct2026 21:24:04.480] [Server thread/INFO] [deepluckyblock.util.ChunkKeeper/]: [DLB-CHUNKS] zone 2084, 63, -52 -> 2188, 63, 52 tenue en memoire pendant le pipeline (56 chunks)
[09Oct2026 21:24:04.480] [Server thread/INFO] [deepluckyblock.util.TerrainEditClamp/]: [DLB-CLAMP] fenetre d'edition ouverte sur 105x129x105 a 2084,-52 -- ticks de chute et de fluide neutralises dans la zone
[09Oct2026 21:24:04.481] [Server thread/WARN] [deepluckyblock.procedures.Structures5Procedure/]: [STRUCT5-FLAT] zones historiques épuisées jusqu'à 768 blocs : génération ciblée d'une seule emprise à 2136,0
[09Oct2026 21:24:11.496] [Server thread/WARN] [deepluckyblock.util.TerrainEditClamp/]: [DLB-LAGPROBE] periode de tick de 6427 ms pendant la phase « decorate TERMINE T180 (végétation + arbres restaurés) » -- c'est cette phase qui accapare le thread principal (zone 130,-4 -> 136,3 : 0 chunks epingles, 56 en attente, 0 demandes de chargement ; 1 tick(s) > 1 s au total)
[09Oct2026 21:24:11.623] [Server thread/WARN] [deepluckyblock.procedures.Structures5Procedure/]: [STRUCT5-FLAT] secours cible a 2136,0 : emprise incomplete (1 ticks), re-demande en cours (T229)
[09Oct2026 21:24:11.702] [Server thread/INFO] [deepluckyblock.util.ChunkKeeper/]: [DLB-CHUNKS] zone etendue : 324 chunks a maintenir
[09Oct2026 21:24:11.703] [Server thread/INFO] [deepluckyblock.procedures.Structures5Procedure/]: [STRUCT5-FLAT] secours ciblé précédent rejeté; une seule nouvelle emprise demandée à 2304,168
[09Oct2026 21:24:12.029] [Server thread/WARN] [deepluckyblock.procedures.Structures5Procedure/]: [STRUCT5-FLAT] secours ciblé non livré après 5 s; déplacement à 2472,336
[09Oct2026 21:24:22.677] [Server thread/WARN] [deepluckyblock.util.TerrainEditClamp/]: [DLB-LAGPROBE] periode de tick de 10653 ms pendant la phase « decorate TERMINE T180 (végétation + arbres restaurés) » -- c'est cette phase qui accapare le thread principal (zone 130,-4 -> 147,13 : 56 chunks epingles, 268 en attente, 12 demandes de chargement ; 2 tick(s) > 1 s au total)
[09Oct2026 21:24:22.686] [Server thread/WARN] [net.minecraft.server.MinecraftServer/]: Can't keep up! Is the server overloaded? Running 10637ms or 212 ticks behind
[09Oct2026 21:24:32.720] [Server thread/WARN] [deepluckyblock.util.TerrainEditClamp/]: [DLB-LAGPROBE] periode de tick de 9050 ms pendant la phase « decorate TERMINE T180 (végétation + arbres restaurés) » -- c'est cette phase qui accapare le thread principal (zone 130,-4 -> 147,13 : 56 chunks epingles, 268 en attente, 12 demandes de chargement ; 3 tick(s) > 1 s au total)
[09Oct2026 21:24:33.034] [Server thread/WARN] [deepluckyblock.procedures.Structures5Procedure/]: [STRUCT5-FLAT] secours ciblé non livré après 5 s; déplacement à 2640,504
[09Oct2026 21:24:33.430] [Server thread/WARN] [deepluckyblock.procedures.Structures5Procedure/]: [STRUCT5-FLAT] secours ciblé non livré après 5 s; déplacement à 2808,672
[09Oct2026 21:24:41.630] [Server thread/WARN] [deepluckyblock.util.TerrainEditClamp/]: [DLB-LAGPROBE] periode de tick de 8106 ms pendant la phase « decorate TERMINE T180 (végétation + arbres restaurés) » -- c'est cette phase qui accapare le thread principal (zone 130,-4 -> 147,13 : 76 chunks epingles, 248 en attente, 18 demandes de chargement ; 4 tick(s) > 1 s au total)
[09Oct2026 21:24:42.142] [Server thread/WARN] [deepluckyblock.procedures.Structures5Procedure/]: [STRUCT5-FLAT] secours ciblé non livré après 5 s; déplacement à 2976,840
[09Oct2026 21:24:42.187] [Server thread/WARN] [net.minecraft.server.MinecraftServer/]: Can't keep up! Is the server overloaded? Running 4537ms or 90 ticks behind
[09Oct2026 21:24:48.519] [Server thread/WARN] [deepluckyblock.util.TerrainEditClamp/]: [DLB-LAGPROBE] periode de tick de 6332 ms pendant la phase « decorate TERMINE T180 (végétation + arbres restaurés) » -- c'est cette phase qui accapare le thread principal (zone 130,-4 -> 147,13 : 76 chunks epingles, 248 en attente, 19 demandes de chargement ; 5 tick(s) > 1 s au total)
[09Oct2026 21:24:48.858] [Server thread/WARN] [deepluckyblock.procedures.Structures5Procedure/]: [STRUCT5-FLAT] secours ciblé non livré après 5 s; déplacement à 3144,1008
[09Oct2026 21:24:58.155] [Server thread/WARN] [deepluckyblock.util.TerrainEditClamp/]: [DLB-LAGPROBE] periode de tick de 7149 ms pendant la phase « decorate TERMINE T180 (végétation + arbres restaurés) » -- c'est cette phase qui accapare le thread principal (zone 130,-4 -> 147,13 : 76 chunks epingles, 248 en attente, 36 demandes de chargement ; 7 tick(s) > 1 s au total)
[09Oct2026 21:24:58.223] [Server thread/WARN] [deepluckyblock.procedures.Structures5Procedure/]: [STRUCT5-FLAT] secours ciblé non livré après 5 s; déplacement à 3312,1176
[09Oct2026 21:24:58.609] [Server thread/WARN] [deepluckyblock.procedures.Structures5Procedure/]: [STRUCT5-FLAT] secours ciblé non livré après 5 s; déplacement à 3480,1344
[09Oct2026 21:25:05.693] [Server thread/WARN] [deepluckyblock.util.TerrainEditClamp/]: [DLB-LAGPROBE] periode de tick de 6971 ms pendant la phase « decorate TERMINE T180 (végétation + arbres restaurés) » -- c'est cette phase qui accapare le thread principal (zone 130,-4 -> 147,13 : 92 chunks epingles, 232 en attente, 48 demandes de chargement ; 8 tick(s) > 1 s au total)
[09Oct2026 21:25:05.704] [Server thread/WARN] [net.minecraft.server.MinecraftServer/]: Can't keep up! Is the server overloaded? Running 6954ms or 139 ticks behind
[09Oct2026 21:25:12.790] [Server thread/WARN] [deepluckyblock.util.TerrainEditClamp/]: [DLB-LAGPROBE] periode de tick de 7097 ms pendant la phase « decorate TERMINE T180 (végétation + arbres restaurés) » -- c'est cette phase qui accapare le thread principal (zone 130,-4 -> 147,13 : 92 chunks epingles, 232 en attente, 48 demandes de chargement ; 9 tick(s) > 1 s au total)
[09Oct2026 21:25:12.967] [Server thread/WARN] [deepluckyblock.procedures.Structures5Procedure/]: [STRUCT5-FLAT] secours ciblé non livré après 5 s; déplacement à 3648,1512
[09Oct2026 21:25:14.172] [Server thread/INFO] [deepluckyblock.util.ChunkKeeper/]: [DLB-CHUNKS] zone etendue : 10931 chunks a maintenir
[09Oct2026 21:25:14.172] [Server thread/WARN] [deepluckyblock.procedures.Structures5Procedure/]: [STRUCT5-FLAT] plafond de sauts atteint sans terrain sec charge : rearmement T231 du secours cible a 3648,1512 (T229 annulait la structure) -- reste 180 s avant abandon
[09Oct2026 21:25:21.322] [Server thread/WARN] [deepluckyblock.util.TerrainEditClamp/]: [DLB-LAGPROBE] periode de tick de 7009 ms pendant la phase « decorate TERMINE T180 (végétation + arbres restaurés) » -- c'est cette phase qui accapare le thread principal (zone 130,-4 -> 234,100 : 94 chunks epingles, 10931 en attente, 52 demandes de chargement ; 10 tick(s) > 1 s au total)
[09Oct2026 21:25:21.767] [Server thread/WARN] [deepluckyblock.procedures.Structures5Procedure/]: [STRUCT5-FLAT] secours ciblé non livré après 5 s; déplacement à 3816,1680
[09Oct2026 21:25:32.912] [Server thread/WARN] [deepluckyblock.util.TerrainEditClamp/]: [DLB-LAGPROBE] periode de tick de 10799 ms pendant la phase « decorate TERMINE T180 (végétation + arbres restaurés) » -- c'est cette phase qui accapare le thread principal (zone 130,-4 -> 234,100 : 108 chunks epingles, 10917 en attente, 65 demandes de chargement ; 11 tick(s) > 1 s au total)
[09Oct2026 21:25:32.933] [Server thread/WARN] [net.minecraft.server.MinecraftServer/]: Can't keep up! Is the server overloaded? Running 10784ms or 215 ticks behind
[09Oct2026 21:25:42.999] [Server thread/WARN] [deepluckyblock.util.TerrainEditClamp/]: [DLB-LAGPROBE] periode de tick de 10088 ms pendant la phase « decorate TERMINE T180 (végétation + arbres restaurés) » -- c'est cette phase qui accapare le thread principal (zone 130,-4 -> 234,100 : 108 chunks epingles, 10917 en attente, 65 demandes de chargement ; 12 tick(s) > 1 s au total)
[09Oct2026 21:25:43.103] [Server thread/WARN] [deepluckyblock.procedures.Structures5Procedure/]: [STRUCT5-FLAT] secours ciblé non livré après 5 s; déplacement à 3984,1848
[09Oct2026 21:25:43.394] [Server thread/WARN] [deepluckyblock.procedures.Structures5Procedure/]: [STRUCT5-FLAT] secours ciblé non livré après 5 s; déplacement à 4152,2016
[09Oct2026 21:25:47.530] [Server thread/WARN] [deepluckyblock.util.TerrainEditClamp/]: [DLB-LAGPROBE] periode de tick de 3875 ms pendant la phase « decorate TERMINE T180 (végétation + arbres restaurés) » -- c'est cette phase qui accapare le thread principal (zone 130,-4 -> 234,100 : 108 chunks epingles, 10917 en attente, 68 demandes de chargement ; 13 tick(s) > 1 s au total)
[09Oct2026 21:25:48.194] [Server thread/WARN] [deepluckyblock.procedures.Structures5Procedure/]: [STRUCT5-FLAT] secours ciblé non livré après 5 s; déplacement à 4320,2184
[09Oct2026 21:26:02.923] [Server thread/WARN] [deepluckyblock.util.TerrainEditClamp/]: [DLB-LAGPROBE] periode de tick de 14583 ms pendant la phase « decorate TERMINE T180 (végétation + arbres restaurés) » -- c'est cette phase qui accapare le thread principal (zone 130,-4 -> 234,100 : 117 chunks epingles, 10908 en attente, 80 demandes de chargement ; 14 tick(s) > 1 s au total)
[09Oct2026 21:26:09.932] [Server thread/WARN] [deepluckyblock.util.TerrainEditClamp/]: [DLB-LAGPROBE] periode de tick de 7009 ms pendant la phase « decorate TERMINE T180 (végétation + arbres restaurés) » -- c'est cette phase qui accapare le thread principal (zone 130,-4 -> 234,100 : 117 chunks epingles, 10908 en attente, 80 demandes de chargement ; 15 tick(s) > 1 s au total)
[09Oct2026 21:26:11.974] [Server thread/WARN] [deepluckyblock.util.TerrainEditClamp/]: [DLB-LAGPROBE] periode de tick de 2041 ms pendant la phase « decorate TERMINE T180 (végétation + arbres restaurés) » -- c'est cette phase qui accapare le thread principal (zone 130,-4 -> 234,100 : 117 chunks epingles, 10908 en attente, 80 demandes de chargement ; 16 tick(s) > 1 s au total)
[09Oct2026 21:26:12.051] [Server thread/WARN] [net.minecraft.server.MinecraftServer/]: Can't keep up! Is the server overloaded? Running 24151ms or 483 ticks behind
[09Oct2026 21:26:14.831] [Server thread/WARN] [deepluckyblock.util.TerrainEditClamp/]: [DLB-LAGPROBE] periode de tick de 2626 ms pendant la phase « decorate TERMINE T180 (végétation + arbres restaurés) » -- c'est cette phase qui accapare le thread principal (zone 130,-4 -> 234,100 : 117 chunks epingles, 10908 en attente, 80 demandes de chargement ; 17 tick(s) > 1 s au total)
[09Oct2026 21:26:14.852] [Server thread/INFO] [deepluckyblock.util.ChunkKeeper/]: [DLB-CHUNKS] zone etendue : 23753 chunks a maintenir
[09Oct2026 21:26:14.853] [Server thread/INFO] [deepluckyblock.procedures.Structures5Procedure/]: [STRUCT5-FLAT] secours ciblé précédent rejeté; une seule nouvelle emprise demandée à 4488,2352
[09Oct2026 21:26:24.135] [Server thread/WARN] [deepluckyblock.util.TerrainEditClamp/]: [DLB-LAGPROBE] periode de tick de 9035 ms pendant la phase « decorate TERMINE T180 (végétation + arbres restaurés) » -- c'est cette phase qui accapare le thread principal (zone 130,-4 -> 283,150 : 117 chunks epingles, 23753 en attente, 80 demandes de chargement ; 18 tick(s) > 1 s au total)
[09Oct2026 21:26:24.746] [Server thread/INFO] [deepluckyblock.util.ChunkKeeper/]: [DLB-CHUNKS] zone etendue : 27108 chunks a maintenir
[09Oct2026 21:26:24.747] [Server thread/INFO] [deepluckyblock.procedures.Structures5Procedure/]: [STRUCT5-FLAT] secours ciblé précédent rejeté; une seule nouvelle emprise demandée à 4656,2520
[09Oct2026 21:26:31.268] [Server thread/WARN] [deepluckyblock.util.TerrainEditClamp/]: [DLB-LAGPROBE] periode de tick de 6386 ms pendant la phase « decorate TERMINE T180 (végétation + arbres restaurés) » -- c'est cette phase qui accapare le thread principal (zone 130,-4 -> 294,160 : 245 chunks epingles, 26980 en attente, 92 demandes de chargement ; 19 tick(s) > 1 s au total)
[09Oct2026 21:26:31.545] [Server thread/WARN] [deepluckyblock.procedures.Structures5Procedure/]: [STRUCT5-FLAT] secours ciblé non livré après 5 s; déplacement à 4824,2688
[09Oct2026 21:26:32.408] [Server thread/WARN] [deepluckyblock.procedures.Structures5Procedure/]: [STRUCT5-FLAT] secours ciblé non livré après 5 s; déplacement à 4992,2856
[09Oct2026 21:26:41.194] [Server thread/WARN] [deepluckyblock.util.TerrainEditClamp/]: [DLB-LAGPROBE] periode de tick de 8668 ms pendant la phase « decorate TERMINE T180 (végétation + arbres restaurés) » -- c'est cette phase qui accapare le thread principal (zone 130,-4 -> 294,160 : 344 chunks epingles, 26881 en attente, 98 demandes de chargement ; 20 tick(s) > 1 s au total)
[09Oct2026 21:26:41.749] [Server thread/WARN] [net.minecraft.server.MinecraftServer/]: Can't keep up! Is the server overloaded? Running 14699ms or 293 ticks behind
[09Oct2026 21:26:48.776] [Server thread/WARN] [deepluckyblock.util.TerrainEditClamp/]: [DLB-LAGPROBE] periode de tick de 7017 ms pendant la phase « decorate TERMINE T180 (végétation + arbres restaurés) » -- c'est cette phase qui accapare le thread principal (zone 130,-4 -> 294,160 : 344 chunks epingles, 26881 en attente, 98 demandes de chargement ; 21 tick(s) > 1 s au total)
[09Oct2026 21:26:48.991] [Server thread/WARN] [deepluckyblock.procedures.Structures5Procedure/]: [STRUCT5-FLAT] secours ciblé non livré après 5 s; déplacement à 5160,3024
[09Oct2026 21:27:00.921] [Server thread/WARN] [deepluckyblock.util.TerrainEditClamp/]: [DLB-LAGPROBE] periode de tick de 11704 ms pendant la phase « decorate TERMINE T180 (végétation + arbres restaurés) » -- c'est cette phase qui accapare le thread principal (zone 130,-4 -> 294,160 : 354 chunks epingles, 26871 en attente, 108 demandes de chargement ; 22 tick(s) > 1 s au total)
[09Oct2026 21:27:01.482] [Server thread/INFO] [deepluckyblock.util.ChunkKeeper/]: [DLB-CHUNKS] zone etendue : 42495 chunks a maintenir
[09Oct2026 21:27:01.484] [Server thread/INFO] [deepluckyblock.procedures.Structures5Procedure/]: [STRUCT5-FLAT] secours ciblé précédent rejeté; une seule nouvelle emprise demandée à 5328,3192
[09Oct2026 21:27:04.937] [Server thread/WARN] [deepluckyblock.util.TerrainEditClamp/]: [DLB-LAGPROBE] periode de tick de 3091 ms pendant la phase « decorate TERMINE T180 (végétation + arbres restaurés) » -- c'est cette phase qui accapare le thread principal (zone 130,-4 -> 336,202 : 354 chunks epingles, 42495 en attente, 108 demandes de chargement ; 23 tick(s) > 1 s au total)
[09Oct2026 21:27:08.317] [Server thread/WARN] [deepluckyblock.util.TerrainEditClamp/]: [DLB-LAGPROBE] periode de tick de 3380 ms pendant la phase « decorate TERMINE T180 (végétation + arbres restaurés) » -- c'est cette phase qui accapare le thread principal (zone 130,-4 -> 336,202 : 354 chunks epingles, 42495 en attente, 108 demandes de chargement ; 24 tick(s) > 1 s au total)
[09Oct2026 21:27:09.844] [Server thread/INFO] [deepluckyblock.util.ChunkKeeper/]: [DLB-CHUNKS] zone etendue : 46824 chunks a maintenir
[09Oct2026 21:27:09.847] [Server thread/INFO] [deepluckyblock.procedures.Structures5Procedure/]: [STRUCT5-FLAT] secours ciblé précédent rejeté; une seule nouvelle emprise demandée à 5496,3360
[09Oct2026 21:27:16.247] [Server thread/WARN] [deepluckyblock.util.TerrainEditClamp/]: [DLB-LAGPROBE] periode de tick de 5891 ms pendant la phase « decorate TERMINE T180 (végétation + arbres restaurés) » -- c'est cette phase qui accapare le thread principal (zone 130,-4 -> 346,213 : 598 chunks epingles, 46708 en attente, 132 demandes de chargement ; 25 tick(s) > 1 s au total)
[09Oct2026 21:27:16.308] [Server thread/WARN] [deepluckyblock.procedures.Structures5Procedure/]: [STRUCT5-FLAT] secours ciblé non livré après 5 s; déplacement à 5664,3528
[09Oct2026 21:27:16.368] [Server thread/WARN] [net.minecraft.server.MinecraftServer/]: Can't keep up! Is the server overloaded? Running 19668ms or 393 ticks behind
[09Oct2026 21:27:19.119] [Server thread/WARN] [deepluckyblock.util.TerrainEditClamp/]: [DLB-LAGPROBE] periode de tick de 2277 ms pendant la phase « decorate TERMINE T180 (végétation + arbres restaurés) » -- c'est cette phase qui accapare le thread principal (zone 130,-4 -> 346,213 : 598 chunks epingles, 46708 en attente, 132 demandes de chargement ; 26 tick(s) > 1 s au total)
[09Oct2026 21:27:26.506] [Server thread/WARN] [deepluckyblock.util.TerrainEditClamp/]: [DLB-LAGPROBE] periode de tick de 7219 ms pendant la phase « decorate TERMINE T180 (végétation + arbres restaurés) » -- c'est cette phase qui accapare le thread principal (zone 130,-4 -> 346,213 : 598 chunks epingles, 46708 en attente, 132 demandes de chargement ; 27 tick(s) > 1 s au total)
[09Oct2026 21:27:26.913] [Server thread/INFO] [deepluckyblock.util.ChunkKeeper/]: [DLB-CHUNKS] zone etendue : 52763 chunks a maintenir
[09Oct2026 21:27:26.924] [Server thread/WARN] [deepluckyblock.procedures.Structures5Procedure/]: [STRUCT5-FLAT] plafond de sauts atteint sans terrain sec charge : rearmement T231 du secours cible a 5664,3528 (T229 annulait la structure) -- reste 47 s avant abandon
[09Oct2026 21:27:36.604] [Server thread/WARN] [deepluckyblock.util.TerrainEditClamp/]: [DLB-LAGPROBE] periode de tick de 9306 ms pendant la phase « decorate TERMINE T180 (végétation + arbres restaurés) » -- c'est cette phase qui accapare le thread principal (zone 130,-4 -> 360,226 : 598 chunks epingles, 52763 en attente, 136 demandes de chargement ; 28 tick(s) > 1 s au total)
[09Oct2026 21:27:37.202] [Server thread/WARN] [deepluckyblock.procedures.Structures5Procedure/]: [STRUCT5-FLAT] secours ciblé non livré après 5 s; déplacement à 5832,3696
[09Oct2026 21:27:43.444] [Server thread/WARN] [deepluckyblock.util.TerrainEditClamp/]: [DLB-LAGPROBE] periode de tick de 4882 ms pendant la phase « decorate TERMINE T180 (végétation + arbres restaurés) » -- c'est cette phase qui accapare le thread principal (zone 130,-4 -> 360,226 : 726 chunks epingles, 52635 en attente, 148 demandes de chargement ; 29 tick(s) > 1 s au total)
[09Oct2026 21:27:45.339] [Server thread/WARN] [deepluckyblock.util.TerrainEditClamp/]: [DLB-LAGPROBE] periode de tick de 1895 ms pendant la phase « decorate TERMINE T180 (végétation + arbres restaurés) » -- c'est cette phase qui accapare le thread principal (zone 130,-4 -> 360,226 : 726 chunks epingles, 52635 en attente, 148 demandes de chargement ; 30 tick(s) > 1 s au total)
[09Oct2026 21:27:45.418] [Server thread/WARN] [deepluckyblock.procedures.Structures5Procedure/]: [STRUCT5-FLAT] secours ciblé non livré après 5 s; déplacement à 6000,3864
[09Oct2026 21:27:45.480] [Server thread/WARN] [net.minecraft.server.MinecraftServer/]: Can't keep up! Is the server overloaded? Running 14130ms or 282 ticks behind
[09Oct2026 21:27:51.311] [Server thread/WARN] [deepluckyblock.util.TerrainEditClamp/]: [DLB-LAGPROBE] periode de tick de 5440 ms pendant la phase « decorate TERMINE T180 (végétation + arbres restaurés) » -- c'est cette phase qui accapare le thread principal (zone 130,-4 -> 360,226 : 726 chunks epingles, 52635 en attente, 148 demandes de chargement ; 31 tick(s) > 1 s au total)
[09Oct2026 21:27:51.458] [Server thread/INFO] [deepluckyblock.util.ChunkKeeper/]: [DLB-CHUNKS] zone etendue : 66614 chunks a maintenir
[09Oct2026 21:27:51.460] [Server thread/INFO] [deepluckyblock.procedures.Structures5Procedure/]: [STRUCT5-FLAT] secours ciblé précédent rejeté; une seule nouvelle emprise demandée à 6168,4032
[09Oct2026 21:27:57.852] [Server thread/WARN] [deepluckyblock.util.TerrainEditClamp/]: [DLB-LAGPROBE] periode de tick de 6048 ms pendant la phase « decorate TERMINE T180 (végétation + arbres restaurés) » -- c'est cette phase qui accapare le thread principal (zone 130,-4 -> 388,255 : 854 chunks epingles, 66486 en attente, 160 demandes de chargement ; 32 tick(s) > 1 s au total)
[09Oct2026 21:28:00.050] [Server thread/WARN] [deepluckyblock.util.TerrainEditClamp/]: [DLB-LAGPROBE] periode de tick de 2198 ms pendant la phase « decorate TERMINE T180 (végétation + arbres restaurés) » -- c'est cette phase qui accapare le thread principal (zone 130,-4 -> 388,255 : 854 chunks epingles, 66486 en attente, 160 demandes de chargement ; 33 tick(s) > 1 s au total)
[09Oct2026 21:28:00.520] [Server thread/WARN] [deepluckyblock.procedures.Structures5Procedure/]: [STRUCT5-FLAT] secours cible a 6168,4032 : emprise incomplete (1 ticks), re-demande en cours (T229)
[09Oct2026 21:28:00.544] [Server thread/INFO] [deepluckyblock.util.ChunkKeeper/]: [DLB-CHUNKS] zone etendue : 72046 chunks a maintenir
[09Oct2026 21:28:00.545] [Server thread/INFO] [deepluckyblock.procedures.Structures5Procedure/]: [STRUCT5-FLAT] secours ciblé précédent rejeté; une seule nouvelle emprise demandée à 6336,4200
[09Oct2026 21:28:08.030] [Server thread/WARN] [deepluckyblock.util.TerrainEditClamp/]: [DLB-LAGPROBE] periode de tick de 7129 ms pendant la phase « decorate TERMINE T180 (végétation + arbres restaurés) » -- c'est cette phase qui accapare le thread principal (zone 130,-4 -> 399,265 : 982 chunks epingles, 71918 en attente, 172 demandes de chargement ; 34 tick(s) > 1 s au total)
[09Oct2026 21:28:10.488] [Server thread/WARN] [deepluckyblock.util.TerrainEditClamp/]: [DLB-LAGPROBE] periode de tick de 2458 ms pendant la phase « decorate TERMINE T180 (végétation + arbres restaurés) » -- c'est cette phase qui accapare le thread principal (zone 130,-4 -> 399,265 : 982 chunks epingles, 71918 en attente, 172 demandes de chargement ; 35 tick(s) > 1 s au total)
[09Oct2026 21:28:10.654] [Server thread/WARN] [deepluckyblock.procedures.Structures5Procedure/]: [STRUCT5-FLAT] secours ciblé non livré après 5 s; déplacement à 6504,4368
[09Oct2026 21:28:17.841] [Server thread/WARN] [deepluckyblock.util.TerrainEditClamp/]: [DLB-LAGPROBE] periode de tick de 6955 ms pendant la phase « decorate TERMINE T180 (végétation + arbres restaurés) » -- c'est cette phase qui accapare le thread principal (zone 130,-4 -> 399,265 : 1009 chunks epingles, 71891 en attente, 180 demandes de chargement ; 36 tick(s) > 1 s au total)
[09Oct2026 21:28:22.233] [Server thread/WARN] [deepluckyblock.util.TerrainEditClamp/]: [DLB-LAGPROBE] periode de tick de 4393 ms pendant la phase « decorate TERMINE T180 (végétation + arbres restaurés) » -- c'est cette phase qui accapare le thread principal (zone 130,-4 -> 399,265 : 1009 chunks epingles, 71891 en attente, 180 demandes de chargement ; 37 tick(s) > 1 s au total)
[09Oct2026 21:28:22.451] [Server thread/WARN] [deepluckyblock.procedures.Structures5Procedure/]: [STRUCT5-FLAT] secours ciblé non livré après 5 s; déplacement à 6672,4536
[09Oct2026 21:28:22.514] [Server thread/WARN] [net.minecraft.server.MinecraftServer/]: Can't keep up! Is the server overloaded? Running 22065ms or 441 ticks behind
[09Oct2026 21:28:30.377] [Server thread/WARN] [deepluckyblock.util.TerrainEditClamp/]: [DLB-LAGPROBE] periode de tick de 7663 ms pendant la phase « decorate TERMINE T180 (végétation + arbres restaurés) » -- c'est cette phase qui accapare le thread principal (zone 130,-4 -> 399,265 : 1009 chunks epingles, 71891 en attente, 180 demandes de chargement ; 38 tick(s) > 1 s au total)
[09Oct2026 21:28:32.838] [Server thread/WARN] [deepluckyblock.util.TerrainEditClamp/]: [DLB-LAGPROBE] periode de tick de 1743 ms pendant la phase « decorate TERMINE T180 (végétation + arbres restaurés) » -- c'est cette phase qui accapare le thread principal (zone 130,-4 -> 399,265 : 1076 chunks epingles, 71824 en attente, 192 demandes de chargement ; 39 tick(s) > 1 s au total)
[09Oct2026 21:28:34.193] [Server thread/WARN] [deepluckyblock.procedures.Structures5Procedure/]: [STRUCT5-FLAT] secours ciblé non livré après 5 s; déplacement à 6840,4704
[09Oct2026 21:28:41.478] [Server thread/WARN] [deepluckyblock.util.TerrainEditClamp/]: [DLB-LAGPROBE] periode de tick de 6981 ms pendant la phase « decorate TERMINE T180 (végétation + arbres restaurés) » -- c'est cette phase qui accapare le thread principal (zone 130,-4 -> 399,265 : 1079 chunks epingles, 71821 en attente, 196 demandes de chargement ; 41 tick(s) > 1 s au total)
[09Oct2026 21:28:42.923] [Server thread/WARN] [deepluckyblock.procedures.Structures5Procedure/]: [STRUCT5-FLAT] secours ciblé non livré après 5 s; déplacement à 7008,4872
[09Oct2026 21:28:49.473] [Server thread/WARN] [deepluckyblock.util.TerrainEditClamp/]: [DLB-LAGPROBE] periode de tick de 6317 ms pendant la phase « decorate TERMINE T180 (végétation + arbres restaurés) » -- c'est cette phase qui accapare le thread principal (zone 130,-4 -> 399,265 : 1081 chunks epingles, 71819 en attente, 198 demandes de chargement ; 43 tick(s) > 1 s au total)
[09Oct2026 21:28:52.113] [worldgen/ERROR] [net.minecraft.Util/]: Detected setBlock in a far chunk [173, 56], pos: BlockPos{x=2782, y=6, z=906}, status: minecraft:features, currently generating: ResourceKey[minecraft:worldgen/placed_feature / minecraft:large_dripstone]
[09Oct2026 21:28:52.115] [worldgen/ERROR] [net.minecraft.Util/]: Detected setBlock in a far chunk [173, 56], pos: BlockPos{x=2782, y=6, z=907}, status: minecraft:features, currently generating: ResourceKey[minecraft:worldgen/placed_feature / minecraft:large_dripstone]
[09Oct2026 21:28:52.116] [worldgen/ERROR] [net.minecraft.Util/]: Detected setBlock in a far chunk [173, 56], pos: BlockPos{x=2783, y=6, z=905}, status: minecraft:features, currently generating: ResourceKey[minecraft:worldgen/placed_feature / minecraft:large_dripstone]
[09Oct2026 21:28:52.116] [worldgen/ERROR] [net.minecraft.Util/]: Detected setBlock in a far chunk [173, 56], pos: BlockPos{x=2783, y=6, z=906}, status: minecraft:features, currently generating: ResourceKey[minecraft:worldgen/placed_feature / minecraft:large_dripstone]
[09Oct2026 21:28:52.116] [worldgen/ERROR] [net.minecraft.Util/]: Detected setBlock in a far chunk [173, 56], pos: BlockPos{x=2783, y=6, z=907}, status: minecraft:features, currently generating: ResourceKey[minecraft:worldgen/placed_feature / minecraft:large_dripstone]
[09Oct2026 21:28:52.116] [worldgen/ERROR] [net.minecraft.Util/]: Detected setBlock in a far chunk [173, 56], pos: BlockPos{x=2783, y=5, z=907}, status: minecraft:features, currently generating: ResourceKey[minecraft:worldgen/placed_feature / minecraft:large_dripstone]
[09Oct2026 21:28:52.116] [worldgen/ERROR] [net.minecraft.Util/]: Detected setBlock in a far chunk [173, 56], pos: BlockPos{x=2783, y=6, z=908}, status: minecraft:features, currently generating: ResourceKey[minecraft:worldgen/placed_feature / minecraft:large_dripstone]
[09Oct2026 21:28:52.116] [worldgen/ERROR] [net.minecraft.Util/]: Detected setBlock in a far chunk [173, 56], pos: BlockPos{x=2783, y=5, z=908}, status: minecraft:features, currently generating: ResourceKey[minecraft:worldgen/placed_feature / minecraft:large_dripstone]
[09Oct2026 21:28:52.116] [worldgen/ERROR] [net.minecraft.Util/]: Detected setBlock in a far chunk [173, 56], pos: BlockPos{x=2783, y=6, z=909}, status: minecraft:features, currently generating: ResourceKey[minecraft:worldgen/placed_feature / minecraft:large_dripstone]
[09Oct2026 21:28:52.116] [worldgen/ERROR] [net.minecraft.Util/]: Detected setBlock in a far chunk [173, 56], pos: BlockPos{x=2783, y=5, z=909}, status: minecraft:features, currently generating: ResourceKey[minecraft:worldgen/placed_feature / minecraft:large_dripstone]
[09Oct2026 21:28:52.116] [worldgen/ERROR] [net.minecraft.Util/]: Detected setBlock in a far chunk [173, 56], pos: BlockPos{x=2783, y=5, z=910}, status: minecraft:features, currently generating: ResourceKey[minecraft:worldgen/placed_feature / minecraft:large_dripstone]
[09Oct2026 21:28:52.649] [Server thread/WARN] [deepluckyblock.util.TerrainEditClamp/]: [DLB-LAGPROBE] periode de tick de 2579 ms pendant la phase « decorate TERMINE T180 (végétation + arbres restaurés) » -- c'est cette phase qui accapare le thread principal (zone 130,-4 -> 399,265 : 1081 chunks epingles, 71819 en attente, 198 demandes de chargement ; 44 tick(s) > 1 s au total)
[09Oct2026 21:28:52.806] [Server thread/WARN] [deepluckyblock.procedures.Structures5Procedure/]: [STRUCT5-FLAT] secours ciblé non livré après 5 s; déplacement à 7176,5040
[09Oct2026 21:28:59.691] [Server thread/WARN] [deepluckyblock.util.TerrainEditClamp/]: [DLB-LAGPROBE] periode de tick de 6886 ms pendant la phase « decorate TERMINE T180 (végétation + arbres restaurés) » -- c'est cette phase qui accapare le thread principal (zone 130,-4 -> 399,265 : 1081 chunks epingles, 71819 en attente, 198 demandes de chargement ; 45 tick(s) > 1 s au total)
[09Oct2026 21:29:00.289] [Server thread/INFO] [deepluckyblock.util.ChunkKeeper/]: [DLB-CHUNKS] zone etendue : 109808 chunks a maintenir
[09Oct2026 21:29:00.290] [Server thread/INFO] [deepluckyblock.procedures.Structures5Procedure/]: [STRUCT5-FLAT] secours ciblé précédent rejeté; une seule nouvelle emprise demandée à 7344,5208
[09Oct2026 21:29:07.540] [Server thread/WARN] [deepluckyblock.util.TerrainEditClamp/]: [DLB-LAGPROBE] periode de tick de 6898 ms pendant la phase « decorate TERMINE T180 (végétation + arbres restaurés) » -- c'est cette phase qui accapare le thread principal (zone 130,-4 -> 462,328 : 1081 chunks epingles, 109808 en attente, 198 demandes de chargement ; 46 tick(s) > 1 s au total)
[09Oct2026 21:29:07.568] [Server thread/WARN] [net.minecraft.server.MinecraftServer/]: Can't keep up! Is the server overloaded? Running 30068ms or 601 ticks behind
[09Oct2026 21:29:08.380] [Server thread/INFO] [deepluckyblock.util.ChunkKeeper/]: [DLB-CHUNKS] zone etendue : 116911 chunks a maintenir
[09Oct2026 21:29:08.381] [Server thread/INFO] [deepluckyblock.procedures.Structures5Procedure/]: [STRUCT5-FLAT] secours ciblé précédent rejeté; une seule nouvelle emprise demandée à 7512,5376
[09Oct2026 21:29:14.872] [Server thread/WARN] [deepluckyblock.util.TerrainEditClamp/]: [DLB-LAGPROBE] periode de tick de 5885 ms pendant la phase « decorate TERMINE T180 (végétation + arbres restaurés) » -- c'est cette phase qui accapare le thread principal (zone 130,-4 -> 472,339 : 1081 chunks epingles, 116911 en attente, 198 demandes de chargement ; 47 tick(s) > 1 s au total)
[09Oct2026 21:29:18.884] [Server thread/INFO] [deepluckyblock.util.ChunkKeeper/]: [DLB-CHUNKS] zone etendue : 124107 chunks a maintenir
[09Oct2026 21:29:18.888] [Server thread/INFO] [deepluckyblock.procedures.Structures5Procedure/]: [STRUCT5-FLAT] secours ciblé précédent rejeté; une seule nouvelle emprise demandée à 7680,5544
[09Oct2026 21:29:25.623] [Server thread/WARN] [deepluckyblock.util.TerrainEditClamp/]: [DLB-LAGPROBE] periode de tick de 6403 ms pendant la phase « decorate TERMINE T180 (végétation + arbres restaurés) » -- c'est cette phase qui accapare le thread principal (zone 130,-4 -> 483,349 : 1337 chunks epingles, 123979 en attente, 222 demandes de chargement ; 50 tick(s) > 1 s au total)
[09Oct2026 21:29:26.686] [Server thread/WARN] [deepluckyblock.procedures.Structures5Procedure/]: [STRUCT5-FLAT] secours ciblé non livré après 5 s; déplacement à 7848,5712
[09Oct2026 21:29:27.391] [Server thread/INFO] [deepluckyblock.util.ChunkKeeper/]: [DLB-CHUNKS] 1392/125316 chunks epingles (maintien en memoire)
[09Oct2026 21:29:39.913] [Server thread/WARN] [deepluckyblock.util.TerrainEditClamp/]: [DLB-LAGPROBE] periode de tick de 12518 ms pendant la phase « decorate TERMINE T180 (végétation + arbres restaurés) » -- c'est cette phase qui accapare le thread principal (zone 130,-4 -> 483,349 : 1392 chunks epingles, 123924 en attente, 227 demandes de chargement ; 51 tick(s) > 1 s au total)
[09Oct2026 21:29:40.788] [Server thread/WARN] [deepluckyblock.procedures.Structures5Procedure/]: [STRUCT5-FLAT] ABANDON de secours : aucune emprise livrable apres 180 s de rearmements (borne dlb.search.stallTimeoutMs). Pose interrompue proprement.
[09Oct2026 21:29:40.788] [Server thread/INFO] [deepluckyblock.procedures.Structures5Procedure/]: [STRUCT5] File d'attente : demarrage de la structure ID=1 (2 encore en attente)
[09Oct2026 21:29:40.789] [Server thread/INFO] [deepluckyblock.procedures.Structures5Procedure/]: [STRUCT5] === PASTE observatory === off=[0,-5,0] dist=0 facing=north
[09Oct2026 21:29:40.791] [Server thread/INFO] [deepluckyblock.procedures.Structures5Procedure/]: [STRUCT5-FLAT] grille de scoring : 41x41 cellules (1681 connues) en 2 ms -- T59/T62 (2730673 recherche(s) de chunk, dont 11 ayant attendu >2 ms, 602 ms au total)
[09Oct2026 21:29:40.792] [Server thread/INFO] [deepluckyblock.procedures.Structures5Procedure/]: [STRUCT5-FLAT] scoring termine : 19 candidat(s) en 0 ms (joueur 0 ms, emprises 0 ms, mesures terrain 0 ms) -- T57
[09Oct2026 21:29:40.792] [Server thread/INFO] [deepluckyblock.procedures.Structures5Procedure/]: [STRUCT5-FLAT] 1548 candidat(s) ecarte(s) : surface en EAU (un lac est plat mais inconstructible) -- T75
[09Oct2026 21:29:40.896] [Server thread/INFO] [deepluckyblock.procedures.Structures5Procedure/]: [STRUCT5-FLAT] tranche 100ms terminée après 17 candidat(s); 2 restent dans CE MÊME cercle
[09Oct2026 21:29:40.901] [Server thread/INFO] [deepluckyblock.procedures.Structures5Procedure/]: [STRUCT5] === PASTE observatory === off=[0,-5,0] dist=0 facing=north
[09Oct2026 21:29:40.909] [Server thread/INFO] [deepluckyblock.procedures.Structures5Procedure/]: [STRUCT5-FLAT] grille de scoring : 41x41 cellules (1681 connues) en 1 ms -- T59/T62 (2736800 recherche(s) de chunk, dont 11 ayant attendu >2 ms, 603 ms au total)
[09Oct2026 21:29:40.910] [Server thread/INFO] [deepluckyblock.procedures.Structures5Procedure/]: [STRUCT5-FLAT] scoring termine : 2 candidat(s) en 1 ms (joueur 0 ms, emprises 0 ms, mesures terrain 1 ms) -- T57
[09Oct2026 21:29:40.910] [Server thread/INFO] [deepluckyblock.procedures.Structures5Procedure/]: [STRUCT5-FLAT] 1548 candidat(s) ecarte(s) : surface en EAU (un lac est plat mais inconstructible) -- T75
[09Oct2026 21:29:40.916] [Server thread/INFO] [deepluckyblock.procedures.Structures5Procedure/]: [STRUCT5-FLAT] aucun centre x0,6 conforme (relief <= 10, eau=0) -- nouvelle couronne jusqu'a 64 blocs; reprise asynchrone
[09Oct2026 21:29:40.928] [Server thread/INFO] [deepluckyblock.procedures.Structures5Procedure/]: [STRUCT5] === PASTE observatory === off=[0,-5,0] dist=0 facing=north
[09Oct2026 21:29:40.933] [Server thread/INFO] [deepluckyblock.procedures.Structures5Procedure/]: [STRUCT5-FLAT] grille de scoring : 67x67 cellules (4489 connues) en 5 ms -- T59/T62 (2739035 recherche(s) de chunk, dont 11 ayant attendu >2 ms, 603 ms au total)
[09Oct2026 21:29:40.935] [Server thread/INFO] [deepluckyblock.procedures.Structures5Procedure/]: [STRUCT5-FLAT] scoring termine : 356 candidat(s) en 1 ms (joueur 0 ms, emprises 0 ms, mesures terrain 1 ms) -- T57
[09Oct2026 21:29:40.935] [Server thread/INFO] [deepluckyblock.procedures.Structures5Procedure/]: [STRUCT5-FLAT] 1997 candidat(s) ecarte(s) : surface en EAU (un lac est plat mais inconstructible) -- T75
[09Oct2026 21:29:41.038] [Server thread/INFO] [deepluckyblock.procedures.Structures5Procedure/]: [STRUCT5-FLAT] tranche 100ms terminée après 38 candidat(s); 318 restent dans CE MÊME cercle
[09Oct2026 21:29:41.044] [Server thread/INFO] [deepluckyblock.procedures.Structures5Procedure/]: [STRUCT5] === PASTE observatory === off=[0,-5,0] dist=0 facing=north
[09Oct2026 21:29:41.048] [Server thread/INFO] [deepluckyblock.procedures.Structures5Procedure/]: [STRUCT5-FLAT] grille de scoring : 67x67 cellules (4489 connues) en 4 ms -- T59/T62 (2752187 recherche(s) de chunk, dont 11 ayant attendu >2 ms, 605 ms au total)
[09Oct2026 21:29:41.055] [Server thread/INFO] [deepluckyblock.procedures.Structures5Procedure/]: [STRUCT5-FLAT] scoring termine : 318 candidat(s) en 1 ms (joueur 1 ms, emprises 0 ms, mesures terrain 0 ms) -- T57
[09Oct2026 21:29:41.055] [Server thread/INFO] [deepluckyblock.procedures.Structures5Procedure/]: [STRUCT5-FLAT] 1997 candidat(s) ecarte(s) : surface en EAU (un lac est plat mais inconstructible) -- T75
[09Oct2026 21:29:41.157] [Server thread/INFO] [deepluckyblock.procedures.Structures5Procedure/]: [STRUCT5-FLAT] tranche 100ms terminée après 23 candidat(s); 295 restent dans CE MÊME cercle
[09Oct2026 21:29:41.161] [Server thread/INFO] [deepluckyblock.procedures.Structures5Procedure/]: [STRUCT5] === PASTE observatory === off=[0,-5,0] dist=0 facing=north
[09Oct2026 21:29:41.166] [Server thread/INFO] [deepluckyblock.procedures.Structures5Procedure/]: [STRUCT5-FLAT] grille de scoring : 67x67 cellules (4489 connues) en 4 ms -- T59/T62 (2764031 recherche(s) de chunk, dont 11 ayant attendu >2 ms, 607 ms au total)
[09Oct2026 21:29:41.168] [Server thread/INFO] [deepluckyblock.procedures.Structures5Procedure/]: [STRUCT5-FLAT] scoring termine : 295 candidat(s) en 2 ms (joueur 1 ms, emprises 0 ms, mesures terrain 1 ms) -- T57
[09Oct2026 21:29:41.168] [Server thread/INFO] [deepluckyblock.procedures.Structures5Procedure/]: [STRUCT5-FLAT] 1997 candidat(s) ecarte(s) : surface en EAU (un lac est plat mais inconstructible) -- T75
[09Oct2026 21:29:41.269] [Server thread/INFO] [deepluckyblock.procedures.Structures5Procedure/]: [STRUCT5-FLAT] tranche 100ms terminée après 28 candidat(s); 267 restent dans CE MÊME cercle
[09Oct2026 21:29:41.274] [Server thread/INFO] [deepluckyblock.procedures.Structures5Procedure/]: [STRUCT5] === PASTE observatory === off=[0,-5,0] dist=0 facing=north
[09Oct2026 21:29:41.288] [Server thread/INFO] [deepluckyblock.procedures.Structures5Procedure/]: [STRUCT5-FLAT] grille de scoring : 67x67 cellules (4489 connues) en 4 ms -- T59/T62 (2775586 recherche(s) de chunk, dont 11 ayant attendu >2 ms, 609 ms au total)
[09Oct2026 21:29:41.290] [Server thread/INFO] [deepluckyblock.procedures.Structures5Procedure/]: [STRUCT5-FLAT] scoring termine : 267 candidat(s) en 2 ms (joueur 0 ms, emprises 1 ms, mesures terrain 1 ms) -- T57
[09Oct2026 21:29:41.290] [Server thread/INFO] [deepluckyblock.procedures.Structures5Procedure/]: [STRUCT5-FLAT] 1997 candidat(s) ecarte(s) : surface en EAU (un lac est plat mais inconstructible) -- T75
[09Oct2026 21:29:41.392] [Server thread/INFO] [deepluckyblock.procedures.Structures5Procedure/]: [STRUCT5-FLAT] tranche 100ms terminée après 25 candidat(s); 242 restent dans CE MÊME cercle
[09Oct2026 21:29:41.407] [Server thread/INFO] [deepluckyblock.procedures.Structures5Procedure/]: [STRUCT5] === PASTE observatory === off=[0,-5,0] dist=0 facing=north
[09Oct2026 21:29:41.411] [Server thread/INFO] [deepluckyblock.procedures.Structures5Procedure/]: [STRUCT5-FLAT] grille de scoring : 67x67 cellules (4489 connues) en 4 ms -- T59/T62 (2783862 recherche(s) de chunk, dont 11 ayant attendu >2 ms, 611 ms au total)
[09Oct2026 21:29:41.413] [Server thread/INFO] [deepluckyblock.procedures.Structures5Procedure/]: [STRUCT5-FLAT] scoring termine : 242 candidat(s) en 0 ms (joueur 0 ms, emprises 0 ms, mesures terrain 0 ms) -- T57
[09Oct2026 21:29:41.413] [Server thread/INFO] [deepluckyblock.procedures.Structures5Procedure/]: [STRUCT5-FLAT] 1997 candidat(s) ecarte(s) : surface en EAU (un lac est plat mais inconstructible) -- T75
[09Oct2026 21:29:41.514] [Server thread/INFO] [deepluckyblock.procedures.Structures5Procedure/]: [STRUCT5-FLAT] tranche 100ms terminée après 45 candidat(s); 197 restent dans CE MÊME cercle
[09Oct2026 21:29:41.519] [Server thread/INFO] [deepluckyblock.procedures.Structures5Procedure/]: [STRUCT5] === PASTE observatory === off=[0,-5,0] dist=0 facing=north
[09Oct2026 21:29:41.523] [Server thread/INFO] [deepluckyblock.procedures.Structures5Procedure/]: [STRUCT5-FLAT] grille de scoring : 67x67 cellules (4489 connues) en 4 ms -- T59/T62 (2798658 recherche(s) de chunk, dont 11 ayant attendu >2 ms, 613 ms au total)
[09Oct2026 21:29:41.525] [Server thread/INFO] [deepluckyblock.procedures.Structures5Procedure/]: [STRUCT5-FLAT] scoring termine : 197 candidat(s) en 2 ms (joueur 0 ms, emprises 0 ms, mesures terrain 2 ms) -- T57
[09Oct2026 21:29:41.525] [Server thread/INFO] [deepluckyblock.procedures.Structures5Procedure/]: [STRUCT5-FLAT] 1997 candidat(s) ecarte(s) : surface en EAU (un lac est plat mais inconstructible) -- T75
[09Oct2026 21:29:41.630] [Server thread/INFO] [deepluckyblock.procedures.Structures5Procedure/]: [STRUCT5-FLAT] tranche 100ms terminée après 31 candidat(s); 166 restent dans CE MÊME cercle
[09Oct2026 21:29:41.639] [Server thread/INFO] [deepluckyblock.procedures.Structures5Procedure/]: [STRUCT5] === PASTE observatory === off=[0,-5,0] dist=0 facing=north
[09Oct2026 21:29:41.644] [Server thread/INFO] [deepluckyblock.procedures.Structures5Procedure/]: [STRUCT5-FLAT] grille de scoring : 67x67 cellules (4489 connues) en 5 ms -- T59/T62 (2809448 recherche(s) de chunk, dont 11 ayant attendu >2 ms, 614 ms au total)
[09Oct2026 21:29:41.645] [Server thread/INFO] [deepluckyblock.procedures.Structures5Procedure/]: [STRUCT5-FLAT] scoring termine : 166 candidat(s) en 0 ms (joueur 0 ms, emprises 0 ms, mesures terrain 0 ms) -- T57
[09Oct2026 21:29:41.645] [Server thread/INFO] [deepluckyblock.procedures.Structures5Procedure/]: [STRUCT5-FLAT] 1997 candidat(s) ecarte(s) : surface en EAU (un lac est plat mais inconstructible) -- T75
[09Oct2026 21:29:41.757] [Server thread/INFO] [deepluckyblock.procedures.Structures5Procedure/]: [STRUCT5-FLAT] tranche 100ms terminée après 24 candidat(s); 142 restent dans CE MÊME cercle
[09Oct2026 21:29:41.762] [Server thread/INFO] [deepluckyblock.procedures.Structures5Procedure/]: [STRUCT5] === PASTE observatory === off=[0,-5,0] dist=0 facing=north
[09Oct2026 21:29:41.766] [Server thread/INFO] [deepluckyblock.procedures.Structures5Procedure/]: [STRUCT5-FLAT] grille de scoring : 67x67 cellules (4489 connues) en 4 ms -- T59/T62 (2820914 recherche(s) de chunk, dont 11 ayant attendu >2 ms, 616 ms au total)
[09Oct2026 21:29:41.768] [Server thread/INFO] [deepluckyblock.procedures.Structures5Procedure/]: [STRUCT5-FLAT] scoring termine : 142 candidat(s) en 1 ms (joueur 0 ms, emprises 0 ms, mesures terrain 1 ms) -- T57
[09Oct2026 21:29:41.768] [Server thread/INFO] [deepluckyblock.procedures.Structures5Procedure/]: [STRUCT5-FLAT] 1997 candidat(s) ecarte(s) : surface en EAU (un lac est plat mais inconstructible) -- T75
[09Oct2026 21:29:41.875] [Server thread/INFO] [deepluckyblock.procedures.Structures5Procedure/]: [STRUCT5-FLAT] tranche 100ms terminée après 20 candidat(s); 122 restent dans CE MÊME cercle
[09Oct2026 21:29:41.883] [Server thread/INFO] [deepluckyblock.procedures.Structures5Procedure/]: [STRUCT5] === PASTE observatory === off=[0,-5,0] dist=0 facing=north
[09Oct2026 21:29:41.896] [Server thread/INFO] [deepluckyblock.procedures.Structures5Procedure/]: [STRUCT5-FLAT] grille de scoring : 67x67 cellules (4489 connues) en 4 ms -- T59/T62 (2831022 recherche(s) de chunk, dont 11 ayant attendu >2 ms, 617 ms au total)
[09Oct2026 21:29:41.897] [Server thread/INFO] [deepluckyblock.procedures.Structures5Procedure/]: [STRUCT5-FLAT] scoring termine : 122 candidat(s) en 1 ms (joueur 0 ms, emprises 0 ms, mesures terrain 1 ms) -- T57
[09Oct2026 21:29:41.897] [Server thread/INFO] [deepluckyblock.procedures.Structures5Procedure/]: [STRUCT5-FLAT] 1997 candidat(s) ecarte(s) : surface en EAU (un lac est plat mais inconstructible) -- T75
[09Oct2026 21:29:41.999] [Server thread/INFO] [deepluckyblock.procedures.Structures5Procedure/]: [STRUCT5-FLAT] tranche 100ms terminée après 13 candidat(s); 109 restent dans CE MÊME cercle
[09Oct2026 21:29:42.012] [Server thread/INFO] [deepluckyblock.procedures.Structures5Procedure/]: [STRUCT5] === PASTE observatory === off=[0,-5,0] dist=0 facing=north
[09Oct2026 21:29:42.017] [Server thread/INFO] [deepluckyblock.procedures.Structures5Procedure/]: [STRUCT5-FLAT] grille de scoring : 67x67 cellules (4489 connues) en 5 ms -- T59/T62 (2838035 recherche(s) de chunk, dont 11 ayant attendu >2 ms, 618 ms au total)
[09Oct2026 21:29:42.025] [Server thread/INFO] [deepluckyblock.procedures.Structures5Procedure/]: [STRUCT5-FLAT] scoring termine : 109 candidat(s) en 1 ms (joueur 1 ms, emprises 0 ms, mesures terrain 0 ms) -- T57
[09Oct2026 21:29:42.025] [Server thread/INFO] [deepluckyblock.procedures.Structures5Procedure/]: [STRUCT5-FLAT] 1997 candidat(s) ecarte(s) : surface en EAU (un lac est plat mais inconstructible) -- T75
[09Oct2026 21:29:42.129] [Server thread/INFO] [deepluckyblock.procedures.Structures5Procedure/]: [STRUCT5-FLAT] tranche 100ms terminée après 12 candidat(s); 97 restent dans CE MÊME cercle
[09Oct2026 21:29:42.134] [Server thread/INFO] [deepluckyblock.procedures.Structures5Procedure/]: [STRUCT5] === PASTE observatory === off=[0,-5,0] dist=0 facing=north
[09Oct2026 21:29:42.138] [Server thread/INFO] [deepluckyblock.procedures.Structures5Procedure/]: [STRUCT5-FLAT] grille de scoring : 67x67 cellules (4489 connues) en 4 ms -- T59/T62 (2846040 recherche(s) de chunk, dont 11 ayant attendu >2 ms, 620 ms au total)
[09Oct2026 21:29:42.140] [Server thread/INFO] [deepluckyblock.procedures.Structures5Procedure/]: [STRUCT5-FLAT] scoring termine : 97 candidat(s) en 2 ms (joueur 1 ms, emprises 1 ms, mesures terrain 0 ms) -- T57
[09Oct2026 21:29:42.140] [Server thread/INFO] [deepluckyblock.procedures.Structures5Procedure/]: [STRUCT5-FLAT] 1997 candidat(s) ecarte(s) : surface en EAU (un lac est plat mais inconstructible) -- T75
[09Oct2026 21:29:42.244] [Server thread/INFO] [deepluckyblock.procedures.Structures5Procedure/]: [STRUCT5-FLAT] tranche 100ms terminée après 22 candidat(s); 75 restent dans CE MÊME cercle
[09Oct2026 21:29:42.249] [Server thread/INFO] [deepluckyblock.procedures.Structures5Procedure/]: [STRUCT5] === PASTE observatory === off=[0,-5,0] dist=0 facing=north
[09Oct2026 21:29:42.253] [Server thread/INFO] [deepluckyblock.procedures.Structures5Procedure/]: [STRUCT5-FLAT] grille de scoring : 67x67 cellules (4489 connues) en 4 ms -- T59/T62 (2859454 recherche(s) de chunk, dont 11 ayant attendu >2 ms, 622 ms au total)
[09Oct2026 21:29:42.255] [Server thread/INFO] [deepluckyblock.procedures.Structures5Procedure/]: [STRUCT5-FLAT] scoring termine : 75 candidat(s) en 2 ms (joueur 0 ms, emprises 1 ms, mesures terrain 1 ms) -- T57
[09Oct2026 21:29:42.255] [Server thread/INFO] [deepluckyblock.procedures.Structures5Procedure/]: [STRUCT5-FLAT] 1997 candidat(s) ecarte(s) : surface en EAU (un lac est plat mais inconstructible) -- T75
[09Oct2026 21:29:42.358] [Server thread/INFO] [deepluckyblock.procedures.Structures5Procedure/]: [STRUCT5-FLAT] tranche 100ms terminée après 23 candidat(s); 52 restent dans CE MÊME cercle
[09Oct2026 21:29:42.368] [Server thread/INFO] [deepluckyblock.procedures.Structures5Procedure/]: [STRUCT5] === PASTE observatory === off=[0,-5,0] dist=0 facing=north
[09Oct2026 21:29:42.373] [Server thread/INFO] [deepluckyblock.procedures.Structures5Procedure/]: [STRUCT5-FLAT] grille de scoring : 67x67 cellules (4489 connues) en 4 ms -- T59/T62 (2871997 recherche(s) de chunk, dont 11 ayant attendu >2 ms, 624 ms au total)
[09Oct2026 21:29:42.374] [Server thread/INFO] [deepluckyblock.procedures.Structures5Procedure/]: [STRUCT5-FLAT] scoring termine : 52 candidat(s) en 1 ms (joueur 0 ms, emprises 0 ms, mesures terrain 1 ms) -- T57
[09Oct2026 21:29:42.374] [Server thread/INFO] [deepluckyblock.procedures.Structures5Procedure/]: [STRUCT5-FLAT] 1997 candidat(s) ecarte(s) : surface en EAU (un lac est plat mais inconstructible) -- T75
[09Oct2026 21:29:42.481] [Server thread/INFO] [deepluckyblock.procedures.Structures5Procedure/]: [STRUCT5-FLAT] tranche 100ms terminée après 22 candidat(s); 30 restent dans CE MÊME cercle
[09Oct2026 21:29:42.486] [Server thread/INFO] [deepluckyblock.procedures.Structures5Procedure/]: [STRUCT5] === PASTE observatory === off=[0,-5,0] dist=0 facing=north
[09Oct2026 21:29:42.506] [Server thread/INFO] [deepluckyblock.procedures.Structures5Procedure/]: [STRUCT5-FLAT] grille de scoring : 67x67 cellules (4489 connues) en 6 ms -- T59/T62 (2885652 recherche(s) de chunk, dont 11 ayant attendu >2 ms, 626 ms au total)
[09Oct2026 21:29:42.508] [Server thread/INFO] [deepluckyblock.procedures.Structures5Procedure/]: [STRUCT5-FLAT] scoring termine : 30 candidat(s) en 0 ms (joueur 0 ms, emprises 0 ms, mesures terrain 0 ms) -- T57
[09Oct2026 21:29:42.512] [Server thread/INFO] [deepluckyblock.procedures.Structures5Procedure/]: [STRUCT5-FLAT] 1997 candidat(s) ecarte(s) : surface en EAU (un lac est plat mais inconstructible) -- T75
[09Oct2026 21:29:42.614] [Server thread/INFO] [deepluckyblock.procedures.Structures5Procedure/]: [STRUCT5-FLAT] tranche 100ms terminée après 19 candidat(s); 11 restent dans CE MÊME cercle
[09Oct2026 21:29:42.618] [Server thread/INFO] [deepluckyblock.procedures.Structures5Procedure/]: [STRUCT5] === PASTE observatory === off=[0,-5,0] dist=0 facing=north
[09Oct2026 21:29:42.623] [Server thread/INFO] [deepluckyblock.procedures.Structures5Procedure/]: [STRUCT5-FLAT] grille de scoring : 67x67 cellules (4489 connues) en 4 ms -- T59/T62 (2897631 recherche(s) de chunk, dont 11 ayant attendu >2 ms, 627 ms au total)
[09Oct2026 21:29:42.624] [Server thread/INFO] [deepluckyblock.procedures.Structures5Procedure/]: [STRUCT5-FLAT] scoring termine : 11 candidat(s) en 1 ms (joueur 0 ms, emprises 0 ms, mesures terrain 1 ms) -- T57
[09Oct2026 21:29:42.624] [Server thread/INFO] [deepluckyblock.procedures.Structures5Procedure/]: [STRUCT5-FLAT] 1997 candidat(s) ecarte(s) : surface en EAU (un lac est plat mais inconstructible) -- T75
[09Oct2026 21:29:42.682] [Server thread/INFO] [deepluckyblock.procedures.Structures5Procedure/]: [STRUCT5-FLAT] aucun centre x0,6 conforme (relief <= 10, eau=0) -- nouvelle couronne jusqu'a 128 blocs; reprise asynchrone
[09Oct2026 21:29:42.687] [Server thread/INFO] [deepluckyblock.procedures.Structures5Procedure/]: [STRUCT5] === PASTE observatory === off=[0,-5,0] dist=0 facing=north
[09Oct2026 21:29:42.713] [Server thread/INFO] [deepluckyblock.procedures.Structures5Procedure/]: [STRUCT5-FLAT] grille de scoring : 93x93 cellules (8649 connues) en 17 ms -- T59/T62 (2906382 recherche(s) de chunk, dont 11 ayant attendu >2 ms, 629 ms au total)
[09Oct2026 21:29:42.716] [Server thread/INFO] [deepluckyblock.procedures.Structures5Procedure/]: [STRUCT5-FLAT] scoring termine : 705 candidat(s) en 2 ms (joueur 0 ms, emprises 0 ms, mesures terrain 2 ms) -- T57
[09Oct2026 21:29:42.724] [Server thread/INFO] [deepluckyblock.procedures.Structures5Procedure/]: [STRUCT5-FLAT] 3124 candidat(s) ecarte(s) : surface en EAU (un lac est plat mais inconstructible) -- T75
[09Oct2026 21:29:42.825] [Server thread/INFO] [deepluckyblock.procedures.Structures5Procedure/]: [STRUCT5-FLAT] tranche 100ms terminée après 97 candidat(s); 608 restent dans CE MÊME cercle
[09Oct2026 21:29:42.854] [Server thread/INFO] [deepluckyblock.procedures.Structures5Procedure/]: [STRUCT5] === PASTE observatory === off=[0,-5,0] dist=0 facing=north
[09Oct2026 21:29:42.875] [Server thread/INFO] [deepluckyblock.procedures.Structures5Procedure/]: [STRUCT5-FLAT] grille de scoring : 93x93 cellules (8649 connues) en 20 ms -- T59/T62 (2926079 recherche(s) de chunk, dont 11 ayant attendu >2 ms, 632 ms au total)
[09Oct2026 21:29:42.878] [Server thread/INFO] [deepluckyblock.procedures.Structures5Procedure/]: [STRUCT5-FLAT] scoring termine : 608 candidat(s) en 2 ms (joueur 0 ms, emprises 0 ms, mesures terrain 2 ms) -- T57
[09Oct2026 21:29:42.881] [Server thread/INFO] [deepluckyblock.procedures.Structures5Procedure/]: [STRUCT5-FLAT] 3124 candidat(s) ecarte(s) : surface en EAU (un lac est plat mais inconstructible) -- T75
[09Oct2026 21:29:42.983] [Server thread/INFO] [deepluckyblock.procedures.Structures5Procedure/]: [STRUCT5-FLAT] tranche 100ms terminée après 108 candidat(s); 500 restent dans CE MÊME cercle
[09Oct2026 21:29:42.990] [Server thread/INFO] [deepluckyblock.procedures.Structures5Procedure/]: [STRUCT5] === PASTE observatory === off=[0,-5,0] dist=0 facing=north
[09Oct2026 21:29:42.999] [Server thread/INFO] [deepluckyblock.procedures.Structures5Procedure/]: [STRUCT5-FLAT] grille de scoring : 93x93 cellules (8649 connues) en 8 ms -- T59/T62 (2945265 recherche(s) de chunk, dont 11 ayant attendu >2 ms, 635 ms au total)
[09Oct2026 21:29:43.001] [Server thread/INFO] [deepluckyblock.procedures.Structures5Procedure/]: [STRUCT5-FLAT] scoring termine : 500 candidat(s) en 2 ms (joueur 0 ms, emprises 0 ms, mesures terrain 2 ms) -- T57
[09Oct2026 21:29:43.001] [Server thread/INFO] [deepluckyblock.procedures.Structures5Procedure/]: [STRUCT5-FLAT] 3124 candidat(s) ecarte(s) : surface en EAU (un lac est plat mais inconstructible) -- T75
[09Oct2026 21:29:43.006] [Server thread/INFO] [deepluckyblock.procedures.Structures5Procedure/]: [STRUCT5-FLAT] Zone choisie a 1205,-230 (candidat #1/500) : flat=100%, pente=4 (score=968, terrain reel exhaustif x0,6, Y reel=62, 0 candidat(s) rejetes, 2 s de recherche)
[09Oct2026 21:29:43.029] [Server thread/INFO] [deepluckyblock.procedures.Structures5Procedure/]: [STRUCT5] observatory -> 1205, 49, -230 (baseY=62, minRelY=8, rot=NONE, 39ms)
[09Oct2026 21:29:43.039] [Server thread/INFO] [deepluckyblock.procedures.Structures5Procedure/]: [STRUCT5-GROUND] observatory sol solide validé sous 100% de la zone centrale x0,6 : 1073 colonnes, 0 avec eau autorisée, sol Y=62..67 (relief=5)
[09Oct2026 21:29:43.039] [Server thread/INFO] [deepluckyblock.procedures.Structures5Procedure/]: [STRUCT5] observatory : center anchor confirmed by footprint (T76) -- median=62, min=62, max=67, 166 columns, delta=0 <= 4
[09Oct2026 21:29:43.042] [Server thread/INFO] [deepluckyblock.procedures.Structures5Procedure/]: [STRUCT5] observatory : 14748 a poser (118 verre supprime, air exterieur deja ecarte au chargement) -- T73
[09Oct2026 21:29:43.043] [Server thread/WARN] [deepluckyblock.procedures.Structures5Procedure/]: [STRUCT5] observatory : plateforme Y=62 sous le plafond Y0 (eau exterieure max Y=62 a moins de 16 blocs hors-emprise) -- PLATEFORME REMONTEE de 1 bloc(s) a Y=63 et POSE MAINTENUE (T104 : jamais d'abandon silencieux, precedent T88-everest)
[09Oct2026 21:29:43.052] [Server thread/INFO] [deepluckyblock.procedures.Structures5Procedure/]: [STRUCT5] observatory : Y0 OK -- plateforme Y=63 >= eau exterieure Y=62 + 1
[09Oct2026 21:29:43.052] [Server thread/INFO] [deepluckyblock.procedures.Structures5Procedure/]: [STRUCT5] observatory : selected solid groundY=63, clearance starts at Y=64, model offsetY=-5, foundationBaseY=58
[09Oct2026 21:29:43.083] [Server thread/INFO] [deepluckyblock.util.ChunkKeeper/]: [DLB-CHUNKS] zone etendue : 151005 chunks a maintenir
[09Oct2026 21:29:43.192] [Server thread/WARN] [net.minecraft.server.MinecraftServer/]: Can't keep up! Is the server overloaded? Running 20642ms or 412 ticks behind
[09Oct2026 21:29:43.298] [Server thread/INFO] [deepluckyblock.util.ChunkKeeper/]: [DLB-CHUNKS] 1776/152397 chunks epingles (maintien en memoire)
[09Oct2026 21:29:43.485] [Server thread/INFO] [deepluckyblock.util.ChunkKeeper/]: [DLB-CHUNKS] 2160/152397 chunks epingles (maintien en memoire)
[09Oct2026 21:29:44.909] [Server thread/INFO] [deepluckyblock.util.ChunkKeeper/]: [DLB-CHUNKS] 2376/152397 chunks epingles (maintien en memoire)
[09Oct2026 21:29:46.518] [Server thread/INFO] [deepluckyblock.util.ChunkKeeper/]: [DLB-CHUNKS] 2400/152397 chunks epingles (maintien en memoire)
[09Oct2026 21:29:49.808] [Server thread/WARN] [deepluckyblock.util.TerrainEditClamp/]: [DLB-LAGPROBE] periode de tick de 2881 ms pendant la phase « pre-chargement des chunks 72/81 » -- c'est cette phase qui accapare le thread principal (zone 71,-19 -> 483,349 : 2406 chunks epingles, 149991 en attente, 310 demandes de chargement ; 52 tick(s) > 1 s au total)
[09Oct2026 21:29:50.294] [Server thread/INFO] [deepluckyblock.util.ChunkKeeper/]: [DLB-CHUNKS] 2424/152397 chunks epingles (maintien en memoire)
[09Oct2026 21:29:52.218] [Server thread/INFO] [deepluckyblock.util.ChunkKeeper/]: [DLB-CHUNKS] 2472/152397 chunks epingles (maintien en memoire)
[09Oct2026 21:29:55.209] [Server thread/INFO] [deepluckyblock.util.ChunkKeeper/]: [DLB-CHUNKS] 2496/152397 chunks epingles (maintien en memoire)
[09Oct2026 21:29:58.832] [Server thread/INFO] [deepluckyblock.util.ChunkKeeper/]: [DLB-CHUNKS] 2568/152397 chunks epingles (maintien en memoire)
[09Oct2026 21:30:01.510] [Server thread/INFO] [deepluckyblock.util.ChunkKeeper/]: [DLB-CHUNKS] 2640/152397 chunks epingles (maintien en memoire)
[09Oct2026 21:30:08.166] [Server thread/INFO] [deepluckyblock.util.ChunkKeeper/]: [DLB-CHUNKS] 2664/152397 chunks epingles (maintien en memoire)
[09Oct2026 21:30:11.151] [Server thread/INFO] [deepluckyblock.util.ChunkKeeper/]: [DLB-CHUNKS] 2688/152397 chunks epingles (maintien en memoire)
[09Oct2026 21:30:12.918] [Server thread/INFO] [deepluckyblock.util.ChunkKeeper/]: [DLB-CHUNKS] 2736/152397 chunks epingles (maintien en memoire)
[09Oct2026 21:30:20.516] [Server thread/INFO] [deepluckyblock.util.ChunkKeeper/]: [DLB-CHUNKS] 2904/152397 chunks epingles (maintien en memoire)
[09Oct2026 21:30:22.366] [Server thread/INFO] [deepluckyblock.util.ChunkKeeper/]: [DLB-CHUNKS] 2952/152397 chunks epingles (maintien en memoire)
[09Oct2026 21:30:32.315] [Server thread/INFO] [deepluckyblock.util.ChunkKeeper/]: [DLB-CHUNKS] 3144/152397 chunks epingles (maintien en memoire)
[09Oct2026 21:30:37.952] [Server thread/INFO] [deepluckyblock.util.ChunkKeeper/]: [DLB-CHUNKS] 3264/152397 chunks epingles (maintien en memoire)
[09Oct2026 21:30:45.375] [Server thread/INFO] [deepluckyblock.util.ChunkKeeper/]: [DLB-CHUNKS] 3312/152397 chunks epingles (maintien en memoire)
[09Oct2026 21:30:48.017] [Server thread/INFO] [deepluckyblock.util.ChunkKeeper/]: [DLB-CHUNKS] 3384/152397 chunks epingles (maintien en memoire)
[09Oct2026 21:30:49.115] [Server thread/INFO] [deepluckyblock.util.ChunkKeeper/]: [DLB-CHUNKS] 3408/152397 chunks epingles (maintien en memoire)
[09Oct2026 21:30:50.173] [Server thread/INFO] [deepluckyblock.util.ChunkKeeper/]: [DLB-CHUNKS] 3432/152397 chunks epingles (maintien en memoire)
[09Oct2026 21:30:51.267] [Server thread/INFO] [deepluckyblock.util.ChunkKeeper/]: [DLB-CHUNKS] 3456/152397 chunks epingles (maintien en memoire)
[09Oct2026 21:30:54.634] [Server thread/INFO] [deepluckyblock.util.ChunkKeeper/]: [DLB-CHUNKS] 3504/152397 chunks epingles (maintien en memoire)
[09Oct2026 21:30:59.817] [Server thread/INFO] [deepluckyblock.util.ChunkKeeper/]: [DLB-CHUNKS] 3648/152397 chunks epingles (maintien en memoire)
[09Oct2026 21:31:01.538] [Server thread/INFO] [deepluckyblock.util.ChunkKeeper/]: [DLB-CHUNKS] 3672/152397 chunks epingles (maintien en memoire)
[09Oct2026 21:31:09.357] [Server thread/INFO] [deepluckyblock.util.ChunkKeeper/]: [DLB-CHUNKS] 3744/152397 chunks epingles (maintien en memoire)
[09Oct2026 21:31:11.620] [Server thread/INFO] [deepluckyblock.util.ChunkKeeper/]: [DLB-CHUNKS] 3792/152397 chunks epingles (maintien en memoire)
[09Oct2026 21:31:21.218] [Server thread/INFO] [deepluckyblock.util.ChunkKeeper/]: [DLB-CHUNKS] 3816/152397 chunks epingles (maintien en memoire)
[09Oct2026 21:31:24.026] [Server thread/INFO] [deepluckyblock.util.ChunkKeeper/]: [DLB-CHUNKS] 3888/152397 chunks epingles (maintien en memoire)
[09Oct2026 21:32:13.964] [Server thread/WARN] [deepluckyblock.util.TerrainEditClamp/]: [DLB-LAGPROBE] periode de tick de 3952 ms pendant la phase « prepZone 1c/11 : scanTrees zone FULL, 108 arbres en 0 ms » -- c'est cette phase qui accapare le thread principal (zone 71,-19 -> 483,349 : 4096 chunks epingles, 148301 en attente, 2671 demandes de chargement ; 55 tick(s) > 1 s au total)
[09Oct2026 21:32:13.967] [Server thread/WARN] [net.minecraft.server.MinecraftServer/]: Can't keep up! Is the server overloaded? Running 3867ms or 77 ticks behind
[09Oct2026 21:32:23.975] [Server thread/WARN] [deepluckyblock.util.TerrainEditClamp/]: [DLB-LAGPROBE] periode de tick de 3074 ms pendant la phase « prepZone 1c/11 : scanTrees zone FULL, 108 arbres en 0 ms » -- c'est cette phase qui accapare le thread principal (zone 71,-19 -> 483,349 : 4096 chunks epingles, 148301 en attente, 3089 demandes de chargement ; 56 tick(s) > 1 s au total)
[09Oct2026 21:32:26.047] [Server thread/WARN] [deepluckyblock.util.TerrainEditClamp/]: [DLB-LAGPROBE] periode de tick de 1769 ms pendant la phase « prepZone 1c/11 : scanTrees zone FULL, 108 arbres en 0 ms » -- c'est cette phase qui accapare le thread principal (zone 71,-19 -> 483,349 : 4096 chunks epingles, 148301 en attente, 3137 demandes de chargement ; 57 tick(s) > 1 s au total)
[09Oct2026 21:32:46.307] [Server thread/WARN] [deepluckyblock.util.TerrainEditClamp/]: [DLB-LAGPROBE] periode de tick de 2393 ms pendant la phase « prepZone 1c/11 : scanTrees zone FULL, 108 arbres en 0 ms » -- c'est cette phase qui accapare le thread principal (zone 71,-19 -> 483,349 : 4096 chunks epingles, 148301 en attente, 4376 demandes de chargement ; 58 tick(s) > 1 s au total)
[09Oct2026 21:32:46.320] [Server thread/WARN] [net.minecraft.server.MinecraftServer/]: Can't keep up! Is the server overloaded? Running 2320ms or 46 ticks behind
[09Oct2026 21:33:37.840] [Server thread/WARN] [deepluckyblock.util.TerrainEditClamp/]: [DLB-LAGPROBE] periode de tick de 1618 ms pendant la phase « prepZone 1c/11 : scanTrees zone FULL, 108 arbres en 0 ms » -- c'est cette phase qui accapare le thread principal (zone 71,-19 -> 483,349 : 4096 chunks epingles, 148301 en attente, 8627 demandes de chargement ; 60 tick(s) > 1 s au total)
