Picked up JAVA_TOOL_OPTIONS: -Xmx2g -XX:ActiveProcessorCount=2 -Ddlb.search.deferRounds=600 -Ddlb.search.deferCap=96 -Ddlb.search.growth=2

> Configure project :
Creating Minecraft artifacts without recompilation.

> Task :createMinecraftArtifacts UP-TO-DATE
> Task :compileJava UP-TO-DATE
> Task :processResources UP-TO-DATE
> Task :classes UP-TO-DATE

> Task :downloadAssets
Picked up JAVA_TOOL_OPTIONS: -Xmx2g -XX:ActiveProcessorCount=2 -Ddlb.search.deferRounds=600 -Ddlb.search.deferCap=96 -Ddlb.search.growth=2
Loaded 131 artifacts from /home/runner/work/_temp/mod-project/build/tmp/downloadAssets/nfrt_artifact_manifest.properties
Downloading asset index 17
Using Minecraft asset root: /home/runner/.gradle/caches/neoformruntime/assets
  ↓ https://piston-meta.mojang.com/v1/packages/00551f206ccb65cb965fd0aebc14d22cda282db7/17.json
100/3888 downloads
200/3888 downloads
300/3888 downloads
400/3888 downloads
500/3888 downloads
600/3888 downloads
700/3888 downloads
800/3888 downloads
900/3888 downloads
1000/3888 downloads
1100/3888 downloads
1200/3888 downloads
1300/3888 downloads
1400/3888 downloads
1500/3888 downloads
1600/3888 downloads
1700/3888 downloads
1800/3888 downloads
1900/3888 downloads
2000/3888 downloads
2100/3888 downloads
2200/3888 downloads
2300/3888 downloads
2400/3888 downloads
2500/3888 downloads
2600/3888 downloads
2700/3888 downloads
2800/3888 downloads
2900/3888 downloads
3000/3888 downloads
3100/3888 downloads
3200/3888 downloads
3300/3888 downloads
3400/3888 downloads
3500/3888 downloads
3600/3888 downloads
3700/3888 downloads
3800/3888 downloads
Downloaded 3888 files with a total size of 786 MiB

> Task :writeServerLegacyClasspath
> Task :prepareServerRun

> Task :runServer
Picked up JAVA_TOOL_OPTIONS: -Xmx2g -XX:ActiveProcessorCount=2 -Ddlb.search.deferRounds=600 -Ddlb.search.deferCap=96 -Ddlb.search.growth=2
WARN StatusConsoleListener Advanced terminal features are not available in this environment
[01:00:16] [main/INFO] [cp.mo.mo.Launcher/MODLAUNCHER]: ModLauncher running: args [--launchTarget, forgeserverdev, --gameDir, ., --fml.fmlVersion, 4.0.41, --fml.mcVersion, 1.21.1, --fml.neoForgeVersion, 21.1.190, --fml.neoFormVersion, 20240808.144430]
[01:00:16] [main/INFO] [cp.mo.mo.Launcher/MODLAUNCHER]: JVM identified as Eclipse Adoptium OpenJDK 64-Bit Server VM 21.0.12.1+1-LTS
[01:00:16] [main/INFO] [cp.mo.mo.Launcher/MODLAUNCHER]: ModLauncher 11.0.5+main.901c6ea8 starting: java version 21.0.12.1 by Eclipse Adoptium; OS Linux arch amd64 version 6.17.0-1022-azure
[01:00:16] [main/DEBUG] [cp.mo.mo.LaunchServiceHandler/MODLAUNCHER]: Found launch services [minecraft,forgeclient,forgedatauserdev,testharness,forgeserverdev,forgeserveruserdev,forgejunitdev,forgeclientdev,forgeclientuserdev,forgeserver,forgejunituserdev,forgedatadev]
[01:00:16] [main/DEBUG] [cp.mo.mo.LaunchPluginHandler/MODLAUNCHER]: Found launch plugins: [mixin,slf4jfixer,runtime_enum_extender,accesstransformer,runtimedistcleaner]
[01:00:16] [main/DEBUG] [cp.mo.mo.TransformationServicesHandler/MODLAUNCHER]: Discovering transformation services
[01:00:16] [main/DEBUG] [ne.ne.fm.lo.FMLPaths/CORE]: Path GAMEDIR is /home/runner/work/_temp/mod-project/run
[01:00:16] [main/DEBUG] [ne.ne.fm.lo.FMLPaths/CORE]: Path MODSDIR is /home/runner/work/_temp/mod-project/run/mods
[01:00:16] [main/DEBUG] [ne.ne.fm.lo.FMLPaths/CORE]: Path CONFIGDIR is /home/runner/work/_temp/mod-project/run/config
[01:00:16] [main/DEBUG] [ne.ne.fm.lo.FMLPaths/CORE]: Path FMLCONFIG is /home/runner/work/_temp/mod-project/run/config/fml.toml
[01:00:16] [main/DEBUG] [ne.ne.fm.lo.ta.CommonLaunchHandler/CORE]: Got mod coordinates mcreator%%/home/runner/work/_temp/mod-project/build/classes/java/main:mcreator%%/home/runner/work/_temp/mod-project/build/resources/main from env
[01:00:16] [main/DEBUG] [ne.ne.fm.lo.ta.CommonLaunchHandler/CORE]: Found supplied mod coordinates [{mcreator=[/home/runner/work/_temp/mod-project/build/classes/java/main, /home/runner/work/_temp/mod-project/build/resources/main]}]
[01:00:16] [main/DEBUG] [cp.mo.mo.TransformationServicesHandler/MODLAUNCHER]: Found additional transformation services from discovery services:
[01:00:16] [main/INFO] [ne.ne.fm.lo.ImmediateWindowHandler/]: ImmediateWindowProvider not loading because launch target is forgeserverdev
[01:00:16] [main/DEBUG] [cp.mo.mo.TransformationServicesHandler/MODLAUNCHER]: Found transformer services : [mixin,fml]
[01:00:16] [main/DEBUG] [cp.mo.mo.TransformationServicesHandler/MODLAUNCHER]: Transformation services loading
[01:00:16] [main/DEBUG] [cp.mo.mo.TransformationServiceDecorator/MODLAUNCHER]: Loading service mixin
[01:00:16] [main/DEBUG] [cp.mo.mo.TransformationServiceDecorator/MODLAUNCHER]: Loaded service mixin
[01:00:16] [main/DEBUG] [cp.mo.mo.TransformationServiceDecorator/MODLAUNCHER]: Loading service fml
[01:00:16] [main/DEBUG] [ne.ne.fm.lo.FMLLoader/CORE]: FML 4.0.41 loading
[01:00:16] [main/DEBUG] [ne.ne.fm.lo.FMLLoader/CORE]: FML found ModLauncher version : 11.0.5+main.901c6ea8
[01:00:16] [main/DEBUG] [ne.ne.fm.lo.FMLLoader/CORE]: FML found AccessTransformer version : 10.0.1+139da711
[01:00:16] [main/DEBUG] [ne.ne.fm.lo.FMLLoader/CORE]: FML found EventBus version : null
[01:00:16] [main/DEBUG] [ne.ne.fm.lo.FMLLoader/CORE]: Found Runtime Dist Cleaner
[01:00:16] [main/DEBUG] [cp.mo.mo.TransformationServiceDecorator/MODLAUNCHER]: Loaded service fml
[01:00:16] [main/DEBUG] [cp.mo.mo.TransformationServicesHandler/MODLAUNCHER]: Configuring option handling for services
[01:00:16] [main/DEBUG] [ne.ne.fm.lo.FMLServiceProvider/CORE]: Received command line version data  : VersionInfo[neoForgeVersion=21.1.190, fmlVersion=4.0.41, mcVersion=1.21.1, neoFormVersion=20240808.144430]
[01:00:16] [main/DEBUG] [cp.mo.mo.TransformationServicesHandler/MODLAUNCHER]: Transformation services initializing
[01:00:16] [main/DEBUG] [cp.mo.mo.TransformationServiceDecorator/MODLAUNCHER]: Initializing transformation service mixin
[01:00:16] [main/DEBUG] [mixin/]: MixinService [ModLauncher] was successfully booted in cpw.mods.cl.ModuleClassLoader@5a8806ef
[01:00:16] [main/INFO] [mixin/]: SpongePowered MIXIN Subsystem Version=0.8.7 Source=union:/home/runner/.gradle/caches/modules-2/files-2.1/net.fabricmc/sponge-mixin/0.15.2+mixin.0.8.7/2af2f021d8e02a0220dc27a7a72b4666d66d44ca/sponge-mixin-0.15.2+mixin.0.8.7.jar%2394!/ Service=ModLauncher Env=SERVER
[01:00:16] [main/DEBUG] [mixin/]: Initialising Mixin Platform Manager
[01:00:16] [main/DEBUG] [mixin/]: Adding mixin platform agents for container ModLauncher Root Container(ModLauncher:4f56a0a2)
[01:00:16] [main/DEBUG] [mixin/]: Instancing new MixinPlatformAgentMinecraftForge for ModLauncher Root Container(ModLauncher:4f56a0a2)
[01:00:16] [main/DEBUG] [mixin/]: MixinPlatformAgentMinecraftForge rejected container ModLauncher Root Container(ModLauncher:4f56a0a2)
[01:00:16] [main/DEBUG] [mixin/]: Instancing new MixinPlatformAgentDefault for ModLauncher Root Container(ModLauncher:4f56a0a2)
[01:00:16] [main/DEBUG] [mixin/]: MixinPlatformAgentDefault accepted container ModLauncher Root Container(ModLauncher:4f56a0a2)
[01:00:16] [main/DEBUG] [cp.mo.mo.TransformationServiceDecorator/MODLAUNCHER]: Initialized transformation service mixin
[01:00:16] [main/DEBUG] [cp.mo.mo.TransformationServiceDecorator/MODLAUNCHER]: Initializing transformation service fml
[01:00:16] [main/DEBUG] [ne.ne.fm.lo.FMLServiceProvider/CORE]: Setting up basic FML game directories
[01:00:16] [main/DEBUG] [ne.ne.fm.lo.FMLPaths/CORE]: Path GAMEDIR is /home/runner/work/_temp/mod-project/run
[01:00:16] [main/DEBUG] [ne.ne.fm.lo.FMLPaths/CORE]: Path MODSDIR is /home/runner/work/_temp/mod-project/run/mods
[01:00:16] [main/DEBUG] [ne.ne.fm.lo.FMLPaths/CORE]: Path CONFIGDIR is /home/runner/work/_temp/mod-project/run/config
[01:00:16] [main/DEBUG] [ne.ne.fm.lo.FMLPaths/CORE]: Path FMLCONFIG is /home/runner/work/_temp/mod-project/run/config/fml.toml
[01:00:16] [main/DEBUG] [ne.ne.fm.lo.FMLServiceProvider/CORE]: Loading configuration
[01:00:16] [main/DEBUG] [ne.ne.fm.lo.FMLServiceProvider/CORE]: Preparing launch handler
[01:00:16] [main/DEBUG] [ne.ne.fm.lo.FMLLoader/CORE]: Using forgeserverdev as launch service
[01:00:16] [main/DEBUG] [cp.mo.mo.TransformationServiceDecorator/MODLAUNCHER]: Initialized transformation service fml
[01:00:16] [main/DEBUG] [cp.mo.mo.TransformationServicesHandler/MODLAUNCHER]: Transformation services begin scanning
[01:00:16] [main/DEBUG] [cp.mo.mo.TransformationServiceDecorator/MODLAUNCHER]: Beginning scan trigger - transformation service mixin
[01:00:16] [main/DEBUG] [cp.mo.mo.TransformationServiceDecorator/MODLAUNCHER]: End scan trigger - transformation service mixin
[01:00:16] [main/DEBUG] [cp.mo.mo.TransformationServiceDecorator/MODLAUNCHER]: Beginning scan trigger - transformation service fml
[01:00:16] [main/DEBUG] [ne.ne.fm.lo.FMLServiceProvider/CORE]: Initiating mod scan
[01:00:16] [main/DEBUG] [ne.ne.fm.lo.ta.CommonLaunchHandler/CORE]: Got mod coordinates mcreator%%/home/runner/work/_temp/mod-project/build/classes/java/main:mcreator%%/home/runner/work/_temp/mod-project/build/resources/main from env
[01:00:16] [main/DEBUG] [ne.ne.fm.lo.ta.CommonLaunchHandler/CORE]: Found supplied mod coordinates [{mcreator=[/home/runner/work/_temp/mod-project/build/classes/java/main, /home/runner/work/_temp/mod-project/build/resources/main]}]
[01:00:16] [main/DEBUG] [ne.ne.fm.lo.ta.CommonDevLaunchHandler/]: Launching with NeoForge from /home/runner/work/_temp/mod-project/build/moddev/artifacts/neoforge-21.1.190.jar
[01:00:16] [main/DEBUG] [ne.ne.fm.ut.ServiceLoaderUtil/CORE]: Found 4 implementations of IModFileCandidateLocator:
[01:00:16] [main/DEBUG] [ne.ne.fm.ut.ServiceLoaderUtil/CORE]: 	       0 - [built-in] net.neoforged.fml.loading.moddiscovery.locators.NeoForgeDevProvider from loader-4.0.41.jar
[01:00:16] [main/DEBUG] [ne.ne.fm.ut.ServiceLoaderUtil/CORE]: 	       0 - net.neoforged.fml.loading.moddiscovery.locators.ModsFolderLocator from loader-4.0.41.jar
[01:00:16] [main/DEBUG] [ne.ne.fm.ut.ServiceLoaderUtil/CORE]: 	       0 - net.neoforged.fml.loading.moddiscovery.locators.MavenDirectoryLocator from loader-4.0.41.jar
[01:00:16] [main/DEBUG] [ne.ne.fm.ut.ServiceLoaderUtil/CORE]: 	   -1000 - [built-in] net.neoforged.fml.loading.moddiscovery.locators.UserdevLocator from loader-4.0.41.jar
[01:00:16] [main/DEBUG] [ne.ne.fm.ut.ServiceLoaderUtil/CORE]: Found 2 implementations of IModFileReader:
[01:00:16] [main/DEBUG] [ne.ne.fm.ut.ServiceLoaderUtil/CORE]: 	       0 - net.neoforged.fml.loading.moddiscovery.readers.JarModsDotTomlModFileReader from loader-4.0.41.jar
[01:00:16] [main/DEBUG] [ne.ne.fm.ut.ServiceLoaderUtil/CORE]: 	   -1000 - net.neoforged.fml.loading.moddiscovery.readers.NestedLibraryModReader from loader-4.0.41.jar
[01:00:16] [main/DEBUG] [ne.ne.fm.ut.ServiceLoaderUtil/CORE]: Found 1 implementations of IDependencyLocator:
[01:00:16] [main/DEBUG] [ne.ne.fm.ut.ServiceLoaderUtil/CORE]: 	       0 - net.neoforged.fml.loading.moddiscovery.locators.JarInJarDependencyLocator from loader-4.0.41.jar
[01:00:16] [main/DEBUG] [ne.ne.fm.lo.mo.ModFileInfo/LOADING]: Found valid mod file neoforge-21.1.190.jar with {minecraft} mods - versions {1.21.1}
[01:00:16] [main/DEBUG] [ne.ne.fm.lo.mo.ModFileParser/LOADING]: Considering mod file candidate /home/runner/work/_temp/mod-project/build/moddev/artifacts/neoforge-21.1.190.jar
[01:00:16] [main/DEBUG] [ne.ne.fm.lo.mo.ModFileInfo/LOADING]: Found valid mod file neoforge-21.1.190.jar with {neoforge} mods - versions {21.1.190}
[01:00:16] [main/DEBUG] [ne.ne.fm.lo.mo.ModListHandler/CORE]: Found mod coordinates from lists: []
[01:00:16] [main/DEBUG] [ne.ne.fm.lo.mo.ModFileParser/LOADING]: Considering mod file candidate /home/runner/work/_temp/mod-project/build/classes/java/main
[01:00:16] [main/DEBUG] [ne.ne.fm.lo.mo.ModFileInfo/LOADING]: Found valid mod file main with {deep_lucky_block} mods - versions {1.0}
[01:00:16] [main/DEBUG] [ne.ne.fm.lo.mo.ModFileParser/LOADING]: Considering mod file candidate /home/runner/work/_temp/mod-project/build/moddev/artifacts/neoforge-21.1.190.jar
[01:00:16] [main/DEBUG] [ne.ne.fm.lo.mo.ModFileInfo/LOADING]: Found valid mod file neoforge-21.1.190.jar with {neoforge} mods - versions {21.1.190}
[01:00:16] [main/DEBUG] [ne.ne.fm.lo.mo.ModDiscoverer/]: Skipping /home/runner/.gradle/caches/modules-2/files-2.1/net.neoforged.fancymodloader/earlydisplay/4.0.41/53dfbd387ed1b88c7d144bdb6551b7f57d5da6d7/earlydisplay-4.0.41.jar because it was already located earlier
[01:00:16] [main/DEBUG] [ne.ne.fm.lo.mo.ModDiscoverer/]: Skipping /home/runner/.gradle/caches/modules-2/files-2.1/net.neoforged.fancymodloader/loader/4.0.41/3aebc81b9347fa87bb629ffaed20276f2a4c944e/loader-4.0.41.jar because it was already located earlier
[01:00:16] [main/DEBUG] [ne.ne.fm.lo.mo.ModDiscoverer/]: Skipping /home/runner/.gradle/caches/modules-2/files-2.1/net.neoforged.accesstransformers/at-modlauncher/10.0.1/5aba50202aceead086bc09fbc2751c9f05cb4890/at-modlauncher-10.0.1.jar because it was already located earlier
[01:00:16] [main/DEBUG] [ne.ne.fm.lo.mo.ModDiscoverer/]: Skipping /home/runner/.gradle/caches/modules-2/files-2.1/net.neoforged/accesstransformers/10.0.1/fd83b5725f76eae9115e9355fa1c456a6a441400/accesstransformers-10.0.1.jar because it was already located earlier
[01:00:16] [main/DEBUG] [ne.ne.fm.lo.mo.ModDiscoverer/]: Skipping /home/runner/.gradle/caches/modules-2/files-2.1/net.neoforged/bus/8.0.5/5b2d33285ab5d1554e9798ad98c40d6ea3868bd5/bus-8.0.5.jar because it was already located earlier
[01:00:16] [main/DEBUG] [ne.ne.fm.lo.mo.ModDiscoverer/]: Skipping /home/runner/.gradle/caches/modules-2/files-2.1/net.neoforged/coremods/7.0.3/9147e6f638b4272b3bd5fc8f92ad37802512c6c/coremods-7.0.3.jar because it was already located earlier
[01:00:16] [main/DEBUG] [ne.ne.fm.lo.mo.ModDiscoverer/]: Skipping /home/runner/.gradle/caches/modules-2/files-2.1/cpw.mods/modlauncher/11.0.5/b8f0d49294f733fdb6173931b263553e943dc950/modlauncher-11.0.5.jar because it was already located earlier
[01:00:16] [main/DEBUG] [ne.ne.fm.lo.mo.ModDiscoverer/]: Skipping /home/runner/.gradle/caches/modules-2/files-2.1/net.neoforged/mergetool/2.0.0/52fe1949be64e3303aabaaa21e315f551db9c9f4/mergetool-2.0.0-api.jar because it was already located earlier
[01:00:16] [main/DEBUG] [ne.ne.fm.lo.mo.ModDiscoverer/]: Skipping /home/runner/.gradle/caches/modules-2/files-2.1/com.electronwill.night-config/toml/3.8.2/c128842f759692f613ea6c3ef0ef052273bbb38c/toml-3.8.2.jar because it was already located earlier
[01:00:16] [main/DEBUG] [ne.ne.fm.lo.mo.ModDiscoverer/]: Skipping /home/runner/.gradle/caches/modules-2/files-2.1/com.electronwill.night-config/core/3.8.2/94eee571e1524129804d08c75f6416a3be380ad4/core-3.8.2.jar because it was already located earlier
[01:00:16] [main/DEBUG] [ne.ne.fm.lo.mo.ModDiscoverer/]: Skipping /home/runner/.gradle/caches/modules-2/files-2.1/net.neoforged/JarJarSelector/0.4.1/fb3cc7a58af22ad2880adb98af6d518128c47dae/JarJarSelector-0.4.1.jar because it was already located earlier
[01:00:16] [main/DEBUG] [ne.ne.fm.lo.mo.ModDiscoverer/]: Skipping /home/runner/.gradle/caches/modules-2/files-2.1/net.neoforged/JarJarMetadata/0.4.1/f8da03683dc81694556dc3e177c5e3bb77ae6fcb/JarJarMetadata-0.4.1.jar because it was already located earlier
[01:00:16] [main/DEBUG] [ne.ne.fm.lo.mo.ModDiscoverer/]: Skipping /home/runner/.gradle/caches/modules-2/files-2.1/org.apache.maven/maven-artifact/3.8.5/4433f50c07debefaed0553bd0068f4f48d449313/maven-artifact-3.8.5.jar because it was already located earlier
[01:00:16] [main/DEBUG] [ne.ne.fm.lo.mo.ModDiscoverer/]: Skipping /home/runner/.gradle/caches/modules-2/files-2.1/net.jodah/typetools/0.6.3/a01aaa6ddaea9ec07ec4f209487b7a46a526283a/typetools-0.6.3.jar because it was already located earlier
[01:00:16] [main/DEBUG] [ne.ne.fm.lo.mo.ModDiscoverer/]: Skipping /home/runner/.gradle/caches/modules-2/files-2.1/net.minecrell/terminalconsoleappender/1.3.0/b562e9bb61235c9520e26282cdee71f8f802d1fc/terminalconsoleappender-1.3.0.jar because it was already located earlier
[01:00:16] [main/DEBUG] [ne.ne.fm.lo.mo.ModDiscoverer/]: Skipping /home/runner/.gradle/caches/modules-2/files-2.1/net.fabricmc/sponge-mixin/0.15.2+mixin.0.8.7/2af2f021d8e02a0220dc27a7a72b4666d66d44ca/sponge-mixin-0.15.2+mixin.0.8.7.jar because it was already located earlier
[01:00:16] [main/DEBUG] [ne.ne.fm.lo.mo.ModDiscoverer/]: Skipping /home/runner/.gradle/caches/modules-2/files-2.1/org.openjdk.nashorn/nashorn-core/15.4/f67f5ffaa5f5130cf6fb9b133da00c7df3b532a5/nashorn-core-15.4.jar because it was already located earlier
[01:00:16] [main/DEBUG] [ne.ne.fm.lo.mo.ModDiscoverer/]: Skipping /home/runner/.gradle/caches/modules-2/files-2.1/org.apache.commons/commons-lang3/3.14.0/1ed471194b02f2c6cb734a0cd6f6f107c673afae/commons-lang3-3.14.0.jar because it was already located earlier
[01:00:16] [main/DEBUG] [ne.ne.fm.lo.mo.ModDiscoverer/]: Skipping /home/runner/.gradle/caches/modules-2/files-2.1/net.sf.jopt-simple/jopt-simple/5.0.4/4fdac2fbe92dfad86aa6e9301736f6b4342a3f5c/jopt-simple-5.0.4.jar because it was already located earlier
[01:00:16] [main/DEBUG] [ne.ne.fm.lo.mo.ModDiscoverer/]: Skipping /home/runner/.gradle/caches/modules-2/files-2.1/commons-io/commons-io/2.15.1/f11560da189ab563a5c8e351941415430e9304ea/commons-io-2.15.1.jar because it was already located earlier
[01:00:16] [main/DEBUG] [ne.ne.fm.lo.mo.ModDiscoverer/]: Skipping /home/runner/.gradle/caches/modules-2/files-2.1/com.mojang/logging/1.2.7/24cb95ffb0e3433fd6e844c04e68009e504ca1c0/logging-1.2.7.jar because it was already located earlier
[01:00:16] [main/DEBUG] [ne.ne.fm.lo.mo.ModDiscoverer/]: Skipping /home/runner/.gradle/caches/modules-2/files-2.1/org.apache.logging.log4j/log4j-slf4j2-impl/2.22.1/d7e6693c2606cb7e7335047d7bb96dec52db5665/log4j-slf4j2-impl-2.22.1.jar because it was already located earlier
[01:00:16] [main/DEBUG] [ne.ne.fm.lo.mo.ModDiscoverer/]: Skipping /home/runner/.gradle/caches/modules-2/files-2.1/org.apache.logging.log4j/log4j-core/2.22.1/7183a25510a02ad00cc6a95d3b3d2a7d3c5a8dc4/log4j-core-2.22.1.jar because it was already located earlier
[01:00:16] [main/DEBUG] [ne.ne.fm.lo.mo.ModDiscoverer/]: Skipping /home/runner/.gradle/caches/modules-2/files-2.1/org.apache.logging.log4j/log4j-api/2.22.1/bea6fede6328fabafd7e68363161a7ea6605abd1/log4j-api-2.22.1.jar because it was already located earlier
[01:00:16] [main/DEBUG] [ne.ne.fm.lo.mo.ModDiscoverer/]: Skipping /home/runner/.gradle/caches/modules-2/files-2.1/com.google.guava/guava/32.1.2-jre/5e64ec7e056456bef3a4bc4c6fdaef71e8ab6318/guava-32.1.2-jre.jar because it was already located earlier
[01:00:16] [main/DEBUG] [ne.ne.fm.lo.mo.ModDiscoverer/]: Skipping /home/runner/.gradle/caches/modules-2/files-2.1/com.google.code.gson/gson/2.10.1/b3add478d4382b78ea20b1671390a858002feb6c/gson-2.10.1.jar because it was already located earlier
[01:00:16] [main/DEBUG] [ne.ne.fm.lo.mo.ModDiscoverer/]: Skipping /home/runner/.gradle/caches/modules-2/files-2.1/org.slf4j/slf4j-api/2.0.9/7cf2726fdcfbc8610f9a71fb3ed639871f315340/slf4j-api-2.0.9.jar because it was already located earlier
[01:00:16] [main/DEBUG] [ne.ne.fm.lo.mo.ModDiscoverer/]: Skipping /home/runner/.gradle/caches/modules-2/files-2.1/org.antlr/antlr4-runtime/4.13.1/17125bae1d965624e265ef49552f6465a2bfa307/antlr4-runtime-4.13.1.jar because it was already located earlier
[01:00:16] [main/DEBUG] [ne.ne.fm.lo.mo.ModDiscoverer/]: Skipping /home/runner/.gradle/caches/modules-2/files-2.1/net.minecraftforge/srgutils/0.4.15/ca408b131759478f164e010fae0d73997e125fb5/srgutils-0.4.15.jar because it was already located earlier
[01:00:16] [main/DEBUG] [ne.ne.fm.lo.mo.ModDiscoverer/]: Skipping /home/runner/.gradle/caches/modules-2/files-2.1/org.codehaus.plexus/plexus-utils/3.3.0/cf43b5391de623b36fe066a21127baef82c64022/plexus-utils-3.3.0.jar because it was already located earlier
[01:00:16] [main/DEBUG] [ne.ne.fm.lo.mo.ModDiscoverer/]: Skipping /home/runner/.gradle/caches/modules-2/files-2.1/org.jline/jline-reader/3.20.0/8f15415b022a25b473e8e16c28ae913186ffb9c4/jline-reader-3.20.0.jar because it was already located earlier
[01:00:16] [main/DEBUG] [ne.ne.fm.lo.mo.ModDiscoverer/]: Skipping /home/runner/.gradle/caches/modules-2/files-2.1/com.machinezoo.noexception/noexception/1.7.1/b65330c98e38a1f915fa54a6e5eca496505e3f0a/noexception-1.7.1.jar because it was already located earlier
[01:00:16] [main/DEBUG] [ne.ne.fm.lo.mo.ModDiscoverer/]: Skipping /home/runner/.gradle/caches/modules-2/files-2.1/com.google.guava/failureaccess/1.0.1/1dcf1de382a0bf95a3d8b0849546c88bac1292c9/failureaccess-1.0.1.jar because it was already located earlier
[01:00:16] [main/DEBUG] [ne.ne.fm.lo.mo.ModDiscoverer/]: Skipping /home/runner/.gradle/caches/modules-2/files-2.1/com.google.guava/listenablefuture/9999.0-empty-to-avoid-conflict-with-guava/b421526c5f297295adef1c886e5246c39d4ac629/listenablefuture-9999.0-empty-to-avoid-conflict-with-guava.jar because it was already located earlier
[01:00:16] [main/DEBUG] [ne.ne.fm.lo.mo.ModDiscoverer/]: Skipping /home/runner/.gradle/caches/modules-2/files-2.1/com.google.code.findbugs/jsr305/3.0.2/25ea2e8b0c338a877313bd4672d3fe056ea78f0d/jsr305-3.0.2.jar because it was already located earlier
[01:00:16] [main/DEBUG] [ne.ne.fm.lo.mo.ModDiscoverer/]: Skipping /home/runner/.gradle/caches/modules-2/files-2.1/org.checkerframework/checker-qual/3.33.0/de2b60b62da487644fc11f734e73c8b0b431238f/checker-qual-3.33.0.jar because it was already located earlier
[01:00:16] [main/DEBUG] [ne.ne.fm.lo.mo.ModDiscoverer/]: Skipping /home/runner/.gradle/caches/modules-2/files-2.1/com.google.errorprone/error_prone_annotations/2.18.0/89b684257096f548fa39a7df9fdaa409d4d4df91/error_prone_annotations-2.18.0.jar because it was already located earlier
[01:00:16] [main/DEBUG] [ne.ne.fm.lo.mo.ModDiscoverer/]: Skipping /home/runner/.gradle/caches/modules-2/files-2.1/com.google.j2objc/j2objc-annotations/2.8/c85270e307e7b822f1086b93689124b89768e273/j2objc-annotations-2.8.jar because it was already located earlier
[01:00:16] [main/DEBUG] [ne.ne.fm.lo.mo.ModDiscoverer/]: Skipping /home/runner/.gradle/caches/modules-2/files-2.1/org.jline/jline-terminal/3.20.0/d0ddcc708ddf527a3454c941b7b9225cc83a15ff/jline-terminal-3.20.0.jar because it was already located earlier
[01:00:16] [main/DEBUG] [ne.ne.fm.lo.mo.ModDiscoverer/]: Skipping /home/runner/.gradle/caches/modules-2/files-2.1/com.github.oshi/oshi-core/6.4.10/b1d8ab82d11d92fd639b56d639f8f46f739dd5fa/oshi-core-6.4.10.jar because it was already located earlier
[01:00:16] [main/DEBUG] [ne.ne.fm.lo.mo.ModDiscoverer/]: Skipping /home/runner/.gradle/caches/modules-2/files-2.1/com.mojang/authlib/6.0.54/de8bc95660e1b2fe8793fd427a7a10dcec5b3ea7/authlib-6.0.54.jar because it was already located earlier
[01:00:16] [main/DEBUG] [ne.ne.fm.lo.mo.ModDiscoverer/]: Skipping /home/runner/.gradle/caches/modules-2/files-2.1/com.mojang/brigadier/1.3.10/d15b53a14cf20fdcaa98f731af5dda654452c010/brigadier-1.3.10.jar because it was already located earlier
[01:00:16] [main/DEBUG] [ne.ne.fm.lo.mo.ModDiscoverer/]: Skipping /home/runner/.gradle/caches/modules-2/files-2.1/com.mojang/datafixerupper/8.0.16/67d4de6d7f95d89bcf5862995fb854ebaec02a34/datafixerupper-8.0.16.jar because it was already located earlier
[01:00:16] [main/DEBUG] [ne.ne.fm.lo.mo.ModDiscoverer/]: Skipping /home/runner/.gradle/caches/modules-2/files-2.1/io.netty/netty-buffer/4.1.97.Final/f8f3d8644afa5e6e1a40a3a6aeb9d9aa970ecb4f/netty-buffer-4.1.97.Final.jar because it was already located earlier
[01:00:16] [main/DEBUG] [ne.ne.fm.lo.mo.ModDiscoverer/]: Skipping /home/runner/.gradle/caches/modules-2/files-2.1/io.netty/netty-codec/4.1.97.Final/384ba4d75670befbedb45c4d3b497a93639c206d/netty-codec-4.1.97.Final.jar because it was already located earlier
[01:00:16] [main/DEBUG] [ne.ne.fm.lo.mo.ModDiscoverer/]: Skipping /home/runner/.gradle/caches/modules-2/files-2.1/io.netty/netty-common/4.1.97.Final/7cceacaf11df8dc63f23d0fb58e9d4640fc88404/netty-common-4.1.97.Final.jar because it was already located earlier
[01:00:16] [main/DEBUG] [ne.ne.fm.lo.mo.ModDiscoverer/]: Skipping /home/runner/.gradle/caches/modules-2/files-2.1/io.netty/netty-handler/4.1.97.Final/abb86c6906bf512bf2b797a41cd7d2e8d3cd7c36/netty-handler-4.1.97.Final.jar because it was already located earlier
[01:00:16] [main/DEBUG] [ne.ne.fm.lo.mo.ModDiscoverer/]: Skipping /home/runner/.gradle/caches/modules-2/files-2.1/io.netty/netty-resolver/4.1.97.Final/cec8348108dc76c47cf87c669d514be52c922144/netty-resolver-4.1.97.Final.jar because it was already located earlier
[01:00:16] [main/DEBUG] [ne.ne.fm.lo.mo.ModDiscoverer/]: Skipping /home/runner/.gradle/caches/modules-2/files-2.1/io.netty/netty-transport-classes-epoll/4.1.97.Final/795da37ded759e862457a82d9d92c4d39ce8ecee/netty-transport-classes-epoll-4.1.97.Final.jar because it was already located earlier
[01:00:16] [main/DEBUG] [ne.ne.fm.lo.mo.ModDiscoverer/]: Skipping /home/runner/.gradle/caches/modules-2/files-2.1/io.netty/netty-transport-native-unix-common/4.1.97.Final/d469d84265ab70095b01b40886cabdd433b6e664/netty-transport-native-unix-common-4.1.97.Final.jar because it was already located earlier
[01:00:16] [main/DEBUG] [ne.ne.fm.lo.mo.ModDiscoverer/]: Skipping /home/runner/.gradle/caches/modules-2/files-2.1/io.netty/netty-transport/4.1.97.Final/f37380d23c9bb079bc702910833b2fd532c9abd0/netty-transport-4.1.97.Final.jar because it was already located earlier
[01:00:16] [main/DEBUG] [ne.ne.fm.lo.mo.ModDiscoverer/]: Skipping /home/runner/.gradle/caches/modules-2/files-2.1/it.unimi.dsi/fastutil/8.5.12/c24946d46824bd528054bface3231d2ecb7e95e8/fastutil-8.5.12.jar because it was already located earlier
[01:00:16] [main/DEBUG] [ne.ne.fm.lo.mo.ModDiscoverer/]: Skipping /home/runner/.gradle/caches/modules-2/files-2.1/net.java.dev.jna/jna-platform/5.14.0/28934d48aed814f11e4c584da55c49fa7032b31b/jna-platform-5.14.0.jar because it was already located earlier
[01:00:16] [main/DEBUG] [ne.ne.fm.lo.mo.ModDiscoverer/]: Skipping /home/runner/.gradle/caches/modules-2/files-2.1/net.java.dev.jna/jna/5.14.0/67bf3eaea4f0718cb376a181a629e5f88fa1c9dd/jna-5.14.0.jar because it was already located earlier
[01:00:16] [main/DEBUG] [ne.ne.fm.lo.mo.ModDiscoverer/]: Skipping /home/runner/.gradle/caches/modules-2/files-2.1/org.joml/joml/1.10.5/22566d58af70ad3d72308bab63b8339906deb649/joml-1.10.5.jar because it was already located earlier
[01:00:16] [main/DEBUG] [ne.ne.fm.lo.mo.ModDiscoverer/]: Skipping /home/runner/.gradle/caches/modules-2/files-2.1/org.lz4/lz4-java/1.8.0/4b986a99445e49ea5fbf5d149c4b63f6ed6c6780/lz4-java-1.8.0.jar because it was already located earlier
[01:00:16] [main/DEBUG] [ne.ne.fm.lo.mo.ModDiscoverer/]: Skipping /home/runner/.gradle/caches/modules-2/files-2.1/io.netty/netty-transport-native-epoll/4.1.97.Final/5514744c588190ffda076b35a9b8c9f24946a960/netty-transport-native-epoll-4.1.97.Final-linux-aarch_64.jar because it was already located earlier
[01:00:16] [main/DEBUG] [ne.ne.fm.lo.mo.ModDiscoverer/]: Skipping /home/runner/.gradle/caches/modules-2/files-2.1/io.netty/netty-transport-native-epoll/4.1.97.Final/54188f271e388e7f313aea995e82f58ce2cdb809/netty-transport-native-epoll-4.1.97.Final-linux-x86_64.jar because it was already located earlier
[01:00:16] [main/DEBUG] [ne.ne.fm.lo.UniqueModListBuilder/]: Found 2 mods for first modid neoforge, selecting most recent based on version data
[01:00:16] [main/DEBUG] [ne.ne.fm.lo.UniqueModListBuilder/]: Selected file neoforge-21.1.190.jar for modid neoforge with version 21.1.190
[01:00:16] [main/INFO] [ne.ne.fm.lo.mo.lo.JarInJarDependencyLocator/]: Found 2 dependencies adding them to mods collection
[01:00:16] [main/INFO] [ne.ne.fm.lo.mo.ModDiscoverer/]:
     Mod List:
		Name Version (Mod Id)

		Deep Lucky Block 1.0 (deep_lucky_block)
		Minecraft 1.21.1 (minecraft)
		NeoForge 21.1.190 (neoforge)
[01:00:16] [main/DEBUG] [ne.ne.fm.lo.mo.ModFileInfo/LOADING]: Found valid mod file neoforge-21.1.190.jar with {minecraft} mods - versions {1.21.1}
[01:00:16] [main/DEBUG] [ne.ne.fm.lo.mo.ModFile/LOADING]: Loading mod file /home/runner/work/_temp/mod-project/build/moddev/artifacts/neoforge-21.1.190.jar with languages [LanguageSpec[languageName=minecraft, acceptedVersions=1]]
[01:00:16] [main/DEBUG] [ne.ne.fm.lo.mo.ModFileParser/LOADING]: Considering mod file candidate /home/runner/work/_temp/mod-project/build/classes/java/main
[01:00:16] [main/DEBUG] [ne.ne.fm.lo.mo.ModFileInfo/LOADING]: Found valid mod file main with {deep_lucky_block} mods - versions {1.0}
[01:00:16] [main/DEBUG] [ne.ne.fm.lo.mo.ModFile/LOADING]: Loading mod file /home/runner/work/_temp/mod-project/build/classes/java/main with languages [LanguageSpec[languageName=javafml, acceptedVersions=[4,)]]
[01:00:16] [main/DEBUG] [ne.ne.fm.lo.mo.ModFile/LOADING]: Found mixin config MixinConfig[config=deep_lucky_block.mixins.json, requiredMods=[]]
[01:00:16] [main/DEBUG] [ne.ne.fm.lo.mo.ModFileParser/LOADING]: Considering mod file candidate /home/runner/work/_temp/mod-project/build/moddev/artifacts/neoforge-21.1.190.jar
[01:00:16] [main/DEBUG] [ne.ne.fm.lo.mo.ModFileInfo/LOADING]: Found valid mod file neoforge-21.1.190.jar with {neoforge} mods - versions {21.1.190}
[01:00:16] [main/DEBUG] [ne.ne.fm.lo.mo.ModFile/LOADING]: Loading mod file /home/runner/work/_temp/mod-project/build/moddev/artifacts/neoforge-21.1.190.jar with languages [LanguageSpec[languageName=javafml, acceptedVersions=[3,]]]
[01:00:16] [main/DEBUG] [ne.ne.fm.lo.mo.ModFile/LOADING]: Found mixin config MixinConfig[config=neoforge.mixins.json, requiredMods=[]]
[01:00:16] [main/DEBUG] [ne.ne.fm.lo.mo.ModFile/LOADING]: Loading mod file  with languages []
[01:00:16] [main/DEBUG] [cp.mo.mo.TransformationServiceDecorator/MODLAUNCHER]: End scan trigger - transformation service fml
[01:00:16] [main/DEBUG] [ne.ne.fm.ut.ServiceLoaderUtil/CORE]: Found 3 implementations of IModLanguageLoader:
[01:00:16] [main/DEBUG] [ne.ne.fm.ut.ServiceLoaderUtil/CORE]: 	net.neoforged.fml.javafmlmod.FMLJavaModLanguageProvider from loader-4.0.41.jar
[01:00:16] [main/DEBUG] [ne.ne.fm.ut.ServiceLoaderUtil/CORE]: 	net.neoforged.fml.lowcodemod.LowCodeModLanguageProvider from loader-4.0.41.jar
[01:00:16] [main/DEBUG] [ne.ne.fm.ut.ServiceLoaderUtil/CORE]: 	net.neoforged.fml.mclanguageprovider.MinecraftModLanguageProvider from loader-4.0.41.jar
[01:00:16] [main/DEBUG] [ne.ne.fm.lo.LanguageProviderLoader/CORE]: Found language provider javafml, version 4.0.41
[01:00:16] [main/DEBUG] [ne.ne.fm.lo.LanguageProviderLoader/CORE]: Found language provider lowcodefml, version 4.0.41
[01:00:16] [main/DEBUG] [ne.ne.fm.lo.LanguageProviderLoader/CORE]: Found language provider minecraft, version 4.0.41
[01:00:16] [main/DEBUG] [ne.ne.fm.lo.ModSorter/]: Configured system mods: [minecraft, neoforge]
[01:00:16] [main/DEBUG] [ne.ne.fm.lo.ModSorter/]: Found system mod: minecraft
[01:00:16] [main/DEBUG] [ne.ne.fm.lo.ModSorter/]: Found system mod: neoforge
[01:00:16] [main/DEBUG] [ne.ne.fm.lo.ModSorter/LOADING]: Found 2 mod requirements (2 mandatory, 0 optional)
[01:00:16] [main/DEBUG] [ne.ne.fm.lo.ModSorter/LOADING]: Found 0 mod requirements missing (0 mandatory, 0 optional)
[01:00:16] [main/DEBUG] [mixin/]: Adding mixin platform agents for container net.neoforged.fml.loading.mixin.FMLMixinContainerHandle@3e83c18
[01:00:16] [main/DEBUG] [mixin/]: Instancing new MixinPlatformAgentMinecraftForge for net.neoforged.fml.loading.mixin.FMLMixinContainerHandle@3e83c18
[01:00:16] [main/DEBUG] [mixin/]: MixinPlatformAgentMinecraftForge rejected container net.neoforged.fml.loading.mixin.FMLMixinContainerHandle@3e83c18
[01:00:16] [main/DEBUG] [mixin/]: Instancing new MixinPlatformAgentDefault for net.neoforged.fml.loading.mixin.FMLMixinContainerHandle@3e83c18
[01:00:16] [main/DEBUG] [mixin/]: MixinPlatformAgentDefault accepted container net.neoforged.fml.loading.mixin.FMLMixinContainerHandle@3e83c18
[01:00:16] [main/DEBUG] [mixin/]: Instancing new FMLMixinPlatformAgent for net.neoforged.fml.loading.mixin.FMLMixinContainerHandle@3e83c18
[01:00:16] [main/DEBUG] [mixin/]: FMLMixinPlatformAgent accepted container net.neoforged.fml.loading.mixin.FMLMixinContainerHandle@3e83c18
[01:00:16] [main/DEBUG] [cp.mo.mo.TransformationServicesHandler/MODLAUNCHER]: Transformation services loading transformers
[01:00:16] [main/DEBUG] [cp.mo.mo.TransformationServiceDecorator/MODLAUNCHER]: Initializing transformers for transformation service mixin
[01:00:16] [main/DEBUG] [cp.mo.mo.TransformationServiceDecorator/MODLAUNCHER]: Initialized transformers for transformation service mixin
[01:00:16] [main/DEBUG] [cp.mo.mo.TransformationServiceDecorator/MODLAUNCHER]: Initializing transformers for transformation service fml
[01:00:16] [main/DEBUG] [ne.ne.fm.lo.FMLServiceProvider/LOADING]: Loading coremod transformers
[01:00:16] [main/DEBUG] [ne.ne.fm.lo.FMLServiceProvider/CORE]: Not loading coremod script-engine since no mod requested it
[01:00:16] [main/DEBUG] [ne.ne.fm.ut.ServiceLoaderUtil/CORE]: Found 1 implementations of ICoreMod:
[01:00:16] [main/DEBUG] [ne.ne.fm.ut.ServiceLoaderUtil/CORE]: 	net.neoforged.neoforge.coremods.NeoForgeCoreMod from neoforge-21.1.190.jar > net.neoforged.neoforge-coremods-21.1.190.jar
[01:00:17] [main/DEBUG] [ne.ne.fm.lo.FMLServiceProvider/CORE]: Adding [Target[className=net.minecraft.world.level.biome.Biome, elementName=, elementDescriptor=, targetType=cpw.mods.modlauncher.api.TargetType@7203c7ff]] transformer from core-mod net.neoforged.neoforge.coremods.NeoForgeCoreMod@267517e4 in neoforge-21.1.190.jar > net.neoforged.neoforge-coremods-21.1.190.jar
[01:00:17] [main/DEBUG] [ne.ne.fm.lo.FMLServiceProvider/CORE]: Adding [Target[className=net.minecraft.world.level.levelgen.structure.Structure, elementName=, elementDescriptor=, targetType=cpw.mods.modlauncher.api.TargetType@7203c7ff]] transformer from core-mod net.neoforged.neoforge.coremods.NeoForgeCoreMod@267517e4 in neoforge-21.1.190.jar > net.neoforged.neoforge-coremods-21.1.190.jar
[01:00:17] [main/DEBUG] [ne.ne.fm.lo.FMLServiceProvider/CORE]: Adding [Target[className=net.minecraft.world.level.block.FlowerPotBlock, elementName=, elementDescriptor=, targetType=cpw.mods.modlauncher.api.TargetType@7203c7ff]] transformer from core-mod net.neoforged.neoforge.coremods.NeoForgeCoreMod@267517e4 in neoforge-21.1.190.jar > net.neoforged.neoforge-coremods-21.1.190.jar
[01:00:17] [main/DEBUG] [ne.ne.fm.lo.FMLServiceProvider/CORE]: Adding [Target[className=net/minecraft/world/level/NaturalSpawner, elementName=, elementDescriptor=, targetType=cpw.mods.modlauncher.api.TargetType@7203c7ff], Target[className=net/minecraft/server/commands/SummonCommand, elementName=, elementDescriptor=, targetType=cpw.mods.modlauncher.api.TargetType@7203c7ff], Target[className=net/minecraft/world/level/levelgen/PhantomSpawner, elementName=, elementDescriptor=, targetType=cpw.mods.modlauncher.api.TargetType@7203c7ff], Target[className=net/minecraft/world/level/levelgen/structure/structures/WoodlandMansionPieces$WoodlandMansionPiece, elementName=, elementDescriptor=, targetType=cpw.mods.modlauncher.api.TargetType@7203c7ff], Target[className=net/minecraft/world/entity/monster/Zombie, elementName=, elementDescriptor=, targetType=cpw.mods.modlauncher.api.TargetType@7203c7ff], Target[className=net/minecraft/world/entity/monster/Spider, elementName=, elementDescriptor=, targetType=cpw.mods.modlauncher.api.TargetType@7203c7ff], Target[className=net/minecraft/world/level/levelgen/structure/structures/OceanMonumentPieces$OceanMonumentPiece, elementName=, elementDescriptor=, targetType=cpw.mods.modlauncher.api.TargetType@7203c7ff], Target[className=net/minecraft/world/entity/monster/ZombieVillager, elementName=, elementDescriptor=, targetType=cpw.mods.modlauncher.api.TargetType@7203c7ff], Target[className=net/minecraft/world/entity/animal/frog/Tadpole, elementName=, elementDescriptor=, targetType=cpw.mods.modlauncher.api.TargetType@7203c7ff], Target[className=net/minecraft/world/level/levelgen/structure/structures/SwampHutPiece, elementName=, elementDescriptor=, targetType=cpw.mods.modlauncher.api.TargetType@7203c7ff], Target[className=net/minecraft/world/entity/animal/horse/SkeletonTrapGoal, elementName=, elementDescriptor=, targetType=cpw.mods.modlauncher.api.TargetType@7203c7ff], Target[className=net/minecraft/world/entity/raid/Raid, elementName=, elementDescriptor=, targetType=cpw.mods.modlauncher.api.TargetType@7203c7ff], Target[className=net/minecraft/world/entity/npc/Villager, elementName=, elementDescriptor=, targetType=cpw.mods.modlauncher.api.TargetType@7203c7ff], Target[className=net/minecraft/world/level/levelgen/PatrolSpawner, elementName=, elementDescriptor=, targetType=cpw.mods.modlauncher.api.TargetType@7203c7ff], Target[className=net/minecraft/server/commands/RaidCommand, elementName=, elementDescriptor=, targetType=cpw.mods.modlauncher.api.TargetType@7203c7ff], Target[className=net/minecraft/world/entity/npc/CatSpawner, elementName=, elementDescriptor=, targetType=cpw.mods.modlauncher.api.TargetType@7203c7ff], Target[className=net/minecraft/world/level/levelgen/structure/structures/OceanRuinPieces$OceanRuinPiece, elementName=, elementDescriptor=, targetType=cpw.mods.modlauncher.api.TargetType@7203c7ff], Target[className=net/minecraft/world/entity/EntityType, elementName=, elementDescriptor=, targetType=cpw.mods.modlauncher.api.TargetType@7203c7ff], Target[className=net/minecraft/world/level/levelgen/structure/templatesystem/StructureTemplate, elementName=, elementDescriptor=, targetType=cpw.mods.modlauncher.api.TargetType@7203c7ff], Target[className=net/minecraft/world/entity/monster/Strider, elementName=, elementDescriptor=, targetType=cpw.mods.modlauncher.api.TargetType@7203c7ff], Target[className=net/minecraft/world/entity/ai/village/VillageSiege, elementName=, elementDescriptor=, targetType=cpw.mods.modlauncher.api.TargetType@7203c7ff], Target[className=net/minecraft/world/entity/monster/Evoker$EvokerSummonSpellGoal, elementName=, elementDescriptor=, targetType=cpw.mods.modlauncher.api.TargetType@7203c7ff]] transformer from core-mod net.neoforged.neoforge.coremods.NeoForgeCoreMod@267517e4 in neoforge-21.1.190.jar > net.neoforged.neoforge-coremods-21.1.190.jar
[01:00:17] [main/DEBUG] [cp.mo.mo.TransformStore/MODLAUNCHER]: Adding transformer net.neoforged.neoforge.coremods.ReplaceFieldWithGetterAccess@7a24eb3 to Target : cpw.mods.modlauncher.api.TargetType@7203c7ff {Lnet/minecraft/world/level/biome/Biome;} {} {V}
[01:00:17] [main/DEBUG] [cp.mo.mo.TransformStore/MODLAUNCHER]: Adding transformer net.neoforged.neoforge.coremods.ReplaceFieldWithGetterAccess@4fe875be to Target : cpw.mods.modlauncher.api.TargetType@7203c7ff {Lnet/minecraft/world/level/levelgen/structure/Structure;} {} {V}
[01:00:17] [main/DEBUG] [cp.mo.mo.TransformStore/MODLAUNCHER]: Adding transformer net.neoforged.neoforge.coremods.ReplaceFieldWithGetterAccess@677b8e13 to Target : cpw.mods.modlauncher.api.TargetType@7203c7ff {Lnet/minecraft/world/level/block/FlowerPotBlock;} {} {V}
[01:00:17] [main/DEBUG] [cp.mo.mo.TransformStore/MODLAUNCHER]: Adding transformer net.neoforged.neoforge.coremods.MethodRedirector@4a9486c0 to Target : cpw.mods.modlauncher.api.TargetType@7203c7ff {Lnet/minecraft/world/level/NaturalSpawner;} {} {V}
[01:00:17] [main/DEBUG] [cp.mo.mo.TransformStore/MODLAUNCHER]: Adding transformer net.neoforged.neoforge.coremods.MethodRedirector@4a9486c0 to Target : cpw.mods.modlauncher.api.TargetType@7203c7ff {Lnet/minecraft/server/commands/SummonCommand;} {} {V}
[01:00:17] [main/DEBUG] [cp.mo.mo.TransformStore/MODLAUNCHER]: Adding transformer net.neoforged.neoforge.coremods.MethodRedirector@4a9486c0 to Target : cpw.mods.modlauncher.api.TargetType@7203c7ff {Lnet/minecraft/world/level/levelgen/PhantomSpawner;} {} {V}
[01:00:17] [main/DEBUG] [cp.mo.mo.TransformStore/MODLAUNCHER]: Adding transformer net.neoforged.neoforge.coremods.MethodRedirector@4a9486c0 to Target : cpw.mods.modlauncher.api.TargetType@7203c7ff {Lnet/minecraft/world/level/levelgen/structure/structures/WoodlandMansionPieces$WoodlandMansionPiece;} {} {V}
[01:00:17] [main/DEBUG] [cp.mo.mo.TransformStore/MODLAUNCHER]: Adding transformer net.neoforged.neoforge.coremods.MethodRedirector@4a9486c0 to Target : cpw.mods.modlauncher.api.TargetType@7203c7ff {Lnet/minecraft/world/entity/monster/Zombie;} {} {V}
[01:00:17] [main/DEBUG] [cp.mo.mo.TransformStore/MODLAUNCHER]: Adding transformer net.neoforged.neoforge.coremods.MethodRedirector@4a9486c0 to Target : cpw.mods.modlauncher.api.TargetType@7203c7ff {Lnet/minecraft/world/entity/monster/Spider;} {} {V}
[01:00:17] [main/DEBUG] [cp.mo.mo.TransformStore/MODLAUNCHER]: Adding transformer net.neoforged.neoforge.coremods.MethodRedirector@4a9486c0 to Target : cpw.mods.modlauncher.api.TargetType@7203c7ff {Lnet/minecraft/world/level/levelgen/structure/structures/OceanMonumentPieces$OceanMonumentPiece;} {} {V}
[01:00:17] [main/DEBUG] [cp.mo.mo.TransformStore/MODLAUNCHER]: Adding transformer net.neoforged.neoforge.coremods.MethodRedirector@4a9486c0 to Target : cpw.mods.modlauncher.api.TargetType@7203c7ff {Lnet/minecraft/world/entity/monster/ZombieVillager;} {} {V}
[01:00:17] [main/DEBUG] [cp.mo.mo.TransformStore/MODLAUNCHER]: Adding transformer net.neoforged.neoforge.coremods.MethodRedirector@4a9486c0 to Target : cpw.mods.modlauncher.api.TargetType@7203c7ff {Lnet/minecraft/world/entity/animal/frog/Tadpole;} {} {V}
[01:00:17] [main/DEBUG] [cp.mo.mo.TransformStore/MODLAUNCHER]: Adding transformer net.neoforged.neoforge.coremods.MethodRedirector@4a9486c0 to Target : cpw.mods.modlauncher.api.TargetType@7203c7ff {Lnet/minecraft/world/level/levelgen/structure/structures/SwampHutPiece;} {} {V}
[01:00:17] [main/DEBUG] [cp.mo.mo.TransformStore/MODLAUNCHER]: Adding transformer net.neoforged.neoforge.coremods.MethodRedirector@4a9486c0 to Target : cpw.mods.modlauncher.api.TargetType@7203c7ff {Lnet/minecraft/world/entity/animal/horse/SkeletonTrapGoal;} {} {V}
[01:00:17] [main/DEBUG] [cp.mo.mo.TransformStore/MODLAUNCHER]: Adding transformer net.neoforged.neoforge.coremods.MethodRedirector@4a9486c0 to Target : cpw.mods.modlauncher.api.TargetType@7203c7ff {Lnet/minecraft/world/entity/raid/Raid;} {} {V}
[01:00:17] [main/DEBUG] [cp.mo.mo.TransformStore/MODLAUNCHER]: Adding transformer net.neoforged.neoforge.coremods.MethodRedirector@4a9486c0 to Target : cpw.mods.modlauncher.api.TargetType@7203c7ff {Lnet/minecraft/world/entity/npc/Villager;} {} {V}
[01:00:17] [main/DEBUG] [cp.mo.mo.TransformStore/MODLAUNCHER]: Adding transformer net.neoforged.neoforge.coremods.MethodRedirector@4a9486c0 to Target : cpw.mods.modlauncher.api.TargetType@7203c7ff {Lnet/minecraft/world/level/levelgen/PatrolSpawner;} {} {V}
[01:00:17] [main/DEBUG] [cp.mo.mo.TransformStore/MODLAUNCHER]: Adding transformer net.neoforged.neoforge.coremods.MethodRedirector@4a9486c0 to Target : cpw.mods.modlauncher.api.TargetType@7203c7ff {Lnet/minecraft/server/commands/RaidCommand;} {} {V}
[01:00:17] [main/DEBUG] [cp.mo.mo.TransformStore/MODLAUNCHER]: Adding transformer net.neoforged.neoforge.coremods.MethodRedirector@4a9486c0 to Target : cpw.mods.modlauncher.api.TargetType@7203c7ff {Lnet/minecraft/world/entity/npc/CatSpawner;} {} {V}
[01:00:17] [main/DEBUG] [cp.mo.mo.TransformStore/MODLAUNCHER]: Adding transformer net.neoforged.neoforge.coremods.MethodRedirector@4a9486c0 to Target : cpw.mods.modlauncher.api.TargetType@7203c7ff {Lnet/minecraft/world/level/levelgen/structure/structures/OceanRuinPieces$OceanRuinPiece;} {} {V}
[01:00:17] [main/DEBUG] [cp.mo.mo.TransformStore/MODLAUNCHER]: Adding transformer net.neoforged.neoforge.coremods.MethodRedirector@4a9486c0 to Target : cpw.mods.modlauncher.api.TargetType@7203c7ff {Lnet/minecraft/world/entity/EntityType;} {} {V}
[01:00:17] [main/DEBUG] [cp.mo.mo.TransformStore/MODLAUNCHER]: Adding transformer net.neoforged.neoforge.coremods.MethodRedirector@4a9486c0 to Target : cpw.mods.modlauncher.api.TargetType@7203c7ff {Lnet/minecraft/world/level/levelgen/structure/templatesystem/StructureTemplate;} {} {V}
[01:00:17] [main/DEBUG] [cp.mo.mo.TransformStore/MODLAUNCHER]: Adding transformer net.neoforged.neoforge.coremods.MethodRedirector@4a9486c0 to Target : cpw.mods.modlauncher.api.TargetType@7203c7ff {Lnet/minecraft/world/entity/monster/Strider;} {} {V}
[01:00:17] [main/DEBUG] [cp.mo.mo.TransformStore/MODLAUNCHER]: Adding transformer net.neoforged.neoforge.coremods.MethodRedirector@4a9486c0 to Target : cpw.mods.modlauncher.api.TargetType@7203c7ff {Lnet/minecraft/world/entity/ai/village/VillageSiege;} {} {V}
[01:00:17] [main/DEBUG] [cp.mo.mo.TransformStore/MODLAUNCHER]: Adding transformer net.neoforged.neoforge.coremods.MethodRedirector@4a9486c0 to Target : cpw.mods.modlauncher.api.TargetType@7203c7ff {Lnet/minecraft/world/entity/monster/Evoker$EvokerSummonSpellGoal;} {} {V}
[01:00:17] [main/DEBUG] [cp.mo.mo.TransformationServiceDecorator/MODLAUNCHER]: Initialized transformers for transformation service fml
[01:00:17] [main/DEBUG] [mixin/]: Processing prepare() for PlatformAgent[MixinPlatformAgentDefault:ModLauncher Root Container(ModLauncher:4f56a0a2)]
[01:00:17] [main/DEBUG] [mixin/]: Processing prepare() for PlatformAgent[MixinPlatformAgentDefault:net.neoforged.fml.loading.mixin.FMLMixinContainerHandle@3e83c18]
[01:00:17] [main/DEBUG] [mixin/]: Processing prepare() for PlatformAgent[FMLMixinPlatformAgent:null]
[01:00:17] [main/DEBUG] [mixin/]: Compatibility level JAVA_21 specified by deep_lucky_block.mixins.json is higher than the maximum level supported by this version of mixin (JAVA_13).
[01:00:17] [main/INFO] [mixin/]: Compatibility level set to JAVA_21
[01:00:17] [main/DEBUG] [mixin/]: Processing launch tasks for PlatformAgent[MixinPlatformAgentDefault:ModLauncher Root Container(ModLauncher:4f56a0a2)]
[01:00:17] [main/DEBUG] [mixin/]: Adding mixin platform agents for container SecureJarResource(mixin_synthetic)
[01:00:17] [main/DEBUG] [mixin/]: Instancing new MixinPlatformAgentMinecraftForge for SecureJarResource(mixin_synthetic)
[01:00:17] [main/DEBUG] [mixin/]: MixinPlatformAgentMinecraftForge rejected container SecureJarResource(mixin_synthetic)
[01:00:17] [main/DEBUG] [mixin/]: Instancing new MixinPlatformAgentDefault for SecureJarResource(mixin_synthetic)
[01:00:17] [main/DEBUG] [mixin/]: MixinPlatformAgentDefault accepted container SecureJarResource(mixin_synthetic)
[01:00:17] [main/DEBUG] [mixin/]: Instancing new FMLMixinPlatformAgent for SecureJarResource(mixin_synthetic)
[01:00:17] [main/DEBUG] [mixin/]: FMLMixinPlatformAgent rejected container SecureJarResource(mixin_synthetic)
[01:00:17] [main/DEBUG] [mixin/]: Processing prepare() for PlatformAgent[MixinPlatformAgentDefault:SecureJarResource(mixin_synthetic)]
[01:00:17] [main/DEBUG] [mixin/]: Adding mixin platform agents for container SecureJarResource(minecraft)
[01:00:17] [main/DEBUG] [mixin/]: Instancing new MixinPlatformAgentMinecraftForge for SecureJarResource(minecraft)
[01:00:17] [main/DEBUG] [mixin/]: MixinPlatformAgentMinecraftForge rejected container SecureJarResource(minecraft)
[01:00:17] [main/DEBUG] [mixin/]: Instancing new MixinPlatformAgentDefault for SecureJarResource(minecraft)
[01:00:17] [main/DEBUG] [mixin/]: MixinPlatformAgentDefault accepted container SecureJarResource(minecraft)
[01:00:17] [main/DEBUG] [mixin/]: Instancing new FMLMixinPlatformAgent for SecureJarResource(minecraft)
[01:00:17] [main/DEBUG] [mixin/]: FMLMixinPlatformAgent rejected container SecureJarResource(minecraft)
[01:00:17] [main/DEBUG] [mixin/]: Processing prepare() for PlatformAgent[MixinPlatformAgentDefault:SecureJarResource(minecraft)]
[01:00:17] [main/DEBUG] [mixin/]: Adding mixin platform agents for container SecureJarResource(deep_lucky_block)
[01:00:17] [main/DEBUG] [mixin/]: Instancing new MixinPlatformAgentMinecraftForge for SecureJarResource(deep_lucky_block)
[01:00:17] [main/DEBUG] [mixin/]: MixinPlatformAgentMinecraftForge rejected container SecureJarResource(deep_lucky_block)
[01:00:17] [main/DEBUG] [mixin/]: Instancing new MixinPlatformAgentDefault for SecureJarResource(deep_lucky_block)
[01:00:17] [main/DEBUG] [mixin/]: MixinPlatformAgentDefault accepted container SecureJarResource(deep_lucky_block)
[01:00:17] [main/DEBUG] [mixin/]: Instancing new FMLMixinPlatformAgent for SecureJarResource(deep_lucky_block)
[01:00:17] [main/DEBUG] [mixin/]: FMLMixinPlatformAgent rejected container SecureJarResource(deep_lucky_block)
[01:00:17] [main/DEBUG] [mixin/]: Processing prepare() for PlatformAgent[MixinPlatformAgentDefault:SecureJarResource(deep_lucky_block)]
[01:00:17] [main/DEBUG] [mixin/]: Adding mixin platform agents for container SecureJarResource(mixinextras.neoforge)
[01:00:17] [main/DEBUG] [mixin/]: Instancing new MixinPlatformAgentMinecraftForge for SecureJarResource(mixinextras.neoforge)
[01:00:17] [main/DEBUG] [mixin/]: MixinPlatformAgentMinecraftForge rejected container SecureJarResource(mixinextras.neoforge)
[01:00:17] [main/DEBUG] [mixin/]: Instancing new MixinPlatformAgentDefault for SecureJarResource(mixinextras.neoforge)
[01:00:17] [main/DEBUG] [mixin/]: MixinPlatformAgentDefault accepted container SecureJarResource(mixinextras.neoforge)
[01:00:17] [main/DEBUG] [mixin/]: Instancing new FMLMixinPlatformAgent for SecureJarResource(mixinextras.neoforge)
[01:00:17] [main/DEBUG] [mixin/]: FMLMixinPlatformAgent rejected container SecureJarResource(mixinextras.neoforge)
[01:00:17] [main/DEBUG] [mixin/]: Processing prepare() for PlatformAgent[MixinPlatformAgentDefault:SecureJarResource(mixinextras.neoforge)]
[01:00:17] [main/DEBUG] [mixin/]: Registering mixin config: mixinextras.init.mixins.json source=SecureJarResource(mixinextras.neoforge)
[01:00:17] [main/DEBUG] [mixin/]: inject() running with 6 agents
[01:00:17] [main/DEBUG] [mixin/]: Processing inject() for PlatformAgent[MixinPlatformAgentDefault:ModLauncher Root Container(ModLauncher:4f56a0a2)]
[01:00:17] [main/DEBUG] [mixin/]: Processing inject() for PlatformAgent[MixinPlatformAgentDefault:net.neoforged.fml.loading.mixin.FMLMixinContainerHandle@3e83c18]
[01:00:17] [main/DEBUG] [mixin/]: Processing inject() for PlatformAgent[FMLMixinPlatformAgent:null]
[01:00:17] [main/DEBUG] [mixin/]: Processing inject() for PlatformAgent[MixinPlatformAgentDefault:SecureJarResource(mixin_synthetic)]
[01:00:17] [main/DEBUG] [mixin/]: Processing inject() for PlatformAgent[MixinPlatformAgentDefault:SecureJarResource(minecraft)]
[01:00:17] [main/DEBUG] [mixin/]: Processing inject() for PlatformAgent[MixinPlatformAgentDefault:SecureJarResource(deep_lucky_block)]
[01:00:17] [main/DEBUG] [mixin/]: Processing inject() for PlatformAgent[MixinPlatformAgentDefault:SecureJarResource(mixinextras.neoforge)]
[01:00:17] [main/INFO] [cp.mo.mo.LaunchServiceHandler/MODLAUNCHER]: Launching target 'forgeserverdev' with arguments [--gameDir, .]
[01:00:17] [main/DEBUG] [mixin/]: Preparing mixins for MixinEnvironment[DEFAULT]
[01:00:17] [main/DEBUG] [mixin/]: Selecting config deep_lucky_block.mixins.json
[01:00:17] [main/WARN] [mixin/]: Reference map 'deep_lucky_block.refmap.json' for deep_lucky_block.mixins.json could not be read. If this is a development environment you can ignore this message
[01:00:17] [main/DEBUG] [mixin/]: Selecting config neoforge.mixins.json
[01:00:17] [main/DEBUG] [mixin/]: Selecting config mixinextras.init.mixins.json
[01:00:17] [main/DEBUG] [MixinExtras|Service/]: com.llamalad7.mixinextras.service.MixinExtrasServiceImpl(version=0.4.1) is taking over from null
[01:00:17] [main/DEBUG] [mixin/]: Registering new injector for @Inject with org.spongepowered.asm.mixin.injection.struct.CallbackInjectionInfo
[01:00:17] [main/DEBUG] [mixin/]: Registering new injector for @ModifyArg with org.spongepowered.asm.mixin.injection.struct.ModifyArgInjectionInfo
[01:00:17] [main/DEBUG] [mixin/]: Registering new injector for @ModifyArgs with org.spongepowered.asm.mixin.injection.struct.ModifyArgsInjectionInfo
[01:00:17] [main/DEBUG] [mixin/]: Registering new injector for @Redirect with org.spongepowered.asm.mixin.injection.struct.RedirectInjectionInfo
[01:00:17] [main/DEBUG] [mixin/]: Registering new injector for @ModifyVariable with org.spongepowered.asm.mixin.injection.struct.ModifyVariableInjectionInfo
[01:00:17] [main/DEBUG] [mixin/]: Registering new injector for @ModifyConstant with org.spongepowered.asm.mixin.injection.struct.ModifyConstantInjectionInfo
[01:00:17] [main/DEBUG] [mixin/]: Preparing deep_lucky_block.mixins.json (5)
[01:00:17] [main/DEBUG] [mixin/]: Preparing neoforge.mixins.json (2)
[01:00:17] [main/DEBUG] [mixin/]: Preparing mixinextras.init.mixins.json (0)
[01:00:17] [main/DEBUG] [io.ne.ut.in.lo.InternalLoggerFactory/]: Using SLF4J as the default logging framework
[01:00:17] [main/DEBUG] [io.ne.ut.ResourceLeakDetector/]: -Dio.netty.leakDetection.level: simple
[01:00:17] [main/DEBUG] [io.ne.ut.ResourceLeakDetector/]: -Dio.netty.leakDetection.targetRecords: 4
[01:00:17] [main/DEBUG] [os.ut.FileUtil/]: No oshi.properties file found from ClassLoader cpw.mods.modlauncher.TransformingClassLoader@7ca0863b
[01:00:17] [main/DEBUG] [os.ut.FileUtil/]: Reading file /proc/self/auxv
[01:00:17] [main/DEBUG] [os.ut.FileUtil/]: Reading file /proc/self/auxv
[01:00:17] [main/DEBUG] [os.ut.FileUtil/]: Reading file /proc/stat
[01:00:17] [main/DEBUG] [os.ut.FileUtil/]: Reading file /sys/devices/system/cpu/cpu0/topology/core_id
[01:00:17] [main/DEBUG] [os.ut.FileUtil/]: Reading file /sys/devices/system/cpu/cpu0/topology/core_id
[01:00:17] [main/DEBUG] [os.ut.FileUtil/]: Reading file /sys/devices/system/cpu/cpu0/topology/physical_package_id
[01:00:17] [main/DEBUG] [os.ut.FileUtil/]: Reading file /sys/devices/system/cpu/cpu0/topology/physical_package_id
[01:00:17] [main/DEBUG] [os.ut.FileUtil/]: Reading file /sys/devices/system/cpu/cpu0/cpu_capacity
[01:00:17] [main/DEBUG] [os.ut.FileUtil/]: Reading file /sys/devices/system/cpu/cpu0/cpu_capacity
[01:00:17] [main/DEBUG] [os.ut.FileUtil/]: Reading file /sys/devices/system/cpu/cpu0/cache/index2/level
[01:00:17] [main/DEBUG] [os.ut.FileUtil/]: Reading file /sys/devices/system/cpu/cpu0/cache/index2/level
[01:00:17] [main/DEBUG] [os.ut.FileUtil/]: Reading file /sys/devices/system/cpu/cpu0/cache/index2/type
[01:00:17] [main/DEBUG] [os.ut.FileUtil/]: Reading file /sys/devices/system/cpu/cpu0/cache/index2/type
[01:00:17] [main/DEBUG] [os.ut.FileUtil/]: Reading file /sys/devices/system/cpu/cpu0/cache/index2/ways_of_associativity
[01:00:17] [main/DEBUG] [os.ut.FileUtil/]: Reading file /sys/devices/system/cpu/cpu0/cache/index2/ways_of_associativity
[01:00:17] [main/DEBUG] [os.ut.FileUtil/]: Reading file /sys/devices/system/cpu/cpu0/cache/index2/coherency_line_size
[01:00:17] [main/DEBUG] [os.ut.FileUtil/]: Reading file /sys/devices/system/cpu/cpu0/cache/index2/coherency_line_size
[01:00:17] [main/DEBUG] [os.ut.FileUtil/]: Reading file /sys/devices/system/cpu/cpu0/cache/index2/size
[01:00:17] [main/DEBUG] [os.ut.FileUtil/]: Reading file /sys/devices/system/cpu/cpu0/cache/index2/size
[01:00:17] [main/DEBUG] [os.ut.FileUtil/]: Reading file /sys/devices/system/cpu/cpu0/cache/index0/level
[01:00:17] [main/DEBUG] [os.ut.FileUtil/]: Reading file /sys/devices/system/cpu/cpu0/cache/index0/level
[01:00:17] [main/DEBUG] [os.ut.FileUtil/]: Reading file /sys/devices/system/cpu/cpu0/cache/index0/type
[01:00:17] [main/DEBUG] [os.ut.FileUtil/]: Reading file /sys/devices/system/cpu/cpu0/cache/index0/type
[01:00:17] [main/DEBUG] [os.ut.FileUtil/]: Reading file /sys/devices/system/cpu/cpu0/cache/index0/ways_of_associativity
[01:00:17] [main/DEBUG] [os.ut.FileUtil/]: Reading file /sys/devices/system/cpu/cpu0/cache/index0/ways_of_associativity
[01:00:17] [main/DEBUG] [os.ut.FileUtil/]: Reading file /sys/devices/system/cpu/cpu0/cache/index0/coherency_line_size
[01:00:17] [main/DEBUG] [os.ut.FileUtil/]: Reading file /sys/devices/system/cpu/cpu0/cache/index0/coherency_line_size
[01:00:17] [main/DEBUG] [os.ut.FileUtil/]: Reading file /sys/devices/system/cpu/cpu0/cache/index0/size
[01:00:17] [main/DEBUG] [os.ut.FileUtil/]: Reading file /sys/devices/system/cpu/cpu0/cache/index0/size
[01:00:17] [main/DEBUG] [os.ut.FileUtil/]: Reading file /sys/devices/system/cpu/cpu0/cache/index3/level
[01:00:17] [main/DEBUG] [os.ut.FileUtil/]: Reading file /sys/devices/system/cpu/cpu0/cache/index3/level
[01:00:17] [main/DEBUG] [os.ut.FileUtil/]: Reading file /sys/devices/system/cpu/cpu0/cache/index3/type
[01:00:17] [main/DEBUG] [os.ut.FileUtil/]: Reading file /sys/devices/system/cpu/cpu0/cache/index3/type
[01:00:17] [main/DEBUG] [os.ut.FileUtil/]: Reading file /sys/devices/system/cpu/cpu0/cache/index3/ways_of_associativity
[01:00:17] [main/DEBUG] [os.ut.FileUtil/]: Reading file /sys/devices/system/cpu/cpu0/cache/index3/ways_of_associativity
[01:00:17] [main/DEBUG] [os.ut.FileUtil/]: Reading file /sys/devices/system/cpu/cpu0/cache/index3/coherency_line_size
[01:00:17] [main/DEBUG] [os.ut.FileUtil/]: Reading file /sys/devices/system/cpu/cpu0/cache/index3/coherency_line_size
[01:00:17] [main/DEBUG] [os.ut.FileUtil/]: Reading file /sys/devices/system/cpu/cpu0/cache/index3/size
[01:00:17] [main/DEBUG] [os.ut.FileUtil/]: Reading file /sys/devices/system/cpu/cpu0/cache/index3/size
[01:00:17] [main/DEBUG] [os.ut.FileUtil/]: Reading file /sys/devices/system/cpu/cpu0/cache/index1/level
[01:00:17] [main/DEBUG] [os.ut.FileUtil/]: Reading file /sys/devices/system/cpu/cpu0/cache/index1/level
[01:00:17] [main/DEBUG] [os.ut.FileUtil/]: Reading file /sys/devices/system/cpu/cpu0/cache/index1/type
[01:00:17] [main/DEBUG] [os.ut.FileUtil/]: Reading file /sys/devices/system/cpu/cpu0/cache/index1/type
[01:00:17] [main/DEBUG] [os.ut.FileUtil/]: Reading file /sys/devices/system/cpu/cpu0/cache/index1/ways_of_associativity
[01:00:17] [main/DEBUG] [os.ut.FileUtil/]: Reading file /sys/devices/system/cpu/cpu0/cache/index1/ways_of_associativity
[01:00:17] [main/DEBUG] [os.ut.FileUtil/]: Reading file /sys/devices/system/cpu/cpu0/cache/index1/coherency_line_size
[01:00:17] [main/DEBUG] [os.ut.FileUtil/]: Reading file /sys/devices/system/cpu/cpu0/cache/index1/coherency_line_size
[01:00:17] [main/DEBUG] [os.ut.FileUtil/]: Reading file /sys/devices/system/cpu/cpu0/cache/index1/size
[01:00:17] [main/DEBUG] [os.ut.FileUtil/]: Reading file /sys/devices/system/cpu/cpu0/cache/index1/size
[01:00:17] [main/DEBUG] [os.ut.FileUtil/]: Reading file /sys/devices/system/cpu/cpu1/topology/core_id
[01:00:17] [main/DEBUG] [os.ut.FileUtil/]: Reading file /sys/devices/system/cpu/cpu1/topology/core_id
[01:00:17] [main/DEBUG] [os.ut.FileUtil/]: Reading file /sys/devices/system/cpu/cpu1/topology/physical_package_id
[01:00:17] [main/DEBUG] [os.ut.FileUtil/]: Reading file /sys/devices/system/cpu/cpu1/topology/physical_package_id
[01:00:17] [main/DEBUG] [os.ut.FileUtil/]: Reading file /sys/devices/system/cpu/cpu1/cpu_capacity
[01:00:17] [main/DEBUG] [os.ut.FileUtil/]: Reading file /sys/devices/system/cpu/cpu1/cpu_capacity
[01:00:17] [main/DEBUG] [os.ut.FileUtil/]: Reading file /sys/devices/system/cpu/cpu1/cache/index2/level
[01:00:17] [main/DEBUG] [os.ut.FileUtil/]: Reading file /sys/devices/system/cpu/cpu1/cache/index2/level
[01:00:17] [main/DEBUG] [os.ut.FileUtil/]: Reading file /sys/devices/system/cpu/cpu1/cache/index2/type
[01:00:17] [main/DEBUG] [os.ut.FileUtil/]: Reading file /sys/devices/system/cpu/cpu1/cache/index2/type
[01:00:17] [main/DEBUG] [os.ut.FileUtil/]: Reading file /sys/devices/system/cpu/cpu1/cache/index2/ways_of_associativity
[01:00:17] [main/DEBUG] [os.ut.FileUtil/]: Reading file /sys/devices/system/cpu/cpu1/cache/index2/ways_of_associativity
[01:00:17] [main/DEBUG] [os.ut.FileUtil/]: Reading file /sys/devices/system/cpu/cpu1/cache/index2/coherency_line_size
[01:00:17] [main/DEBUG] [os.ut.FileUtil/]: Reading file /sys/devices/system/cpu/cpu1/cache/index2/coherency_line_size
[01:00:17] [main/DEBUG] [os.ut.FileUtil/]: Reading file /sys/devices/system/cpu/cpu1/cache/index2/size
[01:00:17] [main/DEBUG] [os.ut.FileUtil/]: Reading file /sys/devices/system/cpu/cpu1/cache/index2/size
[01:00:17] [main/DEBUG] [os.ut.FileUtil/]: Reading file /sys/devices/system/cpu/cpu1/cache/index0/level
[01:00:17] [main/DEBUG] [os.ut.FileUtil/]: Reading file /sys/devices/system/cpu/cpu1/cache/index0/level
[01:00:17] [main/DEBUG] [os.ut.FileUtil/]: Reading file /sys/devices/system/cpu/cpu1/cache/index0/type
[01:00:17] [main/DEBUG] [os.ut.FileUtil/]: Reading file /sys/devices/system/cpu/cpu1/cache/index0/type
[01:00:17] [main/DEBUG] [os.ut.FileUtil/]: Reading file /sys/devices/system/cpu/cpu1/cache/index0/ways_of_associativity
[01:00:17] [main/DEBUG] [os.ut.FileUtil/]: Reading file /sys/devices/system/cpu/cpu1/cache/index0/ways_of_associativity
[01:00:17] [main/DEBUG] [os.ut.FileUtil/]: Reading file /sys/devices/system/cpu/cpu1/cache/index0/coherency_line_size
[01:00:17] [main/DEBUG] [os.ut.FileUtil/]: Reading file /sys/devices/system/cpu/cpu1/cache/index0/coherency_line_size
[01:00:17] [main/DEBUG] [os.ut.FileUtil/]: Reading file /sys/devices/system/cpu/cpu1/cache/index0/size
[01:00:17] [main/DEBUG] [os.ut.FileUtil/]: Reading file /sys/devices/system/cpu/cpu1/cache/index0/size
[01:00:17] [main/DEBUG] [os.ut.FileUtil/]: Reading file /sys/devices/system/cpu/cpu1/cache/index3/level
[01:00:17] [main/DEBUG] [os.ut.FileUtil/]: Reading file /sys/devices/system/cpu/cpu1/cache/index3/level
[01:00:17] [main/DEBUG] [os.ut.FileUtil/]: Reading file /sys/devices/system/cpu/cpu1/cache/index3/type
[01:00:17] [main/DEBUG] [os.ut.FileUtil/]: Reading file /sys/devices/system/cpu/cpu1/cache/index3/type
[01:00:17] [main/DEBUG] [os.ut.FileUtil/]: Reading file /sys/devices/system/cpu/cpu1/cache/index3/ways_of_associativity
[01:00:17] [main/DEBUG] [os.ut.FileUtil/]: Reading file /sys/devices/system/cpu/cpu1/cache/index3/ways_of_associativity
[01:00:17] [main/DEBUG] [os.ut.FileUtil/]: Reading file /sys/devices/system/cpu/cpu1/cache/index3/coherency_line_size
[01:00:17] [main/DEBUG] [os.ut.FileUtil/]: Reading file /sys/devices/system/cpu/cpu1/cache/index3/coherency_line_size
[01:00:17] [main/DEBUG] [os.ut.FileUtil/]: Reading file /sys/devices/system/cpu/cpu1/cache/index3/size
[01:00:17] [main/DEBUG] [os.ut.FileUtil/]: Reading file /sys/devices/system/cpu/cpu1/cache/index3/size
[01:00:17] [main/DEBUG] [os.ut.FileUtil/]: Reading file /sys/devices/system/cpu/cpu1/cache/index1/level
[01:00:17] [main/DEBUG] [os.ut.FileUtil/]: Reading file /sys/devices/system/cpu/cpu1/cache/index1/level
[01:00:17] [main/DEBUG] [os.ut.FileUtil/]: Reading file /sys/devices/system/cpu/cpu1/cache/index1/type
[01:00:17] [main/DEBUG] [os.ut.FileUtil/]: Reading file /sys/devices/system/cpu/cpu1/cache/index1/type
[01:00:17] [main/DEBUG] [os.ut.FileUtil/]: Reading file /sys/devices/system/cpu/cpu1/cache/index1/ways_of_associativity
[01:00:17] [main/DEBUG] [os.ut.FileUtil/]: Reading file /sys/devices/system/cpu/cpu1/cache/index1/ways_of_associativity
[01:00:17] [main/DEBUG] [os.ut.FileUtil/]: Reading file /sys/devices/system/cpu/cpu1/cache/index1/coherency_line_size
[01:00:17] [main/DEBUG] [os.ut.FileUtil/]: Reading file /sys/devices/system/cpu/cpu1/cache/index1/coherency_line_size
[01:00:17] [main/DEBUG] [os.ut.FileUtil/]: Reading file /sys/devices/system/cpu/cpu1/cache/index1/size
[01:00:17] [main/DEBUG] [os.ut.FileUtil/]: Reading file /sys/devices/system/cpu/cpu1/cache/index1/size
[01:00:17] [main/DEBUG] [os.ut.FileUtil/]: Reading file /sys/devices/system/cpu/cpu2/topology/core_id
[01:00:17] [main/DEBUG] [os.ut.FileUtil/]: Reading file /sys/devices/system/cpu/cpu2/topology/core_id
[01:00:17] [main/DEBUG] [os.ut.FileUtil/]: Reading file /sys/devices/system/cpu/cpu2/topology/physical_package_id
[01:00:17] [main/DEBUG] [os.ut.FileUtil/]: Reading file /sys/devices/system/cpu/cpu2/topology/physical_package_id
[01:00:17] [main/DEBUG] [os.ut.FileUtil/]: Reading file /sys/devices/system/cpu/cpu2/cpu_capacity
[01:00:17] [main/DEBUG] [os.ut.FileUtil/]: Reading file /sys/devices/system/cpu/cpu2/cpu_capacity
[01:00:17] [main/DEBUG] [os.ut.FileUtil/]: Reading file /sys/devices/system/cpu/cpu2/cache/index2/level
[01:00:17] [main/DEBUG] [os.ut.FileUtil/]: Reading file /sys/devices/system/cpu/cpu2/cache/index2/level
[01:00:17] [main/DEBUG] [os.ut.FileUtil/]: Reading file /sys/devices/system/cpu/cpu2/cache/index2/type
[01:00:17] [main/DEBUG] [os.ut.FileUtil/]: Reading file /sys/devices/system/cpu/cpu2/cache/index2/type
[01:00:17] [main/DEBUG] [os.ut.FileUtil/]: Reading file /sys/devices/system/cpu/cpu2/cache/index2/ways_of_associativity
[01:00:17] [main/DEBUG] [os.ut.FileUtil/]: Reading file /sys/devices/system/cpu/cpu2/cache/index2/ways_of_associativity
[01:00:17] [main/DEBUG] [os.ut.FileUtil/]: Reading file /sys/devices/system/cpu/cpu2/cache/index2/coherency_line_size
[01:00:17] [main/DEBUG] [os.ut.FileUtil/]: Reading file /sys/devices/system/cpu/cpu2/cache/index2/coherency_line_size
[01:00:17] [main/DEBUG] [os.ut.FileUtil/]: Reading file /sys/devices/system/cpu/cpu2/cache/index2/size
[01:00:17] [main/DEBUG] [os.ut.FileUtil/]: Reading file /sys/devices/system/cpu/cpu2/cache/index2/size
[01:00:17] [main/DEBUG] [os.ut.FileUtil/]: Reading file /sys/devices/system/cpu/cpu2/cache/index0/level
[01:00:17] [main/DEBUG] [os.ut.FileUtil/]: Reading file /sys/devices/system/cpu/cpu2/cache/index0/level
[01:00:17] [main/DEBUG] [os.ut.FileUtil/]: Reading file /sys/devices/system/cpu/cpu2/cache/index0/type
[01:00:17] [main/DEBUG] [os.ut.FileUtil/]: Reading file /sys/devices/system/cpu/cpu2/cache/index0/type
[01:00:17] [main/DEBUG] [os.ut.FileUtil/]: Reading file /sys/devices/system/cpu/cpu2/cache/index0/ways_of_associativity
[01:00:17] [main/DEBUG] [os.ut.FileUtil/]: Reading file /sys/devices/system/cpu/cpu2/cache/index0/ways_of_associativity
[01:00:17] [main/DEBUG] [os.ut.FileUtil/]: Reading file /sys/devices/system/cpu/cpu2/cache/index0/coherency_line_size
[01:00:17] [main/DEBUG] [os.ut.FileUtil/]: Reading file /sys/devices/system/cpu/cpu2/cache/index0/coherency_line_size
[01:00:17] [main/DEBUG] [os.ut.FileUtil/]: Reading file /sys/devices/system/cpu/cpu2/cache/index0/size
[01:00:17] [main/DEBUG] [os.ut.FileUtil/]: Reading file /sys/devices/system/cpu/cpu2/cache/index0/size
[01:00:17] [main/DEBUG] [os.ut.FileUtil/]: Reading file /sys/devices/system/cpu/cpu2/cache/index3/level
[01:00:17] [main/DEBUG] [os.ut.FileUtil/]: Reading file /sys/devices/system/cpu/cpu2/cache/index3/level
[01:00:17] [main/DEBUG] [os.ut.FileUtil/]: Reading file /sys/devices/system/cpu/cpu2/cache/index3/type
[01:00:17] [main/DEBUG] [os.ut.FileUtil/]: Reading file /sys/devices/system/cpu/cpu2/cache/index3/type
[01:00:17] [main/DEBUG] [os.ut.FileUtil/]: Reading file /sys/devices/system/cpu/cpu2/cache/index3/ways_of_associativity
[01:00:17] [main/DEBUG] [os.ut.FileUtil/]: Reading file /sys/devices/system/cpu/cpu2/cache/index3/ways_of_associativity
[01:00:17] [main/DEBUG] [os.ut.FileUtil/]: Reading file /sys/devices/system/cpu/cpu2/cache/index3/coherency_line_size
[01:00:17] [main/DEBUG] [os.ut.FileUtil/]: Reading file /sys/devices/system/cpu/cpu2/cache/index3/coherency_line_size
[01:00:17] [main/DEBUG] [os.ut.FileUtil/]: Reading file /sys/devices/system/cpu/cpu2/cache/index3/size
[01:00:17] [main/DEBUG] [os.ut.FileUtil/]: Reading file /sys/devices/system/cpu/cpu2/cache/index3/size
[01:00:17] [main/DEBUG] [os.ut.FileUtil/]: Reading file /sys/devices/system/cpu/cpu2/cache/index1/level
[01:00:17] [main/DEBUG] [os.ut.FileUtil/]: Reading file /sys/devices/system/cpu/cpu2/cache/index1/level
[01:00:17] [main/DEBUG] [os.ut.FileUtil/]: Reading file /sys/devices/system/cpu/cpu2/cache/index1/type
[01:00:17] [main/DEBUG] [os.ut.FileUtil/]: Reading file /sys/devices/system/cpu/cpu2/cache/index1/type
[01:00:17] [main/DEBUG] [os.ut.FileUtil/]: Reading file /sys/devices/system/cpu/cpu2/cache/index1/ways_of_associativity
[01:00:17] [main/DEBUG] [os.ut.FileUtil/]: Reading file /sys/devices/system/cpu/cpu2/cache/index1/ways_of_associativity
[01:00:17] [main/DEBUG] [os.ut.FileUtil/]: Reading file /sys/devices/system/cpu/cpu2/cache/index1/coherency_line_size
[01:00:17] [main/DEBUG] [os.ut.FileUtil/]: Reading file /sys/devices/system/cpu/cpu2/cache/index1/coherency_line_size
[01:00:17] [main/DEBUG] [os.ut.FileUtil/]: Reading file /sys/devices/system/cpu/cpu2/cache/index1/size
[01:00:17] [main/DEBUG] [os.ut.FileUtil/]: Reading file /sys/devices/system/cpu/cpu2/cache/index1/size
[01:00:17] [main/DEBUG] [os.ut.FileUtil/]: Reading file /sys/devices/system/cpu/cpu3/topology/core_id
[01:00:17] [main/DEBUG] [os.ut.FileUtil/]: Reading file /sys/devices/system/cpu/cpu3/topology/core_id
[01:00:17] [main/DEBUG] [os.ut.FileUtil/]: Reading file /sys/devices/system/cpu/cpu3/topology/physical_package_id
[01:00:17] [main/DEBUG] [os.ut.FileUtil/]: Reading file /sys/devices/system/cpu/cpu3/topology/physical_package_id
[01:00:17] [main/DEBUG] [os.ut.FileUtil/]: Reading file /sys/devices/system/cpu/cpu3/cpu_capacity
[01:00:17] [main/DEBUG] [os.ut.FileUtil/]: Reading file /sys/devices/system/cpu/cpu3/cpu_capacity
[01:00:17] [main/DEBUG] [os.ut.FileUtil/]: Reading file /sys/devices/system/cpu/cpu3/cache/index2/level
[01:00:17] [main/DEBUG] [os.ut.FileUtil/]: Reading file /sys/devices/system/cpu/cpu3/cache/index2/level
[01:00:17] [main/DEBUG] [os.ut.FileUtil/]: Reading file /sys/devices/system/cpu/cpu3/cache/index2/type
[01:00:17] [main/DEBUG] [os.ut.FileUtil/]: Reading file /sys/devices/system/cpu/cpu3/cache/index2/type
[01:00:17] [main/DEBUG] [os.ut.FileUtil/]: Reading file /sys/devices/system/cpu/cpu3/cache/index2/ways_of_associativity
[01:00:17] [main/DEBUG] [os.ut.FileUtil/]: Reading file /sys/devices/system/cpu/cpu3/cache/index2/ways_of_associativity
[01:00:17] [main/DEBUG] [os.ut.FileUtil/]: Reading file /sys/devices/system/cpu/cpu3/cache/index2/coherency_line_size
[01:00:17] [main/DEBUG] [os.ut.FileUtil/]: Reading file /sys/devices/system/cpu/cpu3/cache/index2/coherency_line_size
[01:00:17] [main/DEBUG] [os.ut.FileUtil/]: Reading file /sys/devices/system/cpu/cpu3/cache/index2/size
[01:00:17] [main/DEBUG] [os.ut.FileUtil/]: Reading file /sys/devices/system/cpu/cpu3/cache/index2/size
[01:00:17] [main/DEBUG] [os.ut.FileUtil/]: Reading file /sys/devices/system/cpu/cpu3/cache/index0/level
[01:00:17] [main/DEBUG] [os.ut.FileUtil/]: Reading file /sys/devices/system/cpu/cpu3/cache/index0/level
[01:00:17] [main/DEBUG] [os.ut.FileUtil/]: Reading file /sys/devices/system/cpu/cpu3/cache/index0/type
[01:00:17] [main/DEBUG] [os.ut.FileUtil/]: Reading file /sys/devices/system/cpu/cpu3/cache/index0/type
[01:00:17] [main/DEBUG] [os.ut.FileUtil/]: Reading file /sys/devices/system/cpu/cpu3/cache/index0/ways_of_associativity
[01:00:17] [main/DEBUG] [os.ut.FileUtil/]: Reading file /sys/devices/system/cpu/cpu3/cache/index0/ways_of_associativity
[01:00:17] [main/DEBUG] [os.ut.FileUtil/]: Reading file /sys/devices/system/cpu/cpu3/cache/index0/coherency_line_size
[01:00:17] [main/DEBUG] [os.ut.FileUtil/]: Reading file /sys/devices/system/cpu/cpu3/cache/index0/coherency_line_size
[01:00:17] [main/DEBUG] [os.ut.FileUtil/]: Reading file /sys/devices/system/cpu/cpu3/cache/index0/size
[01:00:17] [main/DEBUG] [os.ut.FileUtil/]: Reading file /sys/devices/system/cpu/cpu3/cache/index0/size
[01:00:17] [main/DEBUG] [os.ut.FileUtil/]: Reading file /sys/devices/system/cpu/cpu3/cache/index3/level
[01:00:17] [main/DEBUG] [os.ut.FileUtil/]: Reading file /sys/devices/system/cpu/cpu3/cache/index3/level
[01:00:17] [main/DEBUG] [os.ut.FileUtil/]: Reading file /sys/devices/system/cpu/cpu3/cache/index3/type
[01:00:17] [main/DEBUG] [os.ut.FileUtil/]: Reading file /sys/devices/system/cpu/cpu3/cache/index3/type
[01:00:17] [main/DEBUG] [os.ut.FileUtil/]: Reading file /sys/devices/system/cpu/cpu3/cache/index3/ways_of_associativity
[01:00:17] [main/DEBUG] [os.ut.FileUtil/]: Reading file /sys/devices/system/cpu/cpu3/cache/index3/ways_of_associativity
[01:00:17] [main/DEBUG] [os.ut.FileUtil/]: Reading file /sys/devices/system/cpu/cpu3/cache/index3/coherency_line_size
[01:00:17] [main/DEBUG] [os.ut.FileUtil/]: Reading file /sys/devices/system/cpu/cpu3/cache/index3/coherency_line_size
[01:00:17] [main/DEBUG] [os.ut.FileUtil/]: Reading file /sys/devices/system/cpu/cpu3/cache/index3/size
[01:00:17] [main/DEBUG] [os.ut.FileUtil/]: Reading file /sys/devices/system/cpu/cpu3/cache/index3/size
[01:00:17] [main/DEBUG] [os.ut.FileUtil/]: Reading file /sys/devices/system/cpu/cpu3/cache/index1/level
[01:00:17] [main/DEBUG] [os.ut.FileUtil/]: Reading file /sys/devices/system/cpu/cpu3/cache/index1/level
[01:00:17] [main/DEBUG] [os.ut.FileUtil/]: Reading file /sys/devices/system/cpu/cpu3/cache/index1/type
[01:00:17] [main/DEBUG] [os.ut.FileUtil/]: Reading file /sys/devices/system/cpu/cpu3/cache/index1/type
[01:00:17] [main/DEBUG] [os.ut.FileUtil/]: Reading file /sys/devices/system/cpu/cpu3/cache/index1/ways_of_associativity
[01:00:17] [main/DEBUG] [os.ut.FileUtil/]: Reading file /sys/devices/system/cpu/cpu3/cache/index1/ways_of_associativity
[01:00:17] [main/DEBUG] [os.ut.FileUtil/]: Reading file /sys/devices/system/cpu/cpu3/cache/index1/coherency_line_size
[01:00:17] [main/DEBUG] [os.ut.FileUtil/]: Reading file /sys/devices/system/cpu/cpu3/cache/index1/coherency_line_size
[01:00:17] [main/DEBUG] [os.ut.FileUtil/]: Reading file /sys/devices/system/cpu/cpu3/cache/index1/size
[01:00:17] [main/DEBUG] [os.ut.FileUtil/]: Reading file /sys/devices/system/cpu/cpu3/cache/index1/size
[01:00:17] [main/DEBUG] [os.ut.FileUtil/]: Reading file /proc/cpuinfo
[01:00:18] [main/DEBUG] [os.ut.FileUtil/]: Reading file /proc/self/auxv
[01:00:18] [main/DEBUG] [os.ut.FileUtil/]: No oshi.architecture.properties file found from ClassLoader cpw.mods.modlauncher.TransformingClassLoader@7ca0863b
[01:00:18] [main/DEBUG] [os.ut.FileUtil/]: Reading file /proc/meminfo
[01:00:18] [main/DEBUG] [os.ut.FileUtil/]: Reading file /proc/meminfo
[01:00:18] [main/INFO] [MixinExtras|Service/]: Initializing MixinExtras via com.llamalad7.mixinextras.service.MixinExtrasServiceImpl(version=0.4.1).
[01:00:18] [main/DEBUG] [mixin/]: Registering new injector for @SugarWrapper with com.llamalad7.mixinextras.sugar.impl.SugarWrapperInjectionInfo
[01:00:18] [main/DEBUG] [mixin/]: Registering new injector for @FactoryRedirectWrapper with com.llamalad7.mixinextras.wrapper.factory.FactoryRedirectWrapperInjectionInfo
[01:00:18] [main/DEBUG] [mixin/]: Mixing MappedRegistryAccessor from neoforge.mixins.json into net.minecraft.core.MappedRegistry
[01:00:19] [main/DEBUG] [mixin/]: Mixing BlockEntityTypeAccessor from neoforge.mixins.json into net.minecraft.world.level.block.entity.BlockEntityType
[01:00:20] [main/DEBUG] [io.ne.ut.in.PlatformDependent0/]: -Dio.netty.noUnsafe: false
[01:00:20] [main/DEBUG] [io.ne.ut.in.PlatformDependent0/]: Java version: 21
[01:00:20] [main/DEBUG] [io.ne.ut.in.PlatformDependent0/]: sun.misc.Unsafe.theUnsafe: available
[01:00:20] [main/DEBUG] [io.ne.ut.in.PlatformDependent0/]: sun.misc.Unsafe.copyMemory: available
[01:00:20] [main/DEBUG] [io.ne.ut.in.PlatformDependent0/]: sun.misc.Unsafe.storeFence: available
[01:00:20] [main/DEBUG] [io.ne.ut.in.PlatformDependent0/]: java.nio.Buffer.address: available
[01:00:20] [main/DEBUG] [io.ne.ut.in.PlatformDependent0/]: direct buffer constructor: unavailable: Reflective setAccessible(true) disabled
[01:00:20] [main/DEBUG] [io.ne.ut.in.PlatformDependent0/]: java.nio.Bits.unaligned: available, true
[01:00:20] [main/DEBUG] [io.ne.ut.in.PlatformDependent0/]: jdk.internal.misc.Unsafe.allocateUninitializedArray(int): unavailable: class io.netty.util.internal.PlatformDependent0$7 (in module io.netty.common) cannot access class jdk.internal.misc.Unsafe (in module java.base) because module java.base does not export jdk.internal.misc to module io.netty.common
[01:00:20] [main/DEBUG] [io.ne.ut.in.PlatformDependent0/]: java.nio.DirectByteBuffer.<init>(long, {int,long}): unavailable
[01:00:20] [main/DEBUG] [io.ne.ut.in.PlatformDependent/]: sun.misc.Unsafe: available
[01:00:20] [main/DEBUG] [io.ne.ut.in.PlatformDependent/]: maxDirectMemory: 2147483648 bytes (maybe)
[01:00:20] [main/DEBUG] [io.ne.ut.in.PlatformDependent/]: -Dio.netty.tmpdir: /tmp (java.io.tmpdir)
[01:00:20] [main/DEBUG] [io.ne.ut.in.PlatformDependent/]: -Dio.netty.bitMode: 64 (sun.arch.data.model)
[01:00:20] [main/DEBUG] [io.ne.ut.in.PlatformDependent/]: -Dio.netty.maxDirectMemory: -1 bytes
[01:00:20] [main/DEBUG] [io.ne.ut.in.PlatformDependent/]: -Dio.netty.uninitializedArrayAllocationThreshold: -1
[01:00:20] [main/DEBUG] [io.ne.ut.in.CleanerJava9/]: java.nio.ByteBuffer.cleaner(): available
[01:00:20] [main/DEBUG] [io.ne.ut.in.PlatformDependent/]: -Dio.netty.noPreferDirect: false
[01:00:22] [main/WARN] [minecraft/Commands]: Ambiguity between arguments [teleport, location] and [teleport, destination] with inputs: [0.1 -0.5 .9, 0 0 0]
[01:00:22] [main/WARN] [minecraft/Commands]: Ambiguity between arguments [teleport, location] and [teleport, targets] with inputs: [0.1 -0.5 .9, 0 0 0]
[01:00:22] [main/WARN] [minecraft/Commands]: Ambiguity between arguments [teleport, destination] and [teleport, targets] with inputs: [Player, 0123, @e, dd12be42-52a9-4a91-a8a1-11c01849e498]
[01:00:22] [main/WARN] [minecraft/Commands]: Ambiguity between arguments [teleport, targets] and [teleport, destination] with inputs: [Player, 0123, dd12be42-52a9-4a91-a8a1-11c01849e498]
[01:00:22] [main/WARN] [minecraft/Commands]: Ambiguity between arguments [teleport, targets, location] and [teleport, targets, destination] with inputs: [0.1 -0.5 .9, 0 0 0]
[01:00:22] [main/DEBUG] [ne.ne.fm.ModWorkManager/LOADING]: Using 2 threads for parallel mod-loading
[01:00:22] [main/DEBUG] [ne.ne.fm.ja.FMLModContainer/LOADING]: Creating FMLModContainer instance for [deepluckyblock.DeepLuckyBlockMod]
[01:00:22] [main/DEBUG] [ne.ne.fm.ja.FMLModContainer/LOADING]: Creating FMLModContainer instance for [net.neoforged.neoforge.common.NeoForgeMod]
[01:00:22] [modloading-worker-0/DEBUG] [ne.ne.ne.in.ve.ne.NeoForgeVersion/CORE]: Found NeoForge version 21.1.190
[01:00:22] [modloading-worker-0/DEBUG] [ne.ne.ne.in.ve.ne.NeoForgeVersion/CORE]: Found FML version 4.0.41
[01:00:22] [modloading-worker-0/INFO] [ne.ne.ne.co.NeoForgeMod/NEOFORGE-MOD]: NeoForge mod loading, version 21.1.190, for MC 1.21.1
[01:00:22] [modloading-worker-0/DEBUG] [ne.ne.fm.co.ConfigTracker/CONFIG]: Config file neoforge-client.toml for neoforge tracking
[01:00:22] [modloading-worker-0/DEBUG] [ne.ne.fm.co.ConfigTracker/CONFIG]: Config file neoforge-server.toml for neoforge tracking
[01:00:22] [modloading-worker-0/DEBUG] [ne.ne.fm.co.ConfigTracker/CONFIG]: Config file neoforge-common.toml for neoforge tracking
[01:00:22] [modloading-worker-0/INFO] [de.co.DeepMixinBootstrap/]: [DeepMixinBootstrap] deep_lucky_block.mixins.json est embarqué (union), non modifiable.
[01:00:22] [modloading-worker-0/DEBUG] [ne.ne.fm.co.ConfigTracker/CONFIG]: Config file deep_lucky_block-tillage_boot.toml for deep_lucky_block tracking
[01:00:22] [modloading-worker-0/DEBUG] [ne.ne.fm.co.ConfigTracker/CONFIG]: Config file deep_lucky_block-core_collection.toml for deep_lucky_block tracking
[01:00:22] [modloading-worker-0/DEBUG] [ne.ne.fm.co.ConfigTracker/CONFIG]: Config file deep_lucky_block-crop_harvest.toml for deep_lucky_block tracking
[01:00:22] [modloading-worker-0/DEBUG] [ne.ne.fm.co.ConfigTracker/CONFIG]: Config file deep_lucky_block-ore_detector.toml for deep_lucky_block tracking
[01:00:22] [modloading-worker-0/DEBUG] [ne.ne.fm.co.ConfigTracker/CONFIG]: Config file deep_lucky_block-range_foot_block.toml for deep_lucky_block tracking
[01:00:22] [modloading-worker-0/DEBUG] [ne.ne.fm.co.ConfigTracker/CONFIG]: Config file deep_lucky_block-transfer.toml for deep_lucky_block tracking
[01:00:22] [modloading-worker-0/DEBUG] [ne.ne.fm.co.ConfigTracker/CONFIG]: Config file deep_lucky_block-weed_removal.toml for deep_lucky_block tracking
[01:00:22] [modloading-worker-0/DEBUG] [ne.ne.fm.co.ConfigTracker/CONFIG]: Config file deep_lucky_block-luck_infusion.toml for deep_lucky_block tracking
[01:00:22] [modloading-worker-0/DEBUG] [ne.ne.fm.co.ConfigTracker/CONFIG]: Config file deep_lucky_block-lucky_drop.toml for deep_lucky_block tracking
[01:00:22] [modloading-worker-0/DEBUG] [ne.ne.fm.ja.AutomaticEventSubscriber/LOADING]: Attempting to inject @EventBusSubscriber classes into the eventbus for deep_lucky_block
[01:00:22] [modloading-worker-0/DEBUG] [ne.ne.fm.ja.AutomaticEventSubscriber/LOADING]: Scanning class deepluckyblock.procedures.LuckyChestAutofillProcedure for @SubscribeEvent-annotated methods
[01:00:22] [modloading-worker-0/DEBUG] [ne.ne.fm.ja.AutomaticEventSubscriber/]: Subscribing @EventBusSubscriber class Ldeepluckyblock/procedures/LuckyChestAutofillProcedure; to the game event bus
[01:00:22] [modloading-worker-0/DEBUG] [ne.ne.fm.ja.AutomaticEventSubscriber/LOADING]: Scanning class deepluckyblock.procedures.CrimsonLakeStructureSpawnProcedure for @SubscribeEvent-annotated methods
[01:00:22] [modloading-worker-0/DEBUG] [ne.ne.fm.ja.AutomaticEventSubscriber/LOADING]: Attempting to inject @EventBusSubscriber classes into the eventbus for neoforge
[01:00:22] [modloading-worker-0/DEBUG] [ne.ne.fm.ja.AutomaticEventSubscriber/LOADING]: Scanning class net.neoforged.neoforge.network.filters.GenericPacketSplitter for @SubscribeEvent-annotated methods
[01:00:22] [modloading-worker-0/DEBUG] [ne.ne.fm.ja.AutomaticEventSubscriber/]: Subscribing @EventBusSubscriber class Ldeepluckyblock/procedures/CrimsonLakeStructureSpawnProcedure; to the game event bus
[01:00:22] [modloading-worker-0/DEBUG] [ne.ne.fm.ja.AutomaticEventSubscriber/LOADING]: Scanning class deepluckyblock.procedures.SpawnBobCommand$Registration for @SubscribeEvent-annotated methods
[01:00:22] [modloading-worker-0/DEBUG] [ne.ne.fm.ja.AutomaticEventSubscriber/]: Subscribing @EventBusSubscriber class Ldeepluckyblock/procedures/SpawnBobCommand$Registration; to the game event bus
[01:00:22] [modloading-worker-0/DEBUG] [ne.ne.fm.ja.AutomaticEventSubscriber/LOADING]: Scanning class deepluckyblock.procedures.FeatherFallingFixProcedure for @SubscribeEvent-annotated methods
[01:00:22] [modloading-worker-0/DEBUG] [ne.ne.fm.ja.AutomaticEventSubscriber/]: Subscribing @EventBusSubscriber class Ldeepluckyblock/procedures/FeatherFallingFixProcedure; to the game event bus
[01:00:22] [modloading-worker-0/DEBUG] [ne.ne.fm.ja.AutomaticEventSubscriber/LOADING]: Scanning class deepluckyblock.procedures.TestProcedure for @SubscribeEvent-annotated methods
[01:00:22] [modloading-worker-0/DEBUG] [io.ne.bu.AbstractByteBuf/]: -Dio.netty.buffer.checkAccessible: true
[01:00:22] [modloading-worker-0/DEBUG] [io.ne.bu.AbstractByteBuf/]: -Dio.netty.buffer.checkBounds: true
[01:00:22] [modloading-worker-0/DEBUG] [io.ne.ut.ResourceLeakDetectorFactory/]: Loaded default ResourceLeakDetector: io.netty.util.ResourceLeakDetector@47d54baf
[01:00:22] [modloading-worker-0/DEBUG] [ne.ne.fm.ja.AutomaticEventSubscriber/]: Subscribing @EventBusSubscriber class Ldeepluckyblock/procedures/TestProcedure; to the game event bus
[01:00:22] [modloading-worker-0/DEBUG] [ne.ne.fm.ja.AutomaticEventSubscriber/LOADING]: Scanning class deepluckyblock.procedures.Structures4Procedure for @SubscribeEvent-annotated methods
[01:00:22] [modloading-worker-0/DEBUG] [io.ne.ut.in.InternalThreadLocalMap/]: -Dio.netty.threadLocalMap.stringBuilder.initialSize: 1024
[01:00:22] [modloading-worker-0/DEBUG] [io.ne.ut.in.InternalThreadLocalMap/]: -Dio.netty.threadLocalMap.stringBuilder.maxSize: 4096
[01:00:22] [modloading-worker-0/DEBUG] [io.ne.bu.PooledByteBufAllocator/]: -Dio.netty.allocator.numHeapArenas: 4
[01:00:22] [modloading-worker-0/DEBUG] [io.ne.bu.PooledByteBufAllocator/]: -Dio.netty.allocator.numDirectArenas: 4
[01:00:22] [modloading-worker-0/DEBUG] [io.ne.bu.PooledByteBufAllocator/]: -Dio.netty.allocator.pageSize: 8192
[01:00:22] [modloading-worker-0/DEBUG] [io.ne.bu.PooledByteBufAllocator/]: -Dio.netty.allocator.maxOrder: 9
[01:00:22] [modloading-worker-0/DEBUG] [ne.ne.fm.ja.AutomaticEventSubscriber/]: Subscribing @EventBusSubscriber class Ldeepluckyblock/procedures/Structures4Procedure; to the game event bus
[01:00:22] [modloading-worker-0/DEBUG] [io.ne.bu.PooledByteBufAllocator/]: -Dio.netty.allocator.chunkSize: 4194304
[01:00:22] [modloading-worker-0/DEBUG] [io.ne.bu.PooledByteBufAllocator/]: -Dio.netty.allocator.smallCacheSize: 256
[01:00:22] [modloading-worker-0/DEBUG] [io.ne.bu.PooledByteBufAllocator/]: -Dio.netty.allocator.normalCacheSize: 64
[01:00:22] [modloading-worker-0/DEBUG] [io.ne.bu.PooledByteBufAllocator/]: -Dio.netty.allocator.maxCachedBufferCapacity: 32768
[01:00:22] [modloading-worker-0/DEBUG] [io.ne.bu.PooledByteBufAllocator/]: -Dio.netty.allocator.cacheTrimInterval: 8192
[01:00:22] [modloading-worker-0/DEBUG] [io.ne.bu.PooledByteBufAllocator/]: -Dio.netty.allocator.cacheTrimIntervalMillis: 0
[01:00:22] [modloading-worker-0/DEBUG] [ne.ne.fm.ja.AutomaticEventSubscriber/LOADING]: Scanning class deepluckyblock.procedures.SupremeLuckyBlockDropProcedure for @SubscribeEvent-annotated methods
[01:00:22] [modloading-worker-0/DEBUG] [io.ne.bu.PooledByteBufAllocator/]: -Dio.netty.allocator.useCacheForAllThreads: false
[01:00:22] [modloading-worker-0/DEBUG] [io.ne.bu.PooledByteBufAllocator/]: -Dio.netty.allocator.maxCachedByteBuffersPerChunk: 1023
[01:00:22] [modloading-worker-0/DEBUG] [ne.ne.fm.ja.AutomaticEventSubscriber/]: Subscribing @EventBusSubscriber class Ldeepluckyblock/procedures/SupremeLuckyBlockDropProcedure; to the game event bus
[01:00:22] [modloading-worker-0/DEBUG] [ne.ne.fm.ja.AutomaticEventSubscriber/LOADING]: Scanning class deepluckyblock.procedures.GenerateLuckyItemProcedure for @SubscribeEvent-annotated methods
[01:00:22] [modloading-worker-0/DEBUG] [io.ne.bu.ByteBufUtil/]: -Dio.netty.allocator.type: pooled
[01:00:22] [modloading-worker-0/DEBUG] [io.ne.bu.ByteBufUtil/]: -Dio.netty.threadLocalDirectBufferSize: 0
[01:00:22] [modloading-worker-0/DEBUG] [io.ne.bu.ByteBufUtil/]: -Dio.netty.maxThreadLocalCharBufferSize: 16384
[01:00:22] [modloading-worker-0/DEBUG] [ne.ne.fm.ja.AutomaticEventSubscriber/]: Subscribing @EventBusSubscriber class Ldeepluckyblock/procedures/GenerateLuckyItemProcedure; to the game event bus
[01:00:22] [modloading-worker-0/DEBUG] [ne.ne.fm.ja.AutomaticEventSubscriber/LOADING]: Scanning class deepluckyblock.procedures.HeartTestCommand for @SubscribeEvent-annotated methods
[01:00:22] [modloading-worker-0/DEBUG] [ne.ne.fm.ja.AutomaticEventSubscriber/]: Subscribing @EventBusSubscriber class Ldeepluckyblock/procedures/HeartTestCommand; to the game event bus
[01:00:22] [modloading-worker-0/DEBUG] [ne.ne.fm.ja.AutomaticEventSubscriber/]: Subscribing @EventBusSubscriber class Lnet/neoforged/neoforge/network/filters/GenericPacketSplitter; to the mod event bus of mod neoforge
[01:00:22] [modloading-worker-0/DEBUG] [ne.ne.fm.ja.AutomaticEventSubscriber/LOADING]: Scanning class deepluckyblock.procedures.GenerateBadProcedure for @SubscribeEvent-annotated methods
[01:00:22] [modloading-worker-0/DEBUG] [ne.ne.fm.ja.AutomaticEventSubscriber/LOADING]: Scanning class net.neoforged.neoforge.network.NetworkInitialization for @SubscribeEvent-annotated methods
[01:00:22] [modloading-worker-0/DEBUG] [ne.ne.fm.ja.AutomaticEventSubscriber/]: Subscribing @EventBusSubscriber class Lnet/neoforged/neoforge/network/NetworkInitialization; to the mod event bus of mod neoforge
[01:00:22] [modloading-worker-0/DEBUG] [ne.ne.fm.ja.AutomaticEventSubscriber/LOADING]: Scanning class net.neoforged.neoforge.network.ConfigurationInitialization for @SubscribeEvent-annotated methods
[01:00:22] [modloading-worker-0/DEBUG] [ne.ne.fm.ja.AutomaticEventSubscriber/]: Subscribing @EventBusSubscriber class Lnet/neoforged/neoforge/network/ConfigurationInitialization; to the mod event bus of mod neoforge
[01:00:22] [modloading-worker-0/DEBUG] [ne.ne.fm.ja.AutomaticEventSubscriber/LOADING]: Scanning class net.neoforged.neoforge.common.MonsterRoomHooks for @SubscribeEvent-annotated methods
[01:00:22] [modloading-worker-0/DEBUG] [ne.ne.fm.ja.AutomaticEventSubscriber/]: Subscribing @EventBusSubscriber class Lnet/neoforged/neoforge/common/MonsterRoomHooks; to the game event bus
[01:00:22] [modloading-worker-0/DEBUG] [ne.ne.fm.ja.AutomaticEventSubscriber/LOADING]: Scanning class net.neoforged.neoforge.common.DeferredSpawnEggItem$CommonHandler for @SubscribeEvent-annotated methods
[01:00:22] [modloading-worker-0/DEBUG] [ne.ne.fm.ja.AutomaticEventSubscriber/]: Subscribing @EventBusSubscriber class Lnet/neoforged/neoforge/common/DeferredSpawnEggItem$CommonHandler; to the mod event bus of mod neoforge
[01:00:22] [modloading-worker-0/DEBUG] [ne.ne.fm.ja.AutomaticEventSubscriber/LOADING]: Scanning class net.neoforged.neoforge.attachment.AttachmentInternals for @SubscribeEvent-annotated methods
[01:00:22] [modloading-worker-0/DEBUG] [ne.ne.fm.ja.AutomaticEventSubscriber/]: Subscribing @EventBusSubscriber class Lnet/neoforged/neoforge/attachment/AttachmentInternals; to the game event bus
[01:00:22] [modloading-worker-0/DEBUG] [ne.ne.fm.ja.AutomaticEventSubscriber/]: Subscribing @EventBusSubscriber class Ldeepluckyblock/procedures/GenerateBadProcedure; to the game event bus
[01:00:22] [modloading-worker-0/DEBUG] [ne.ne.fm.ja.AutomaticEventSubscriber/LOADING]: Scanning class deepluckyblock.procedures.SanctuarySpawnerEquipProcedure for @SubscribeEvent-annotated methods
[01:00:22] [modloading-worker-0/DEBUG] [ne.ne.fm.ja.AutomaticEventSubscriber/]: Subscribing @EventBusSubscriber class Ldeepluckyblock/procedures/SanctuarySpawnerEquipProcedure; to the game event bus
[01:00:22] [modloading-worker-0/DEBUG] [ne.ne.fm.ja.AutomaticEventSubscriber/LOADING]: Scanning class deepluckyblock.procedures.GlintCommand for @SubscribeEvent-annotated methods
[01:00:22] [modloading-worker-0/DEBUG] [ne.ne.fm.ja.AutomaticEventSubscriber/]: Subscribing @EventBusSubscriber class Ldeepluckyblock/procedures/GlintCommand; to the game event bus
[01:00:22] [modloading-worker-0/DEBUG] [ne.ne.fm.ja.AutomaticEventSubscriber/LOADING]: Scanning class deepluckyblock.procedures.Structures5Procedure for @SubscribeEvent-annotated methods
[01:00:22] [modloading-worker-0/DEBUG] [ne.ne.fm.ja.AutomaticEventSubscriber/]: Subscribing @EventBusSubscriber class Ldeepluckyblock/procedures/Structures5Procedure; to the game event bus
[01:00:22] [modloading-worker-0/DEBUG] [ne.ne.fm.ja.AutomaticEventSubscriber/LOADING]: Scanning class deepluckyblock.procedures.EnchantmentAuditCommand for @SubscribeEvent-annotated methods
[01:00:22] [modloading-worker-0/DEBUG] [ne.ne.fm.ja.AutomaticEventSubscriber/]: Subscribing @EventBusSubscriber class Ldeepluckyblock/procedures/EnchantmentAuditCommand; to the game event bus
[01:00:22] [modloading-worker-0/DEBUG] [ne.ne.fm.ja.AutomaticEventSubscriber/LOADING]: Scanning class deepluckyblock.procedures.BobFishingHookProcedure for @SubscribeEvent-annotated methods
[01:00:22] [modloading-worker-0/DEBUG] [ne.ne.fm.ja.AutomaticEventSubscriber/]: Subscribing @EventBusSubscriber class Ldeepluckyblock/procedures/BobFishingHookProcedure; to the game event bus
[01:00:22] [modloading-worker-0/DEBUG] [ne.ne.fm.ja.AutomaticEventSubscriber/LOADING]: Scanning class deepluckyblock.SlbDiagnostics for @SubscribeEvent-annotated methods
[01:00:22] [modloading-worker-0/DEBUG] [ne.ne.fm.ja.AutomaticEventSubscriber/]: Subscribing @EventBusSubscriber class Ldeepluckyblock/SlbDiagnostics; to the game event bus
[01:00:22] [modloading-worker-0/DEBUG] [ne.ne.fm.ja.AutomaticEventSubscriber/LOADING]: Scanning class deepluckyblock.network.DeepLuckyBlockModVariables for @SubscribeEvent-annotated methods
[01:00:22] [modloading-worker-0/DEBUG] [ne.ne.fm.ja.AutomaticEventSubscriber/]: Subscribing @EventBusSubscriber class Ldeepluckyblock/network/DeepLuckyBlockModVariables; to the mod event bus of mod deep_lucky_block
[01:00:22] [modloading-worker-0/DEBUG] [ne.ne.fm.ja.AutomaticEventSubscriber/LOADING]: Scanning class deepluckyblock.network.DeepPayloads for @SubscribeEvent-annotated methods
[01:00:22] [modloading-worker-0/DEBUG] [ne.ne.fm.ja.AutomaticEventSubscriber/]: Subscribing @EventBusSubscriber class Ldeepluckyblock/network/DeepPayloads; to the mod event bus of mod deep_lucky_block
[01:00:22] [modloading-worker-0/DEBUG] [ne.ne.fm.ja.AutomaticEventSubscriber/LOADING]: Scanning class deepluckyblock.network.DeepLuckyBlockModVariables$EventBusVariableHandlers for @SubscribeEvent-annotated methods
[01:00:22] [modloading-worker-0/DEBUG] [ne.ne.fm.ja.AutomaticEventSubscriber/]: Subscribing @EventBusSubscriber class Ldeepluckyblock/network/DeepLuckyBlockModVariables$EventBusVariableHandlers; to the game event bus
[01:00:22] [modloading-worker-0/DEBUG] [ne.ne.fm.ja.AutomaticEventSubscriber/LOADING]: Scanning class deepluckyblock.enchantments.FishingTridentElytraHandler for @SubscribeEvent-annotated methods
[01:00:22] [modloading-worker-0/DEBUG] [ne.ne.fm.ja.AutomaticEventSubscriber/]: Subscribing @EventBusSubscriber class Ldeepluckyblock/enchantments/FishingTridentElytraHandler; to the game event bus
[01:00:22] [modloading-worker-0/DEBUG] [ne.ne.fm.ja.AutomaticEventSubscriber/LOADING]: Scanning class deepluckyblock.enchantments.EquipmentExpansionHandler for @SubscribeEvent-annotated methods
[01:00:22] [modloading-worker-0/DEBUG] [ne.ne.fm.ja.AutomaticEventSubscriber/]: Subscribing @EventBusSubscriber class Ldeepluckyblock/enchantments/EquipmentExpansionHandler; to the game event bus
[01:00:22] [modloading-worker-0/DEBUG] [ne.ne.fm.ja.AutomaticEventSubscriber/LOADING]: Scanning class deepluckyblock.enchantments.RealAttributeModifierHandler for @SubscribeEvent-annotated methods
[01:00:22] [modloading-worker-0/DEBUG] [ne.ne.fm.ja.AutomaticEventSubscriber/]: Subscribing @EventBusSubscriber class Ldeepluckyblock/enchantments/RealAttributeModifierHandler; to the game event bus
[01:00:22] [modloading-worker-0/DEBUG] [ne.ne.fm.ja.AutomaticEventSubscriber/LOADING]: Scanning class deepluckyblock.enchantments.UniversalEnchantmentHandler for @SubscribeEvent-annotated methods
[01:00:22] [modloading-worker-0/DEBUG] [ne.ne.fm.ja.AutomaticEventSubscriber/]: Subscribing @EventBusSubscriber class Ldeepluckyblock/enchantments/UniversalEnchantmentHandler; to the game event bus
[01:00:22] [modloading-worker-0/DEBUG] [ne.ne.fm.ja.AutomaticEventSubscriber/LOADING]: Scanning class deepluckyblock.init.DeepLuckyBlockModTabs for @SubscribeEvent-annotated methods
[01:00:22] [modloading-worker-0/DEBUG] [ne.ne.fm.ja.AutomaticEventSubscriber/]: Subscribing @EventBusSubscriber class Ldeepluckyblock/init/DeepLuckyBlockModTabs; to the mod event bus of mod deep_lucky_block
[01:00:22] [modloading-worker-0/DEBUG] [ne.ne.fm.ja.AutomaticEventSubscriber/LOADING]: Scanning class deepluckyblock.init.SpawnPlacementRegistration for @SubscribeEvent-annotated methods
[01:00:22] [modloading-worker-0/DEBUG] [ne.ne.fm.ja.AutomaticEventSubscriber/]: Subscribing @EventBusSubscriber class Ldeepluckyblock/init/SpawnPlacementRegistration; to the mod event bus of mod deep_lucky_block
[01:00:22] [modloading-worker-0/DEBUG] [ne.ne.fm.ja.AutomaticEventSubscriber/LOADING]: Scanning class deepluckyblock.init.DeepLuckyBlockModEntities for @SubscribeEvent-annotated methods
[01:00:22] [modloading-worker-0/DEBUG] [ne.ne.fm.ja.AutomaticEventSubscriber/]: Subscribing @EventBusSubscriber class Ldeepluckyblock/init/DeepLuckyBlockModEntities; to the mod event bus of mod deep_lucky_block
[01:00:22] [modloading-worker-0/DEBUG] [ne.ne.fm.ja.AutomaticEventSubscriber/LOADING]: Scanning class deepluckyblock.commands.SpeedCommand for @SubscribeEvent-annotated methods
[01:00:22] [modloading-worker-0/DEBUG] [ne.ne.fm.ja.AutomaticEventSubscriber/]: Subscribing @EventBusSubscriber class Ldeepluckyblock/commands/SpeedCommand; to the game event bus
[01:00:22] [modloading-worker-0/DEBUG] [ne.ne.fm.ja.AutomaticEventSubscriber/LOADING]: Scanning class deepluckyblock.commands.DlbTestCommands for @SubscribeEvent-annotated methods
[01:00:22] [modloading-worker-0/DEBUG] [ne.ne.fm.ja.AutomaticEventSubscriber/]: Subscribing @EventBusSubscriber class Ldeepluckyblock/commands/DlbTestCommands; to the game event bus
[01:00:22] [modloading-worker-0/DEBUG] [ne.ne.fm.ja.AutomaticEventSubscriber/LOADING]: Scanning class deepluckyblock.compat.LuckyToolsCompatibility for @SubscribeEvent-annotated methods
[01:00:22] [modloading-worker-0/DEBUG] [ne.ne.fm.ja.AutomaticEventSubscriber/]: Subscribing @EventBusSubscriber class Ldeepluckyblock/compat/LuckyToolsCompatibility; to the game event bus
[01:00:22] [modloading-worker-0/DEBUG] [ne.ne.fm.ja.AutomaticEventSubscriber/LOADING]: Scanning class deepluckyblock.advancements.DeepLuckyBlockAdvancementIntegration for @SubscribeEvent-annotated methods
[01:00:22] [modloading-worker-0/DEBUG] [ne.ne.fm.ja.AutomaticEventSubscriber/]: Subscribing @EventBusSubscriber class Ldeepluckyblock/advancements/DeepLuckyBlockAdvancementIntegration; to the game event bus
[01:00:22] [modloading-worker-0/DEBUG] [ne.ne.fm.ja.AutomaticEventSubscriber/LOADING]: Scanning class deepluckyblock.advancements.DeepLuckyBlockAdvancements for @SubscribeEvent-annotated methods
[01:00:22] [modloading-worker-0/DEBUG] [ne.ne.fm.ja.AutomaticEventSubscriber/]: Subscribing @EventBusSubscriber class Ldeepluckyblock/advancements/DeepLuckyBlockAdvancements; to the game event bus
[01:00:22] [modloading-worker-0/DEBUG] [ne.ne.fm.ja.AutomaticEventSubscriber/LOADING]: Scanning class deepluckyblock.util.CrimsonButterflyRetaliation for @SubscribeEvent-annotated methods
[01:00:22] [modloading-worker-0/DEBUG] [ne.ne.fm.ja.AutomaticEventSubscriber/]: Subscribing @EventBusSubscriber class Ldeepluckyblock/util/CrimsonButterflyRetaliation; to the game event bus
[01:00:22] [modloading-worker-0/DEBUG] [ne.ne.fm.ja.AutomaticEventSubscriber/LOADING]: Scanning class deepluckyblock.util.StructureTemplateStartupPreloader$GameLaunchHook for @SubscribeEvent-annotated methods
[01:00:22] [modloading-worker-0/DEBUG] [ne.ne.fm.ja.AutomaticEventSubscriber/]: Subscribing @EventBusSubscriber class Ldeepluckyblock/util/StructureTemplateStartupPreloader$GameLaunchHook; to the mod event bus of mod deep_lucky_block
[01:00:22] [modloading-worker-0/DEBUG] [ne.ne.fm.ja.AutomaticEventSubscriber/LOADING]: Scanning class deepluckyblock.util.StructureTemplateStartupPreloader for @SubscribeEvent-annotated methods
[01:00:22] [modloading-worker-0/DEBUG] [ne.ne.fm.ja.AutomaticEventSubscriber/]: Subscribing @EventBusSubscriber class Ldeepluckyblock/util/StructureTemplateStartupPreloader; to the game event bus
[01:00:22] [modloading-sync-worker/DEBUG] [ne.ne.fm.co.ConfigTracker/CONFIG]: Loading configs type COMMON
[01:00:22] [modloading-sync-worker/DEBUG] [ne.ne.ne.co.NeoForgeConfig/FORGEMOD]: Loaded NeoForge config file neoforge-common.toml
[01:00:22] [modloading-sync-worker/DEBUG] [ne.ne.fm.co.ConfigTracker/CONFIG]: Loaded TOML config file /home/runner/work/_temp/mod-project/run/config/neoforge-common.toml
[01:00:22] [modloading-sync-worker/DEBUG] [ne.ne.fm.co.ConfigTracker/CONFIG]: Watching TOML config file /home/runner/work/_temp/mod-project/run/config/neoforge-common.toml for changes
[01:00:22] [modloading-sync-worker/DEBUG] [ne.ne.ne.co.ModConfigSpec/CORE]: List on key crop_mappings is deemed to need correction, as it is null, not a list, or the wrong size.
[01:00:22] [modloading-sync-worker/DEBUG] [ne.ne.fm.co.ConfigTracker/CONFIG]: Loaded TOML config file /home/runner/work/_temp/mod-project/run/config/deep_lucky_block-tillage_boot.toml
[01:00:22] [modloading-sync-worker/DEBUG] [ne.ne.fm.co.ConfigTracker/CONFIG]: Watching TOML config file /home/runner/work/_temp/mod-project/run/config/deep_lucky_block-tillage_boot.toml for changes
[01:00:22] [modloading-sync-worker/DEBUG] [ne.ne.ne.co.ModConfigSpec/CORE]: List on key allowedBlocks is deemed to need correction, as it is null, not a list, or the wrong size.
[01:00:22] [modloading-sync-worker/DEBUG] [ne.ne.fm.co.ConfigTracker/CONFIG]: Loaded TOML config file /home/runner/work/_temp/mod-project/run/config/deep_lucky_block-core_collection.toml
[01:00:22] [modloading-sync-worker/DEBUG] [ne.ne.fm.co.ConfigTracker/CONFIG]: Watching TOML config file /home/runner/work/_temp/mod-project/run/config/deep_lucky_block-core_collection.toml for changes
[01:00:22] [modloading-sync-worker/DEBUG] [ne.ne.ne.co.ModConfigSpec/CORE]: List on key cropHarvestCrops is deemed to need correction, as it is null, not a list, or the wrong size.
[01:00:22] [modloading-sync-worker/DEBUG] [ne.ne.fm.co.ConfigTracker/CONFIG]: Loaded TOML config file /home/runner/work/_temp/mod-project/run/config/deep_lucky_block-crop_harvest.toml
[01:00:22] [modloading-sync-worker/DEBUG] [ne.ne.fm.co.ConfigTracker/CONFIG]: Watching TOML config file /home/runner/work/_temp/mod-project/run/config/deep_lucky_block-crop_harvest.toml for changes
[01:00:22] [modloading-sync-worker/DEBUG] [ne.ne.ne.co.ModConfigSpec/CORE]: List on key lowTierOres is deemed to need correction, as it is null, not a list, or the wrong size.
[01:00:22] [modloading-sync-worker/DEBUG] [ne.ne.ne.co.ModConfigSpec/CORE]: List on key mediumTierOres is deemed to need correction, as it is null, not a list, or the wrong size.
[01:00:22] [modloading-sync-worker/DEBUG] [ne.ne.ne.co.ModConfigSpec/CORE]: List on key highTierOres is deemed to need correction, as it is null, not a list, or the wrong size.
[01:00:22] [modloading-sync-worker/DEBUG] [ne.ne.fm.co.ConfigTracker/CONFIG]: Loaded TOML config file /home/runner/work/_temp/mod-project/run/config/deep_lucky_block-ore_detector.toml
[01:00:22] [modloading-sync-worker/DEBUG] [ne.ne.fm.co.ConfigTracker/CONFIG]: Watching TOML config file /home/runner/work/_temp/mod-project/run/config/deep_lucky_block-ore_detector.toml for changes
[01:00:22] [modloading-sync-worker/DEBUG] [ne.ne.fm.co.ConfigTracker/CONFIG]: Loaded TOML config file /home/runner/work/_temp/mod-project/run/config/deep_lucky_block-range_foot_block.toml
[01:00:22] [modloading-sync-worker/DEBUG] [ne.ne.fm.co.ConfigTracker/CONFIG]: Watching TOML config file /home/runner/work/_temp/mod-project/run/config/deep_lucky_block-range_foot_block.toml for changes
[01:00:22] [modloading-sync-worker/DEBUG] [ne.ne.ne.co.ModConfigSpec/CORE]: List on key blockedContainers is deemed to need correction, as it is null, not a list, or the wrong size.
[01:00:22] [modloading-sync-worker/DEBUG] [ne.ne.fm.co.ConfigTracker/CONFIG]: Loaded TOML config file /home/runner/work/_temp/mod-project/run/config/deep_lucky_block-transfer.toml
[01:00:22] [modloading-sync-worker/DEBUG] [ne.ne.fm.co.ConfigTracker/CONFIG]: Watching TOML config file /home/runner/work/_temp/mod-project/run/config/deep_lucky_block-transfer.toml for changes
[01:00:22] [modloading-sync-worker/DEBUG] [ne.ne.ne.co.ModConfigSpec/CORE]: List on key weedBlockList is deemed to need correction, as it is null, not a list, or the wrong size.
[01:00:22] [modloading-sync-worker/DEBUG] [ne.ne.fm.co.ConfigTracker/CONFIG]: Loaded TOML config file /home/runner/work/_temp/mod-project/run/config/deep_lucky_block-weed_removal.toml
[01:00:22] [modloading-sync-worker/DEBUG] [ne.ne.fm.co.ConfigTracker/CONFIG]: Watching TOML config file /home/runner/work/_temp/mod-project/run/config/deep_lucky_block-weed_removal.toml for changes
[01:00:22] [modloading-sync-worker/DEBUG] [ne.ne.ne.co.ModConfigSpec/CORE]: List on key perItemLuckMultiplier is deemed to need correction, as it is null, not a list, or the wrong size.
[01:00:22] [modloading-sync-worker/DEBUG] [ne.ne.fm.co.ConfigTracker/CONFIG]: Loaded TOML config file /home/runner/work/_temp/mod-project/run/config/deep_lucky_block-luck_infusion.toml
[01:00:22] [modloading-sync-worker/DEBUG] [ne.ne.fm.co.ConfigTracker/CONFIG]: Watching TOML config file /home/runner/work/_temp/mod-project/run/config/deep_lucky_block-luck_infusion.toml for changes
[01:00:22] [modloading-sync-worker/DEBUG] [ne.ne.fm.co.ConfigTracker/CONFIG]: Loaded TOML config file /home/runner/work/_temp/mod-project/run/config/deep_lucky_block-lucky_drop.toml
[01:00:22] [modloading-sync-worker/DEBUG] [ne.ne.fm.co.ConfigTracker/CONFIG]: Watching TOML config file /home/runner/work/_temp/mod-project/run/config/deep_lucky_block-lucky_drop.toml for changes
[01:00:22] [modloading-sync-worker/DEBUG] [ne.ne.fm.DeferredWorkQueue/LOADING]: Dispatching synchronous work for work queue Common setup: 2 jobs
[01:00:22] [modloading-sync-worker/DEBUG] [ne.ne.fm.DeferredWorkQueue/LOADING]: Synchronous work queue completed in 778.9 μs
[01:00:22] [main/INFO] [mojang/YggdrasilAuthenticationService]: Environment: Environment[sessionHost=https://sessionserver.mojang.com, servicesHost=https://api.minecraftservices.com, name=PROD]
[01:00:22] [main/WARN] [minecraft/VanillaPackResourcesBuilder]: Assets URL 'union:/home/runner/work/_temp/mod-project/build/moddev/artifacts/neoforge-21.1.190.jar%23125!/assets/.mcassetsroot' uses unexpected schema
[01:00:22] [main/WARN] [minecraft/VanillaPackResourcesBuilder]: Assets URL 'union:/home/runner/work/_temp/mod-project/build/moddev/artifacts/neoforge-21.1.190.jar%23125!/data/.mcassetsroot' uses unexpected schema
[01:00:23] [main/INFO] [minecraft/Main]: No existing world data, creating new world
[01:00:23] [Worker-Main-1/INFO] [de.DeepLuckyBlockMod/]: [DLBTEST] commande prete : /dlbtest -> citadel, observatory, dragon, circus, ship, everest, crimsonlake | structure <nom|id> | list | water <status|freeze|thaw> | probe <x> <z> | luckybreak [nombre] (permission tout le monde (0))
[01:00:23] [main/INFO] [minecraft/RecipeManager]: Loaded 1320 recipes
[01:00:24] [main/INFO] [minecraft/AdvancementTree]: Loaded 1450 advancements
[01:00:24] [main/DEBUG] [ne.ne.ne.co.CommonHooks/WP]: Gathered mod list to write to world save ci-variants-test
[01:00:24] [Server thread/INFO] [minecraft/DedicatedServer]: Starting minecraft server version 1.21.1
[01:00:24] [Server thread/INFO] [minecraft/DedicatedServer]: Loading properties
[01:00:24] [Server thread/INFO] [minecraft/DedicatedServer]: Default game type: CREATIVE
[01:00:24] [Server thread/INFO] [minecraft/MinecraftServer]: Generating keypair
[01:00:25] [Server thread/INFO] [minecraft/DedicatedServer]: Starting Minecraft server on 127.0.0.1:25565
[01:00:25] [Server thread/DEBUG] [ne.ne.ne.ne.DualStackUtils/]: Detected IPv4 address: "127.0.0.1"
[01:00:25] [Server thread/DEBUG] [io.ne.ut.in.NativeLibraryLoader/]: -Dio.netty.native.workdir: /tmp (io.netty.tmpdir)
[01:00:25] [Server thread/DEBUG] [io.ne.ut.in.NativeLibraryLoader/]: -Dio.netty.native.deleteLibAfterLoading: true
[01:00:25] [Server thread/DEBUG] [io.ne.ut.in.NativeLibraryLoader/]: -Dio.netty.native.tryPatchShadedId: true
[01:00:25] [Server thread/DEBUG] [io.ne.ut.in.NativeLibraryLoader/]: -Dio.netty.native.detectNativeLibraryDuplicates: true
[01:00:25] [Server thread/DEBUG] [io.ne.ut.in.NativeLibraryLoader/]: Successfully loaded the library /tmp/libnetty_transport_native_epoll_x86_6410889722315024410826.so
[01:00:25] [Server thread/DEBUG] [io.ne.ut.NetUtil/]: -Djava.net.preferIPv4Stack: true
[01:00:25] [Server thread/DEBUG] [io.ne.ut.NetUtil/]: -Djava.net.preferIPv6Addresses: false
[01:00:25] [Server thread/DEBUG] [io.ne.ut.NetUtilInitializations/]: Loopback interface: lo (lo, 0:0:0:0:0:0:0:1%lo)
[01:00:25] [Server thread/DEBUG] [io.ne.ut.NetUtil/]: /proc/sys/net/core/somaxconn: 4096
[01:00:25] [Server thread/DEBUG] [io.ne.ch.MultithreadEventLoopGroup/]: -Dio.netty.eventLoopThreads: 4
[01:00:25] [Server thread/DEBUG] [io.ne.ut.co.GlobalEventExecutor/]: -Dio.netty.globalEventExecutor.quietPeriodSeconds: 1
[01:00:25] [Server thread/DEBUG] [io.ne.ut.in.PlatformDependent/]: org.jctools-core.MpscChunkedArrayQueue: available
[01:00:25] [Server thread/INFO] [minecraft/ServerConnectionListener]: Using epoll channel type
[01:00:25] [Server thread/DEBUG] [io.ne.ch.DefaultChannelId/]: -Dio.netty.processId: 3030 (auto-detected)
[01:00:25] [Server thread/DEBUG] [io.ne.ch.DefaultChannelId/]: -Dio.netty.machineId: 70:a8:a5:ff:fe:9a:b6:42 (auto-detected)
[01:00:25] [Server thread/DEBUG] [ne.ne.fm.co.ConfigTracker/CONFIG]: Loading configs type SERVER
[01:00:25] [Server thread/DEBUG] [ne.ne.ne.co.NeoForgeConfig/FORGEMOD]: Loaded NeoForge config file neoforge-server.toml
[01:00:25] [Server thread/DEBUG] [ne.ne.fm.co.ConfigTracker/CONFIG]: Loaded TOML config file /home/runner/work/_temp/mod-project/run/config/neoforge-server.toml
[01:00:25] [Server thread/DEBUG] [ne.ne.fm.co.ConfigTracker/CONFIG]: Watching TOML config file /home/runner/work/_temp/mod-project/run/config/neoforge-server.toml for changes
[01:00:25] [Server thread/INFO] [minecraft/DedicatedServer]: Preparing level "ci-variants-test"
[01:00:34] [Server thread/INFO] [minecraft/MinecraftServer]: Preparing start region for dimension minecraft:overworld
[01:00:34] [worldgen/INFO] [minecraft/LoggerChunkProgressListener]: Preparing spawn area: 2%
[01:00:35] [worldgen/INFO] [minecraft/LoggerChunkProgressListener]: Preparing spawn area: 2%
[01:00:35] [worldgen/INFO] [minecraft/LoggerChunkProgressListener]: Preparing spawn area: 2%
[01:00:36] [worldgen/INFO] [minecraft/LoggerChunkProgressListener]: Preparing spawn area: 2%
[01:00:36] [worldgen/INFO] [minecraft/LoggerChunkProgressListener]: Preparing spawn area: 2%
[01:00:37] [worldgen/INFO] [minecraft/LoggerChunkProgressListener]: Preparing spawn area: 2%
[01:00:37] [worldgen/INFO] [minecraft/LoggerChunkProgressListener]: Preparing spawn area: 2%
[01:00:38] [worldgen/INFO] [minecraft/LoggerChunkProgressListener]: Preparing spawn area: 2%
[01:00:38] [worldgen/INFO] [minecraft/LoggerChunkProgressListener]: Preparing spawn area: 2%
[01:00:39] [worldgen/INFO] [minecraft/LoggerChunkProgressListener]: Preparing spawn area: 2%
[01:00:39] [worldgen/INFO] [minecraft/LoggerChunkProgressListener]: Preparing spawn area: 46%
[01:00:40] [Server thread/INFO] [minecraft/LoggerChunkProgressListener]: Time elapsed: 5301 ms
[01:00:40] [Server thread/INFO] [minecraft/DedicatedServer]: Done (14.990s)! For help, type "help"
[01:00:40] [Server thread/INFO] [minecraft/DedicatedServer]: Starting remote control listener
[01:00:40] [Server thread/INFO] [minecraft/GenericThread]: Thread RCON Listener started
[01:00:40] [Server thread/INFO] [minecraft/RconThread]: RCON running on 127.0.0.1:25575
[01:00:40] [Server thread/DEBUG] [ne.ne.ne.ne.DualStackUtils/]: Detected IPv6 address: "0:0:0:0:0:0:0:0"
[01:00:40] [Server thread/DEBUG] [ne.ne.ne.se.LanguageHook/]: Loaded 4 language files for en_us
[01:00:40] [Server thread/INFO] [ne.ne.ne.ga.GameTestHooks/]: Enabled Gametest Namespaces: []
[01:00:40] [Server thread/INFO] [ne.ne.ne.se.pe.PermissionAPI/]: Successfully initialized permission handler neoforge:default_handler
[01:00:40] [RCON Listener #1/INFO] [minecraft/GenericThread]: Thread RCON Client /127.0.0.1 started
[01:00:40] [Server thread/INFO] [de.DeepLuckyBlockMod/]: [DLBTEST] dragon demandee a 1200, 69, 0 (id=2, nbt=dragon, joueur factice)
[01:00:40] [RCON Client /127.0.0.1 #2/INFO] [minecraft/RconClient]: Thread RCON Client /127.0.0.1 shutting down
[01:00:40] [Server thread/WARN] [de.pr.Structures5Procedure/]: [STRUCT5-FLAT] zones historiques épuisées jusqu'à 768 blocs : génération ciblée d'une seule emprise à 2117,0
[01:00:45] [Server thread/WARN] [de.pr.Structures5Procedure/]: [STRUCT5-FLAT] secours ciblé non livré après 5 s; déplacement à 2266,149
[01:00:50] [Server thread/WARN] [de.pr.Structures5Procedure/]: [STRUCT5-FLAT] secours ciblé non livré après 5 s; déplacement à 2415,298
[01:00:57] [Server thread/WARN] [de.ut.TerrainEditClamp/]: [DLB-LAGPROBE] periode de tick de 4256 ms pendant la phase « aucune (serveur au repos) » -- c'est cette phase qui accapare le thread principal (zone 129,-3 -> 135,2 : 0 chunks epingles, 42 en attente, 4 demandes de chargement ; 1 tick(s) > 1 s au total)
[01:00:57] [Server thread/WARN] [minecraft/MinecraftServer]: Can't keep up! Is the server overloaded? Running 4211ms or 84 ticks behind
[01:01:04] [Server thread/WARN] [de.ut.TerrainEditClamp/]: [DLB-LAGPROBE] periode de tick de 5708 ms pendant la phase « aucune (serveur au repos) » -- c'est cette phase qui accapare le thread principal (zone 129,-3 -> 162,30 : 0 chunks epingles, 1156 en attente, 4 demandes de chargement ; 2 tick(s) > 1 s au total)
[01:01:04] [Server thread/WARN] [de.pr.Structures5Procedure/]: [STRUCT5-FLAT] secours ciblé non livré après 5 s; déplacement à 2713,596
[01:01:09] [Server thread/WARN] [de.ut.TerrainEditClamp/]: [DLB-LAGPROBE] periode de tick de 4657 ms pendant la phase « aucune (serveur au repos) » -- c'est cette phase qui accapare le thread principal (zone 129,-3 -> 162,30 : 3 chunks epingles, 1153 en attente, 6 demandes de chargement ; 3 tick(s) > 1 s au total)
[01:01:09] [Server thread/WARN] [de.pr.Structures5Procedure/]: [STRUCT5-FLAT] secours ciblé non livré après 5 s; déplacement à 2862,745
[01:01:14] [Server thread/WARN] [de.ut.TerrainEditClamp/]: [DLB-LAGPROBE] periode de tick de 4719 ms pendant la phase « aucune (serveur au repos) » -- c'est cette phase qui accapare le thread principal (zone 129,-3 -> 162,30 : 3 chunks epingles, 1153 en attente, 6 demandes de chargement ; 4 tick(s) > 1 s au total)
[01:01:14] [Server thread/WARN] [de.pr.Structures5Procedure/]: [STRUCT5-FLAT] secours ciblé non livré après 5 s; déplacement à 3011,894
[01:01:18] [Server thread/WARN] [de.pr.Structures5Procedure/]: [STRUCT5-FLAT] secours ciblé non livré après 5 s; déplacement à 3160,1043
[01:01:23] [Server thread/WARN] [de.ut.TerrainEditClamp/]: [DLB-LAGPROBE] periode de tick de 4034 ms pendant la phase « aucune (serveur au repos) » -- c'est cette phase qui accapare le thread principal (zone 129,-3 -> 162,30 : 3 chunks epingles, 1153 en attente, 8 demandes de chargement ; 5 tick(s) > 1 s au total)
[01:01:23] [Server thread/WARN] [minecraft/MinecraftServer]: Can't keep up! Is the server overloaded? Running 3986ms or 79 ticks behind
[01:01:27] [Server thread/WARN] [de.pr.Structures5Procedure/]: [STRUCT5-FLAT] secours ciblé non livré après 5 s; déplacement à 3309,1192
[01:01:32] [Server thread/WARN] [de.pr.Structures5Procedure/]: [STRUCT5-FLAT] secours ciblé non livré après 5 s; déplacement à 3458,1341
[01:01:37] [Server thread/INFO] [de.pr.Structures5Procedure/]: [STRUCT5-FLAT] recherche toujours en cours : rayon 619 blocs, 0 candidat(s) differe(s) en chargement de fond, 0 centre(s) ecarte(s), 56 s ecoulees -- T230
[01:01:37] [Server thread/WARN] [de.pr.Structures5Procedure/]: [STRUCT5-FLAT] zones historiques épuisées jusqu'à 768 blocs : génération ciblée d'une seule emprise à 2117,0
[01:01:41] [Server thread/WARN] [de.pr.Structures5Procedure/]: [STRUCT5-FLAT] secours cible a 2117,0 : emprise incomplete (1 ticks), re-demande en cours (T229)
[01:01:46] [Server thread/WARN] [de.pr.Structures5Procedure/]: [STRUCT5-FLAT] secours cible a 2713,596 : emprise incomplete (1 ticks), re-demande en cours (T229)
[01:01:48] [Server thread/WARN] [de.pr.Structures5Procedure/]: [STRUCT5-FLAT] secours cible a 2862,745 : emprise incomplete (1 ticks), re-demande en cours (T229)
[01:01:50] [Server thread/WARN] [de.pr.Structures5Procedure/]: [STRUCT5-FLAT] secours cible a 3011,894 : emprise incomplete (1 ticks), re-demande en cours (T229)
[01:01:56] [Server thread/WARN] [de.ut.TerrainEditClamp/]: [DLB-LAGPROBE] periode de tick de 3644 ms pendant la phase « aucune (serveur au repos) » -- c'est cette phase qui accapare le thread principal (zone 129,-3 -> 228,95 : 6 chunks epingles, 9894 en attente, 20 demandes de chargement ; 6 tick(s) > 1 s au total)
[01:01:56] [Server thread/WARN] [minecraft/MinecraftServer]: Can't keep up! Is the server overloaded? Running 3619ms or 72 ticks behind
[01:01:56] [Server thread/WARN] [de.pr.Structures5Procedure/]: [STRUCT5-FLAT] secours cible a 3607,1490 : emprise incomplete (1 ticks), re-demande en cours (T229)
[01:02:02] [Server thread/WARN] [de.ut.TerrainEditClamp/]: [DLB-LAGPROBE] periode de tick de 4310 ms pendant la phase « aucune (serveur au repos) » -- c'est cette phase qui accapare le thread principal (zone 129,-3 -> 237,105 : 6 chunks epingles, 11875 en attente, 22 demandes de chargement ; 7 tick(s) > 1 s au total)
[01:02:02] [Server thread/WARN] [de.pr.Structures5Procedure/]: [STRUCT5-FLAT] secours ciblé non livré après 5 s; déplacement à 3905,1788
[01:02:04] [Server thread/WARN] [de.ut.TerrainEditClamp/]: [DLB-LAGPROBE] periode de tick de 1662 ms pendant la phase « aucune (serveur au repos) » -- c'est cette phase qui accapare le thread principal (zone 129,-3 -> 237,105 : 6 chunks epingles, 11875 en attente, 24 demandes de chargement ; 8 tick(s) > 1 s au total)
[01:02:08] [Server thread/WARN] [de.pr.Structures5Procedure/]: [STRUCT5-FLAT] secours ciblé non livré après 5 s; déplacement à 4054,1937
[01:02:14] [Server thread/WARN] [de.ut.TerrainEditClamp/]: [DLB-LAGPROBE] periode de tick de 5622 ms pendant la phase « aucune (serveur au repos) » -- c'est cette phase qui accapare le thread principal (zone 129,-3 -> 237,105 : 6 chunks epingles, 11875 en attente, 26 demandes de chargement ; 9 tick(s) > 1 s au total)
[01:02:14] [Server thread/WARN] [minecraft/MinecraftServer]: Can't keep up! Is the server overloaded? Running 2936ms or 58 ticks behind
[01:02:19] [Server thread/WARN] [de.ut.TerrainEditClamp/]: [DLB-LAGPROBE] periode de tick de 4314 ms pendant la phase « aucune (serveur au repos) » -- c'est cette phase qui accapare le thread principal (zone 129,-3 -> 265,133 : 48 chunks epingles, 18721 en attente, 28 demandes de chargement ; 10 tick(s) > 1 s au total)
[01:02:20] [Server thread/WARN] [de.pr.Structures5Procedure/]: [STRUCT5-FLAT] secours ciblé non livré après 5 s; déplacement à 4352,2235
[01:02:24] [Server thread/WARN] [de.ut.TerrainEditClamp/]: [DLB-LAGPROBE] periode de tick de 4142 ms pendant la phase « aucune (serveur au repos) » -- c'est cette phase qui accapare le thread principal (zone 129,-3 -> 265,133 : 53 chunks epingles, 18716 en attente, 28 demandes de chargement ; 11 tick(s) > 1 s au total)
[01:02:25] [Server thread/WARN] [de.pr.Structures5Procedure/]: [STRUCT5-FLAT] secours ciblé non livré après 5 s; déplacement à 4501,2384
[01:02:30] [Server thread/WARN] [de.pr.Structures5Procedure/]: [STRUCT5-FLAT] secours ciblé non livré après 5 s; déplacement à 4650,2533
[01:02:32] [Server thread/WARN] [de.ut.TerrainEditClamp/]: [DLB-LAGPROBE] periode de tick de 2270 ms pendant la phase « aucune (serveur au repos) » -- c'est cette phase qui accapare le thread principal (zone 129,-3 -> 265,133 : 56 chunks epingles, 18713 en attente, 30 demandes de chargement ; 12 tick(s) > 1 s au total)
[01:02:32] [Server thread/WARN] [minecraft/MinecraftServer]: Can't keep up! Is the server overloaded? Running 2250ms or 45 ticks behind
[01:02:37] [Server thread/WARN] [de.ut.TerrainEditClamp/]: [DLB-LAGPROBE] periode de tick de 4981 ms pendant la phase « aucune (serveur au repos) » -- c'est cette phase qui accapare le thread principal (zone 129,-3 -> 265,133 : 56 chunks epingles, 18713 en attente, 30 demandes de chargement ; 13 tick(s) > 1 s au total)
[01:02:37] [Server thread/WARN] [de.pr.Structures5Procedure/]: [STRUCT5-FLAT] secours ciblé non livré après 5 s; déplacement à 4799,2682
[01:02:41] [Server thread/WARN] [de.ut.TerrainEditClamp/]: [DLB-LAGPROBE] periode de tick de 4257 ms pendant la phase « aucune (serveur au repos) » -- c'est cette phase qui accapare le thread principal (zone 129,-3 -> 265,133 : 56 chunks epingles, 18713 en attente, 32 demandes de chargement ; 14 tick(s) > 1 s au total)
[01:02:42] [Server thread/WARN] [de.pr.Structures5Procedure/]: [STRUCT5-FLAT] secours ciblé non livré après 5 s; déplacement à 4948,2831
[01:02:49] [Server thread/WARN] [de.ut.TerrainEditClamp/]: [DLB-LAGPROBE] periode de tick de 5787 ms pendant la phase « aucune (serveur au repos) » -- c'est cette phase qui accapare le thread principal (zone 129,-3 -> 265,133 : 56 chunks epingles, 18713 en attente, 34 demandes de chargement ; 16 tick(s) > 1 s au total)
[01:02:49] [Server thread/WARN] [de.pr.Structures5Procedure/]: [STRUCT5-FLAT] secours ciblé non livré après 5 s; déplacement à 5097,2980
[01:02:52] [Server thread/INFO] [de.pr.Structures5Procedure/]: [STRUCT5-FLAT] recherche toujours en cours : rayon 619 blocs, 0 candidat(s) differe(s) en chargement de fond, 0 centre(s) ecarte(s), 132 s ecoulees -- T230
[01:02:52] [Server thread/WARN] [de.pr.Structures5Procedure/]: [STRUCT5-FLAT] zones historiques épuisées jusqu'à 768 blocs : génération ciblée d'une seule emprise à 2117,0
[01:02:55] [Server thread/WARN] [de.ut.TerrainEditClamp/]: [DLB-LAGPROBE] periode de tick de 2749 ms pendant la phase « aucune (serveur au repos) » -- c'est cette phase qui accapare le thread principal (zone 129,-3 -> 265,133 : 56 chunks epingles, 18713 en attente, 34 demandes de chargement ; 17 tick(s) > 1 s au total)
[01:02:55] [Server thread/WARN] [minecraft/MinecraftServer]: Can't keep up! Is the server overloaded? Running 2736ms or 54 ticks behind
[01:03:00] [Server thread/WARN] [de.pr.Structures5Procedure/]: [STRUCT5-FLAT] secours ciblé non livré après 5 s; déplacement à 2266,149
[01:03:01] [Server thread/WARN] [de.pr.Structures5Procedure/]: [STRUCT5-FLAT] secours cible a 2266,149 : emprise incomplete (1 ticks), re-demande en cours (T229)
[01:03:03] [Server thread/WARN] [de.pr.Structures5Procedure/]: [STRUCT5-FLAT] secours cible a 2713,596 : emprise incomplete (1 ticks), re-demande en cours (T229)
[01:03:04] [Server thread/WARN] [de.pr.Structures5Procedure/]: [STRUCT5-FLAT] secours cible a 2862,745 : emprise incomplete (1 ticks), re-demande en cours (T229)
[01:03:06] [Server thread/WARN] [de.pr.Structures5Procedure/]: [STRUCT5-FLAT] secours cible a 3011,894 : emprise incomplete (1 ticks), re-demande en cours (T229)
[01:03:06] [Server thread/WARN] [de.pr.Structures5Procedure/]: [STRUCT5-FLAT] secours cible a 3160,1043 : emprise incomplete (1 ticks), re-demande en cours (T229)
[01:03:09] [Server thread/WARN] [de.pr.Structures5Procedure/]: [STRUCT5-FLAT] secours cible a 3309,1192 : emprise incomplete (1 ticks), re-demande en cours (T229)
[01:03:13] [Server thread/WARN] [de.pr.Structures5Procedure/]: [STRUCT5-FLAT] secours cible a 4203,2086 : emprise incomplete (1 ticks), re-demande en cours (T229)
[01:03:32] [Server thread/WARN] [de.pr.Structures5Procedure/]: [STRUCT5-FLAT] secours cible a 5097,2980 : emprise incomplete (1 ticks), re-demande en cours (T229)
[01:03:37] [Server thread/WARN] [de.ut.TerrainEditClamp/]: [DLB-LAGPROBE] periode de tick de 2839 ms pendant la phase « aucune (serveur au repos) » -- c'est cette phase qui accapare le thread principal (zone 129,-3 -> 330,198 : 73 chunks epingles, 40731 en attente, 50 demandes de chargement ; 18 tick(s) > 1 s au total)
[01:03:37] [Server thread/WARN] [minecraft/MinecraftServer]: Can't keep up! Is the server overloaded? Running 2796ms or 55 ticks behind
[01:03:38] [Server thread/WARN] [de.pr.Structures5Procedure/]: [STRUCT5-FLAT] secours cible a 5246,3129 : emprise incomplete (1 ticks), re-demande en cours (T229)
[01:03:44] [Server thread/WARN] [de.ut.TerrainEditClamp/]: [DLB-LAGPROBE] periode de tick de 4173 ms pendant la phase « aucune (serveur au repos) » -- c'est cette phase qui accapare le thread principal (zone 129,-3 -> 339,207 : 73 chunks epingles, 44448 en attente, 50 demandes de chargement ; 19 tick(s) > 1 s au total)
[01:03:44] [Server thread/WARN] [de.pr.Structures5Procedure/]: [STRUCT5-FLAT] secours cible a 5395,3278 : emprise incomplete (1 ticks), re-demande en cours (T229)
[01:06:02] [Server thread/DEBUG] [ne.ne.ne.co.CommonHooks/WP]: Gathered mod list to write to world save ci-variants-test
[01:10:40] [Server thread/WARN] [de.ut.ChunkKeeper/]: [DLB-CHUNKS] zone tenue en memoire depuis 600 s sans fin de pipeline -- relachee par garde-fou (4096 chunks)
[01:10:40] [Server thread/WARN] [de.pr.StructureTerrainPrep/]: [DLB-STRUCTURE] l'etape qui vient de finir a pris 409404 ms de temps REEL (prepZone : chunks centraux + clearFootprint termines AVANT preparation) -- voir [DLB-LAGPROBE] pour le detail par tick
[01:10:40] [Server thread/WARN] [de.ut.SafeSurface/]: [DLB-SURFACE] capture de zone 94x124 : 2339 colonnes sur 11656 restent illisibles apres recalcule (le despeckle de la heightmap les remplace par la mediane des voisins). [#1]
[01:10:40] [Server thread/WARN] [de.pr.StructureTerrainPrep/]: [DLB-STRUCTURE] lissage bridé : 4518 colonne(s) sortaient de la fenetre autorisee (adaptative T89 : jusqu'a +64/-64 au bord, +10/-2 au loin ; derive maximale mesuree : 165 blocs, colonne 5440,3282 de la zone) -- ramenees dans la fenetre
[01:10:40] [Server thread/WARN] [de.pr.StructureTerrainPrep/]: [DLB-STRUCTURE] lissage bridé : 7882 colonne(s) sortaient de la fenetre autorisee (adaptative T89 : jusqu'a +64/-64 au bord, +10/-2 au loin ; derive maximale mesuree : 147 blocs, colonne 5360,3329 de la zone) -- ramenees dans la fenetre
[01:10:43] [Server thread/WARN] [minecraft/MinecraftServer]: Can't keep up! Is the server overloaded? Running 2107ms or 42 ticks behind
[01:10:50] [Server thread/WARN] [minecraft/LevelChunk]: Tried to load a DUMMY block entity @ BlockPos{x=5362, y=-48, z=3229} but found not block entity block Block{minecraft:stone} at location
[01:10:50] [Server thread/WARN] [minecraft/LevelChunk]: Tried to load a block entity for block Block{minecraft:stone} but failed at location BlockPos{x=5362, y=-48, z=3229}
[01:10:50] [Server thread/WARN] [minecraft/LevelChunk]: Tried to load a DUMMY block entity @ BlockPos{x=5361, y=-46, z=3230} but found not block entity block Block{minecraft:stone} at location
[01:10:50] [Server thread/WARN] [minecraft/LevelChunk]: Tried to load a block entity for block Block{minecraft:stone} but failed at location BlockPos{x=5361, y=-46, z=3230}
[01:10:50] [Server thread/WARN] [minecraft/LevelChunk]: Tried to load a DUMMY block entity @ BlockPos{x=5362, y=-46, z=3227} but found not block entity block Block{minecraft:stone} at location
[01:10:50] [Server thread/WARN] [minecraft/LevelChunk]: Tried to load a block entity for block Block{minecraft:stone} but failed at location BlockPos{x=5362, y=-46, z=3227}
[01:10:50] [Server thread/WARN] [minecraft/LevelChunk]: Tried to load a DUMMY block entity @ BlockPos{x=5372, y=-46, z=3229} but found not block entity block Block{minecraft:stone} at location
[01:10:50] [Server thread/WARN] [minecraft/LevelChunk]: Tried to load a block entity for block Block{minecraft:stone} but failed at location BlockPos{x=5372, y=-46, z=3229}
[01:10:50] [Server thread/WARN] [minecraft/LevelChunk]: Tried to load a DUMMY block entity @ BlockPos{x=5363, y=-49, z=3229} but found not block entity block Block{minecraft:stone} at location
[01:10:50] [Server thread/WARN] [minecraft/LevelChunk]: Tried to load a block entity for block Block{minecraft:stone} but failed at location BlockPos{x=5363, y=-49, z=3229}
[01:11:04] [Server thread/DEBUG] [ne.ne.ne.co.CommonHooks/WP]: Gathered mod list to write to world save ci-variants-test
[01:11:13] [Server thread/WARN] [de.pr.StructureTerrainPrep/]: [DLB-STRUCTURE] rebuildTerrain : 429 colonne(s) restent non lissees (chunk jamais charge apres 60 reprises T82) -- le reste est termine.
[01:11:13] [Server thread/WARN] [de.pr.StructureTerrainPrep/]: [DLB-STRUCTURE] l'etape qui vient de finir a pris 32528 ms de temps REEL (prepZone 5+6/11 : smooth graduel 10 passes (T109, rayon croissant >=48 des le 6e) termine) -- voir [DLB-LAGPROBE] pour le detail par tick
[01:15:41] [RCON Listener #1/INFO] [minecraft/GenericThread]: Thread RCON Client /127.0.0.1 started
[01:15:41] [Server thread/INFO] [minecraft/MinecraftServer]: [Rcon: Stopping the server]
[01:15:41] [RCON Client /127.0.0.1 #3/INFO] [minecraft/RconClient]: Thread RCON Client /127.0.0.1 shutting down
[01:15:41] [Server thread/INFO] [minecraft/MinecraftServer]: Stopping server
[01:15:41] [Server thread/INFO] [minecraft/MinecraftServer]: Saving players
[01:15:41] [Server thread/INFO] [minecraft/MinecraftServer]: Saving worlds
[01:15:41] [Server thread/INFO] [minecraft/MinecraftServer]: Saving chunks for level 'ServerLevel[ci-variants-test]'/minecraft:overworld
[01:15:41] [Server thread/INFO] [minecraft/MinecraftServer]: Saving chunks for level 'ServerLevel[ci-variants-test]'/minecraft:the_end
[01:15:41] [Server thread/INFO] [minecraft/MinecraftServer]: Saving chunks for level 'ServerLevel[ci-variants-test]'/minecraft:the_nether
[01:15:41] [Server thread/DEBUG] [ne.ne.ne.co.CommonHooks/WP]: Gathered mod list to write to world save ci-variants-test
[01:15:41] [Server thread/INFO] [minecraft/MinecraftServer]: ThreadedAnvilChunkStorage (ci-variants-test): All chunks are saved
[01:15:41] [Server thread/INFO] [minecraft/MinecraftServer]: ThreadedAnvilChunkStorage (DIM1): All chunks are saved
[01:15:41] [Server thread/INFO] [minecraft/MinecraftServer]: ThreadedAnvilChunkStorage (DIM-1): All chunks are saved
[01:15:41] [Server thread/INFO] [minecraft/MinecraftServer]: ThreadedAnvilChunkStorage: All dimensions are saved
[01:15:41] [Server thread/DEBUG] [ne.ne.fm.co.ConfigTracker/CONFIG]: Unloading configs type SERVER
[01:15:41] [Server thread/INFO] [minecraft/GenericThread]: Thread RCON Listener stopped

BUILD SUCCESSFUL in 15m 36s
7 actionable tasks: 4 executed, 3 up-to-date