.procedures.Structures5Procedure/]: [STRUCT5-FLAT] tranche 100ms terminée après 13 candidat(s); 88 restent dans CE MÊME cercle
[10Oct2026 07:50:43.496] [Server thread/INFO] [deepluckyblock.procedures.Structures5Procedure/]: [STRUCT5] === PASTE citadel === off=[20,-35,20] dist=0 facing=south
[10Oct2026 07:50:43.512] [Server thread/INFO] [deepluckyblock.procedures.Structures5Procedure/]: [STRUCT5-FLAT] grille de scoring : 97x97 cellules (9409 connues) en 16 ms -- T59/T62 (3950160 recherche(s) de chunk, dont 1 ayant attendu >2 ms, 658 ms au total)
[10Oct2026 07:50:43.515] [Server thread/INFO] [deepluckyblock.procedures.Structures5Procedure/]: [STRUCT5-FLAT] scoring termine : 88 candidat(s) en 2 ms (joueur 0 ms, emprises 0 ms, mesures terrain 2 ms) -- T57
[10Oct2026 07:50:43.515] [Server thread/INFO] [deepluckyblock.procedures.Structures5Procedure/]: [STRUCT5-FLAT] 2100 candidat(s) ecarte(s) : surface en EAU (un lac est plat mais inconstructible) -- T75
[10Oct2026 07:50:43.632] [Server thread/INFO] [deepluckyblock.procedures.Structures5Procedure/]: [STRUCT5-FLAT] tranche 100ms terminée après 6 candidat(s); 82 restent dans CE MÊME cercle
[10Oct2026 07:50:43.641] [Server thread/INFO] [deepluckyblock.procedures.Structures5Procedure/]: [STRUCT5] === PASTE citadel === off=[20,-35,20] dist=0 facing=south
[10Oct2026 07:50:43.659] [Server thread/INFO] [deepluckyblock.procedures.Structures5Procedure/]: [STRUCT5-FLAT] grille de scoring : 97x97 cellules (9409 connues) en 17 ms -- T59/T62 (3960112 recherche(s) de chunk, dont 1 ayant attendu >2 ms, 660 ms au total)
[10Oct2026 07:50:43.661] [Server thread/INFO] [deepluckyblock.procedures.Structures5Procedure/]: [STRUCT5-FLAT] scoring termine : 82 candidat(s) en 1 ms (joueur 0 ms, emprises 0 ms, mesures terrain 1 ms) -- T57
[10Oct2026 07:50:43.662] [Server thread/INFO] [deepluckyblock.procedures.Structures5Procedure/]: [STRUCT5-FLAT] 2100 candidat(s) ecarte(s) : surface en EAU (un lac est plat mais inconstructible) -- T75
[10Oct2026 07:50:43.764] [Server thread/INFO] [deepluckyblock.procedures.Structures5Procedure/]: [STRUCT5-FLAT] tranche 100ms terminée après 9 candidat(s); 73 restent dans CE MÊME cercle
[10Oct2026 07:50:43.774] [Server thread/INFO] [deepluckyblock.procedures.Structures5Procedure/]: [STRUCT5] === PASTE citadel === off=[20,-35,20] dist=0 facing=south
[10Oct2026 07:50:43.793] [Server thread/INFO] [deepluckyblock.procedures.Structures5Procedure/]: [STRUCT5-FLAT] grille de scoring : 97x97 cellules (9409 connues) en 19 ms -- T59/T62 (3969169 recherche(s) de chunk, dont 1 ayant attendu >2 ms, 662 ms au total)
[10Oct2026 07:50:43.795] [Server thread/INFO] [deepluckyblock.procedures.Structures5Procedure/]: [STRUCT5-FLAT] scoring termine : 73 candidat(s) en 1 ms (joueur 0 ms, emprises 0 ms, mesures terrain 1 ms) -- T57
[10Oct2026 07:50:43.795] [Server thread/INFO] [deepluckyblock.procedures.Structures5Procedure/]: [STRUCT5-FLAT] 2100 candidat(s) ecarte(s) : surface en EAU (un lac est plat mais inconstructible) -- T75
[10Oct2026 07:50:43.904] [Server thread/INFO] [deepluckyblock.procedures.Structures5Procedure/]: [STRUCT5-FLAT] tranche 100ms terminée après 10 candidat(s); 63 restent dans CE MÊME cercle
[10Oct2026 07:50:43.914] [Server thread/INFO] [deepluckyblock.procedures.Structures5Procedure/]: [STRUCT5] === PASTE citadel === off=[20,-35,20] dist=0 facing=south
[10Oct2026 07:50:43.932] [Server thread/INFO] [deepluckyblock.procedures.Structures5Procedure/]: [STRUCT5-FLAT] grille de scoring : 97x97 cellules (9409 connues) en 18 ms -- T59/T62 (3978481 recherche(s) de chunk, dont 1 ayant attendu >2 ms, 664 ms au total)
[10Oct2026 07:50:43.936] [Server thread/INFO] [deepluckyblock.procedures.Structures5Procedure/]: [STRUCT5-FLAT] scoring termine : 63 candidat(s) en 2 ms (joueur 1 ms, emprises 0 ms, mesures terrain 1 ms) -- T57
[10Oct2026 07:50:43.936] [Server thread/INFO] [deepluckyblock.procedures.Structures5Procedure/]: [STRUCT5-FLAT] 2100 candidat(s) ecarte(s) : surface en EAU (un lac est plat mais inconstructible) -- T75
[10Oct2026 07:50:44.039] [Server thread/INFO] [deepluckyblock.procedures.Structures5Procedure/]: [STRUCT5-FLAT] tranche 100ms terminée après 14 candidat(s); 49 restent dans CE MÊME cercle
[10Oct2026 07:50:44.049] [Server thread/INFO] [deepluckyblock.procedures.Structures5Procedure/]: [STRUCT5] === PASTE citadel === off=[20,-35,20] dist=0 facing=south
[10Oct2026 07:50:44.066] [Server thread/INFO] [deepluckyblock.procedures.Structures5Procedure/]: [STRUCT5-FLAT] grille de scoring : 97x97 cellules (9409 connues) en 17 ms -- T59/T62 (3987918 recherche(s) de chunk, dont 1 ayant attendu >2 ms, 665 ms au total)
[10Oct2026 07:50:44.069] [Server thread/INFO] [deepluckyblock.procedures.Structures5Procedure/]: [STRUCT5-FLAT] scoring termine : 49 candidat(s) en 1 ms (joueur 0 ms, emprises 0 ms, mesures terrain 1 ms) -- T57
[10Oct2026 07:50:44.069] [Server thread/INFO] [deepluckyblock.procedures.Structures5Procedure/]: [STRUCT5-FLAT] 2100 candidat(s) ecarte(s) : surface en EAU (un lac est plat mais inconstructible) -- T75
[10Oct2026 07:50:44.180] [Server thread/INFO] [deepluckyblock.procedures.Structures5Procedure/]: [STRUCT5-FLAT] tranche 100ms terminée après 11 candidat(s); 38 restent dans CE MÊME cercle
[10Oct2026 07:50:44.189] [Server thread/INFO] [deepluckyblock.procedures.Structures5Procedure/]: [STRUCT5] === PASTE citadel === off=[20,-35,20] dist=0 facing=south
[10Oct2026 07:50:44.206] [Server thread/INFO] [deepluckyblock.procedures.Structures5Procedure/]: [STRUCT5-FLAT] grille de scoring : 97x97 cellules (9409 connues) en 17 ms -- T59/T62 (3997600 recherche(s) de chunk, dont 1 ayant attendu >2 ms, 667 ms au total)
[10Oct2026 07:50:44.208] [Server thread/INFO] [deepluckyblock.procedures.Structures5Procedure/]: [STRUCT5-FLAT] scoring termine : 38 candidat(s) en 1 ms (joueur 0 ms, emprises 1 ms, mesures terrain 0 ms) -- T57
[10Oct2026 07:50:44.208] [Server thread/INFO] [deepluckyblock.procedures.Structures5Procedure/]: [STRUCT5-FLAT] 2100 candidat(s) ecarte(s) : surface en EAU (un lac est plat mais inconstructible) -- T75
[10Oct2026 07:50:44.314] [Server thread/INFO] [deepluckyblock.procedures.Structures5Procedure/]: [STRUCT5-FLAT] tranche 100ms terminée après 15 candidat(s); 23 restent dans CE MÊME cercle
[10Oct2026 07:50:44.323] [Server thread/INFO] [deepluckyblock.procedures.Structures5Procedure/]: [STRUCT5] === PASTE citadel === off=[20,-35,20] dist=0 facing=south
[10Oct2026 07:50:44.340] [Server thread/INFO] [deepluckyblock.procedures.Structures5Procedure/]: [STRUCT5-FLAT] grille de scoring : 97x97 cellules (9409 connues) en 17 ms -- T59/T62 (4007407 recherche(s) de chunk, dont 1 ayant attendu >2 ms, 669 ms au total)
[10Oct2026 07:50:44.343] [Server thread/INFO] [deepluckyblock.procedures.Structures5Procedure/]: [STRUCT5-FLAT] scoring termine : 23 candidat(s) en 2 ms (joueur 0 ms, emprises 0 ms, mesures terrain 2 ms) -- T57
[10Oct2026 07:50:44.343] [Server thread/INFO] [deepluckyblock.procedures.Structures5Procedure/]: [STRUCT5-FLAT] 2100 candidat(s) ecarte(s) : surface en EAU (un lac est plat mais inconstructible) -- T75
[10Oct2026 07:50:44.449] [Server thread/INFO] [deepluckyblock.procedures.Structures5Procedure/]: [STRUCT5-FLAT] tranche 100ms terminée après 10 candidat(s); 13 restent dans CE MÊME cercle
[10Oct2026 07:50:44.457] [Server thread/INFO] [deepluckyblock.procedures.Structures5Procedure/]: [STRUCT5] === PASTE citadel === off=[20,-35,20] dist=0 facing=south
[10Oct2026 07:50:44.474] [Server thread/INFO] [deepluckyblock.procedures.Structures5Procedure/]: [STRUCT5-FLAT] grille de scoring : 97x97 cellules (9409 connues) en 17 ms -- T59/T62 (4017559 recherche(s) de chunk, dont 1 ayant attendu >2 ms, 671 ms au total)
[10Oct2026 07:50:44.476] [Server thread/INFO] [deepluckyblock.procedures.Structures5Procedure/]: [STRUCT5-FLAT] scoring termine : 13 candidat(s) en 2 ms (joueur 0 ms, emprises 0 ms, mesures terrain 2 ms) -- T57
[10Oct2026 07:50:44.476] [Server thread/INFO] [deepluckyblock.procedures.Structures5Procedure/]: [STRUCT5-FLAT] 2100 candidat(s) ecarte(s) : surface en EAU (un lac est plat mais inconstructible) -- T75
[10Oct2026 07:50:44.572] [Server thread/INFO] [deepluckyblock.procedures.Structures5Procedure/]: [STRUCT5-FLAT] aucun centre x0,6 conforme (relief <= 10, eau=0) -- nouvelle couronne jusqu'a 256 blocs; reprise asynchrone
[10Oct2026 07:50:44.581] [Server thread/INFO] [deepluckyblock.procedures.Structures5Procedure/]: [STRUCT5] === PASTE citadel === off=[20,-35,20] dist=0 facing=south
[10Oct2026 07:50:44.607] [Server thread/INFO] [deepluckyblock.procedures.Structures5Procedure/]: [STRUCT5-FLAT] grille de scoring : 147x147 cellules (13924 connues) en 26 ms -- T59/T62 (4031221 recherche(s) de chunk, dont 1 ayant attendu >2 ms, 674 ms au total)
[10Oct2026 07:50:44.652] [Server thread/INFO] [deepluckyblock.procedures.Structures5Procedure/]: [STRUCT5-FLAT] scoring termine : 2225 candidat(s) en 33 ms (joueur 3 ms, emprises 0 ms, mesures terrain 30 ms) -- T57
[10Oct2026 07:50:44.653] [Server thread/INFO] [deepluckyblock.procedures.Structures5Procedure/]: [STRUCT5-FLAT] 2523 candidat(s) ecarte(s) : surface en EAU (un lac est plat mais inconstructible) -- T75
[10Oct2026 07:50:44.756] [Server thread/INFO] [deepluckyblock.procedures.Structures5Procedure/]: [STRUCT5-FLAT] tranche 100ms terminée après 4 candidat(s); 2221 restent dans CE MÊME cercle
[10Oct2026 07:50:44.771] [Server thread/INFO] [deepluckyblock.procedures.Structures5Procedure/]: [STRUCT5] === PASTE citadel === off=[20,-35,20] dist=0 facing=south
[10Oct2026 07:50:44.772] [Server thread/INFO] [deepluckyblock.procedures.Structures5Procedure/]: [STRUCT5-FLAT] 2 candidat(s) differes en attente de leur zone (fond)
[10Oct2026 07:50:44.805] [Server thread/INFO] [deepluckyblock.procedures.Structures5Procedure/]: [STRUCT5-FLAT] grille de scoring : 147x147 cellules (13924 connues) en 33 ms -- T59/T62 (4038082 recherche(s) de chunk, dont 1 ayant attendu >2 ms, 677 ms au total)
[10Oct2026 07:50:44.822] [Server thread/INFO] [deepluckyblock.procedures.Structures5Procedure/]: [STRUCT5-FLAT] scoring termine : 2223 candidat(s) en 9 ms (joueur 0 ms, emprises 1 ms, mesures terrain 8 ms) -- T57
[10Oct2026 07:50:44.822] [Server thread/INFO] [deepluckyblock.procedures.Structures5Procedure/]: [STRUCT5-FLAT] 2523 candidat(s) ecarte(s) : surface en EAU (un lac est plat mais inconstructible) -- T75
[10Oct2026 07:50:44.973] [Server thread/INFO] [deepluckyblock.procedures.Structures5Procedure/]: [STRUCT5-FLAT] tranche 100ms terminée après 3 candidat(s); 2220 restent dans CE MÊME cercle
[10Oct2026 07:50:45.017] [Server thread/INFO] [deepluckyblock.procedures.Structures5Procedure/]: [STRUCT5] === PASTE citadel === off=[20,-35,20] dist=0 facing=south
[10Oct2026 07:50:45.084] [Server thread/INFO] [deepluckyblock.procedures.Structures5Procedure/]: [STRUCT5-FLAT] grille de scoring : 147x147 cellules (13924 connues) en 64 ms -- T59/T62 (4044845 recherche(s) de chunk, dont 2 ayant attendu >2 ms, 688 ms au total)
[10Oct2026 07:50:45.100] [Server thread/INFO] [deepluckyblock.procedures.Structures5Procedure/]: [STRUCT5-FLAT] scoring termine : 2221 candidat(s) en 11 ms (joueur 1 ms, emprises 1 ms, mesures terrain 9 ms) -- T57
[10Oct2026 07:50:45.100] [Server thread/INFO] [deepluckyblock.procedures.Structures5Procedure/]: [STRUCT5-FLAT] 2523 candidat(s) ecarte(s) : surface en EAU (un lac est plat mais inconstructible) -- T75
[10Oct2026 07:50:45.211] [Server thread/INFO] [deepluckyblock.procedures.Structures5Procedure/]: [STRUCT5-FLAT] tranche 100ms terminée après 2 candidat(s); 2219 restent dans CE MÊME cercle
[10Oct2026 07:50:45.220] [Server thread/INFO] [deepluckyblock.procedures.Structures5Procedure/]: [STRUCT5] === PASTE citadel === off=[20,-35,20] dist=0 facing=south
[10Oct2026 07:50:45.266] [Server thread/INFO] [deepluckyblock.procedures.Structures5Procedure/]: [STRUCT5-FLAT] grille de scoring : 147x147 cellules (13924 connues) en 46 ms -- T59/T62 (4051598 recherche(s) de chunk, dont 2 ayant attendu >2 ms, 690 ms au total)
[10Oct2026 07:50:45.287] [Server thread/INFO] [deepluckyblock.procedures.Structures5Procedure/]: [STRUCT5-FLAT] scoring termine : 2220 candidat(s) en 10 ms (joueur 0 ms, emprises 1 ms, mesures terrain 9 ms) -- T57
[10Oct2026 07:50:45.288] [Server thread/INFO] [deepluckyblock.procedures.Structures5Procedure/]: [STRUCT5-FLAT] 2523 candidat(s) ecarte(s) : surface en EAU (un lac est plat mais inconstructible) -- T75
[10Oct2026 07:50:45.399] [Server thread/INFO] [deepluckyblock.procedures.Structures5Procedure/]: [STRUCT5-FLAT] tranche 100ms terminée après 2 candidat(s); 2218 restent dans CE MÊME cercle
[10Oct2026 07:50:45.406] [Server thread/INFO] [deepluckyblock.procedures.Structures5Procedure/]: [STRUCT5] === PASTE citadel === off=[20,-35,20] dist=0 facing=south
[10Oct2026 07:50:45.442] [Server thread/INFO] [deepluckyblock.procedures.Structures5Procedure/]: [STRUCT5-FLAT] grille de scoring : 147x147 cellules (13924 connues) en 36 ms -- T59/T62 (4058361 recherche(s) de chunk, dont 2 ayant attendu >2 ms, 692 ms au total)
[10Oct2026 07:50:45.473] [Server thread/INFO] [deepluckyblock.procedures.Structures5Procedure/]: [STRUCT5-FLAT] scoring termine : 2219 candidat(s) en 16 ms (joueur 1 ms, emprises 0 ms, mesures terrain 15 ms) -- T57
[10Oct2026 07:50:45.480] [Server thread/INFO] [deepluckyblock.procedures.Structures5Procedure/]: [STRUCT5-FLAT] 2523 candidat(s) ecarte(s) : surface en EAU (un lac est plat mais inconstructible) -- T75
[10Oct2026 07:50:45.582] [Server thread/INFO] [deepluckyblock.procedures.Structures5Procedure/]: [STRUCT5-FLAT] tranche 100ms terminée après 2 candidat(s); 2217 restent dans CE MÊME cercle
[10Oct2026 07:50:45.601] [Server thread/INFO] [deepluckyblock.procedures.Structures5Procedure/]: [STRUCT5] === PASTE citadel === off=[20,-35,20] dist=0 facing=south
[10Oct2026 07:50:45.608] [Server thread/INFO] [deepluckyblock.procedures.Structures5Procedure/]: [STRUCT5-FLAT] recherche toujours en cours : rayon 369 blocs, 6 candidat(s) differe(s) en chargement de fond, 3384 centre(s) ecarte(s), 50 s ecoulees -- T230
[10Oct2026 07:50:45.657] [Server thread/INFO] [deepluckyblock.procedures.Structures5Procedure/]: [STRUCT5-FLAT] grille de scoring : 147x147 cellules (13924 connues) en 48 ms -- T59/T62 (4065116 recherche(s) de chunk, dont 2 ayant attendu >2 ms, 694 ms au total)
[10Oct2026 07:50:45.676] [Server thread/INFO] [deepluckyblock.procedures.Structures5Procedure/]: [STRUCT5-FLAT] scoring termine : 2218 candidat(s) en 15 ms (joueur 1 ms, emprises 1 ms, mesures terrain 13 ms) -- T57
[10Oct2026 07:50:45.677] [Server thread/INFO] [deepluckyblock.procedures.Structures5Procedure/]: [STRUCT5-FLAT] 2523 candidat(s) ecarte(s) : surface en EAU (un lac est plat mais inconstructible) -- T75
[10Oct2026 07:50:45.839] [Server thread/INFO] [deepluckyblock.procedures.Structures5Procedure/]: [STRUCT5-FLAT] tranche 100ms terminée après 2 candidat(s); 2216 restent dans CE MÊME cercle
[10Oct2026 07:50:45.855] [Server thread/INFO] [deepluckyblock.procedures.Structures5Procedure/]: [STRUCT5] === PASTE citadel === off=[20,-35,20] dist=0 facing=south
[10Oct2026 07:50:45.903] [Server thread/INFO] [deepluckyblock.procedures.Structures5Procedure/]: [STRUCT5-FLAT] grille de scoring : 147x147 cellules (13924 connues) en 39 ms -- T59/T62 (4071904 recherche(s) de chunk, dont 2 ayant attendu >2 ms, 696 ms au total)
[10Oct2026 07:50:45.924] [Server thread/INFO] [deepluckyblock.procedures.Structures5Procedure/]: [STRUCT5-FLAT] scoring termine : 2217 candidat(s) en 7 ms (joueur 2 ms, emprises 0 ms, mesures terrain 5 ms) -- T57
[10Oct2026 07:50:45.932] [Server thread/INFO] [deepluckyblock.procedures.Structures5Procedure/]: [STRUCT5-FLAT] 2523 candidat(s) ecarte(s) : surface en EAU (un lac est plat mais inconstructible) -- T75
[10Oct2026 07:50:46.042] [Server thread/INFO] [deepluckyblock.procedures.Structures5Procedure/]: [STRUCT5-FLAT] tranche 100ms terminée après 3 candidat(s); 2214 restent dans CE MÊME cercle
[10Oct2026 07:50:46.056] [Server thread/INFO] [deepluckyblock.procedures.Structures5Procedure/]: [STRUCT5] === PASTE citadel === off=[20,-35,20] dist=0 facing=south
[10Oct2026 07:50:46.082] [Server thread/INFO] [deepluckyblock.procedures.Structures5Procedure/]: [STRUCT5-FLAT] grille de scoring : 147x147 cellules (13924 connues) en 26 ms -- T59/T62 (4078773 recherche(s) de chunk, dont 2 ayant attendu >2 ms, 698 ms au total)
[10Oct2026 07:50:46.096] [Server thread/INFO] [deepluckyblock.procedures.Structures5Procedure/]: [STRUCT5-FLAT] scoring termine : 2216 candidat(s) en 7 ms (joueur 0 ms, emprises 0 ms, mesures terrain 7 ms) -- T57
[10Oct2026 07:50:46.096] [Server thread/INFO] [deepluckyblock.procedures.Structures5Procedure/]: [STRUCT5-FLAT] 2523 candidat(s) ecarte(s) : surface en EAU (un lac est plat mais inconstructible) -- T75
[10Oct2026 07:50:46.221] [Server thread/INFO] [deepluckyblock.procedures.Structures5Procedure/]: [STRUCT5-FLAT] tranche 100ms terminée après 2 candidat(s); 2214 restent dans CE MÊME cercle
[10Oct2026 07:50:46.239] [Server thread/INFO] [deepluckyblock.procedures.Structures5Procedure/]: [STRUCT5] === PASTE citadel === off=[20,-35,20] dist=0 facing=south
[10Oct2026 07:50:46.278] [Server thread/INFO] [deepluckyblock.procedures.Structures5Procedure/]: [STRUCT5-FLAT] grille de scoring : 147x147 cellules (13924 connues) en 39 ms -- T59/T62 (4085618 recherche(s) de chunk, dont 2 ayant attendu >2 ms, 700 ms au total)
[10Oct2026 07:50:46.292] [Server thread/INFO] [deepluckyblock.procedures.Structures5Procedure/]: [STRUCT5-FLAT] scoring termine : 2214 candidat(s) en 8 ms (joueur 0 ms, emprises 0 ms, mesures terrain 8 ms) -- T57
[10Oct2026 07:50:46.293] [Server thread/INFO] [deepluckyblock.procedures.Structures5Procedure/]: [STRUCT5-FLAT] 2523 candidat(s) ecarte(s) : surface en EAU (un lac est plat mais inconstructible) -- T75
[10Oct2026 07:50:46.402] [Server thread/INFO] [deepluckyblock.procedures.Structures5Procedure/]: [STRUCT5-FLAT] tranche 100ms terminée après 2 candidat(s); 2212 restent dans CE MÊME cercle
[10Oct2026 07:50:46.410] [Server thread/INFO] [deepluckyblock.procedures.Structures5Procedure/]: [STRUCT5] === PASTE citadel === off=[20,-35,20] dist=0 facing=south
[10Oct2026 07:50:46.437] [Server thread/INFO] [deepluckyblock.procedures.Structures5Procedure/]: [STRUCT5-FLAT] grille de scoring : 147x147 cellules (13924 connues) en 26 ms -- T59/T62 (4092487 recherche(s) de chunk, dont 2 ayant attendu >2 ms, 702 ms au total)
[10Oct2026 07:50:46.446] [Server thread/INFO] [deepluckyblock.procedures.Structures5Procedure/]: [STRUCT5-FLAT] scoring termine : 2214 candidat(s) en 5 ms (joueur 1 ms, emprises 0 ms, mesures terrain 4 ms) -- T57
[10Oct2026 07:50:46.446] [Server thread/INFO] [deepluckyblock.procedures.Structures5Procedure/]: [STRUCT5-FLAT] 2523 candidat(s) ecarte(s) : surface en EAU (un lac est plat mais inconstructible) -- T75
[10Oct2026 07:50:46.561] [Server thread/INFO] [deepluckyblock.procedures.Structures5Procedure/]: [STRUCT5-FLAT] tranche 100ms terminée après 2 candidat(s); 2212 restent dans CE MÊME cercle
[10Oct2026 07:50:46.578] [Server thread/INFO] [deepluckyblock.procedures.Structures5Procedure/]: [STRUCT5] === PASTE citadel === off=[20,-35,20] dist=0 facing=south
[10Oct2026 07:50:46.645] [Server thread/INFO] [deepluckyblock.procedures.Structures5Procedure/]: [STRUCT5-FLAT] grille de scoring : 147x147 cellules (13924 connues) en 66 ms -- T59/T62 (4099356 recherche(s) de chunk, dont 2 ayant attendu >2 ms, 705 ms au total)
[10Oct2026 07:50:46.652] [Server thread/INFO] [deepluckyblock.procedures.Structures5Procedure/]: [STRUCT5-FLAT] scoring termine : 2212 candidat(s) en 2 ms (joueur 0 ms, emprises 0 ms, mesures terrain 2 ms) -- T57
[10Oct2026 07:50:46.653] [Server thread/INFO] [deepluckyblock.procedures.Structures5Procedure/]: [STRUCT5-FLAT] 2523 candidat(s) ecarte(s) : surface en EAU (un lac est plat mais inconstructible) -- T75
[10Oct2026 07:50:46.786] [Server thread/INFO] [deepluckyblock.procedures.Structures5Procedure/]: [STRUCT5-FLAT] tranche 100ms terminée après 3 candidat(s); 2209 restent dans CE MÊME cercle
[10Oct2026 07:50:46.805] [Server thread/INFO] [deepluckyblock.procedures.Structures5Procedure/]: [STRUCT5] === PASTE citadel === off=[20,-35,20] dist=0 facing=south
[10Oct2026 07:50:46.863] [Server thread/INFO] [deepluckyblock.procedures.Structures5Procedure/]: [STRUCT5-FLAT] grille de scoring : 147x147 cellules (13924 connues) en 50 ms -- T59/T62 (4106315 recherche(s) de chunk, dont 2 ayant attendu >2 ms, 707 ms au total)
[10Oct2026 07:50:46.871] [Server thread/INFO] [deepluckyblock.procedures.Structures5Procedure/]: [STRUCT5-FLAT] scoring termine : 2212 candidat(s) en 3 ms (joueur 0 ms, emprises 1 ms, mesures terrain 2 ms) -- T57
[10Oct2026 07:50:46.880] [Server thread/INFO] [deepluckyblock.procedures.Structures5Procedure/]: [STRUCT5-FLAT] 2523 candidat(s) ecarte(s) : surface en EAU (un lac est plat mais inconstructible) -- T75
[10Oct2026 07:50:47.010] [Server thread/INFO] [deepluckyblock.procedures.Structures5Procedure/]: [STRUCT5-FLAT] tranche 100ms terminée après 4 candidat(s); 2208 restent dans CE MÊME cercle
[10Oct2026 07:50:47.017] [Server thread/INFO] [deepluckyblock.procedures.Structures5Procedure/]: [STRUCT5] === PASTE citadel === off=[20,-35,20] dist=0 facing=south
[10Oct2026 07:50:47.046] [Server thread/INFO] [deepluckyblock.procedures.Structures5Procedure/]: [STRUCT5-FLAT] grille de scoring : 147x147 cellules (13924 connues) en 28 ms -- T59/T62 (4113319 recherche(s) de chunk, dont 2 ayant attendu >2 ms, 709 ms au total)
[10Oct2026 07:50:47.054] [Server thread/INFO] [deepluckyblock.procedures.Structures5Procedure/]: [STRUCT5-FLAT] scoring termine : 2209 candidat(s) en 6 ms (joueur 1 ms, emprises 3 ms, mesures terrain 2 ms) -- T57
[10Oct2026 07:50:47.054] [Server thread/INFO] [deepluckyblock.procedures.Structures5Procedure/]: [STRUCT5-FLAT] 2523 candidat(s) ecarte(s) : surface en EAU (un lac est plat mais inconstructible) -- T75
[10Oct2026 07:50:47.191] [Server thread/INFO] [deepluckyblock.procedures.Structures5Procedure/]: [STRUCT5-FLAT] tranche 100ms terminée après 2 candidat(s); 2207 restent dans CE MÊME cercle
[10Oct2026 07:50:47.210] [Server thread/INFO] [deepluckyblock.procedures.Structures5Procedure/]: [STRUCT5] === PASTE citadel === off=[20,-35,20] dist=0 facing=south
[10Oct2026 07:50:47.274] [Server thread/INFO] [deepluckyblock.procedures.Structures5Procedure/]: [STRUCT5-FLAT] grille de scoring : 147x147 cellules (13924 connues) en 63 ms -- T59/T62 (4120293 recherche(s) de chunk, dont 2 ayant attendu >2 ms, 712 ms au total)
[10Oct2026 07:50:47.285] [Server thread/INFO] [deepluckyblock.procedures.Structures5Procedure/]: [STRUCT5-FLAT] scoring termine : 2208 candidat(s) en 4 ms (joueur 0 ms, emprises 1 ms, mesures terrain 3 ms) -- T57
[10Oct2026 07:50:47.285] [Server thread/INFO] [deepluckyblock.procedures.Structures5Procedure/]: [STRUCT5-FLAT] 2523 candidat(s) ecarte(s) : surface en EAU (un lac est plat mais inconstructible) -- T75
[10Oct2026 07:50:47.400] [Server thread/INFO] [deepluckyblock.procedures.Structures5Procedure/]: [STRUCT5-FLAT] tranche 100ms terminée après 3 candidat(s); 2205 restent dans CE MÊME cercle
[10Oct2026 07:50:47.407] [Server thread/INFO] [deepluckyblock.procedures.Structures5Procedure/]: [STRUCT5] === PASTE citadel === off=[20,-35,20] dist=0 facing=south
[10Oct2026 07:50:47.433] [Server thread/INFO] [deepluckyblock.procedures.Structures5Procedure/]: [STRUCT5-FLAT] grille de scoring : 147x147 cellules (13924 connues) en 25 ms -- T59/T62 (4127312 recherche(s) de chunk, dont 2 ayant attendu >2 ms, 714 ms au total)
[10Oct2026 07:50:47.443] [Server thread/INFO] [deepluckyblock.procedures.Structures5Procedure/]: [STRUCT5-FLAT] scoring termine : 2207 candidat(s) en 5 ms (joueur 1 ms, emprises 1 ms, mesures terrain 3 ms) -- T57
[10Oct2026 07:50:47.443] [Server thread/INFO] [deepluckyblock.procedures.Structures5Procedure/]: [STRUCT5-FLAT] 2523 candidat(s) ecarte(s) : surface en EAU (un lac est plat mais inconstructible) -- T75
[10Oct2026 07:50:47.573] [Server thread/INFO] [deepluckyblock.procedures.Structures5Procedure/]: [STRUCT5-FLAT] tranche 100ms terminée après 12 candidat(s); 2195 restent dans CE MÊME cercle
[10Oct2026 07:50:47.582] [Server thread/INFO] [deepluckyblock.procedures.Structures5Procedure/]: [STRUCT5] === PASTE citadel === off=[20,-35,20] dist=0 facing=south
[10Oct2026 07:50:47.605] [Server thread/INFO] [deepluckyblock.procedures.Structures5Procedure/]: [STRUCT5-FLAT] grille de scoring : 147x147 cellules (13924 connues) en 22 ms -- T59/T62 (4135096 recherche(s) de chunk, dont 2 ayant attendu >2 ms, 716 ms au total)
[10Oct2026 07:50:47.613] [Server thread/INFO] [deepluckyblock.procedures.Structures5Procedure/]: [STRUCT5-FLAT] scoring termine : 2197 candidat(s) en 3 ms (joueur 0 ms, emprises 1 ms, mesures terrain 2 ms) -- T57
[10Oct2026 07:50:47.613] [Server thread/INFO] [deepluckyblock.procedures.Structures5Procedure/]: [STRUCT5-FLAT] 2523 candidat(s) ecarte(s) : surface en EAU (un lac est plat mais inconstructible) -- T75
[10Oct2026 07:50:47.738] [Server thread/INFO] [deepluckyblock.procedures.Structures5Procedure/]: [STRUCT5-FLAT] tranche 100ms terminée après 4 candidat(s); 2193 restent dans CE MÊME cercle
[10Oct2026 07:50:47.745] [Server thread/INFO] [deepluckyblock.procedures.Structures5Procedure/]: [STRUCT5] === PASTE citadel === off=[20,-35,20] dist=0 facing=south
[10Oct2026 07:50:47.767] [Server thread/INFO] [deepluckyblock.procedures.Structures5Procedure/]: [STRUCT5-FLAT] grille de scoring : 147x147 cellules (13924 connues) en 21 ms -- T59/T62 (4142271 recherche(s) de chunk, dont 2 ayant attendu >2 ms, 717 ms au total)
[10Oct2026 07:50:47.774] [Server thread/INFO] [deepluckyblock.procedures.Structures5Procedure/]: [STRUCT5-FLAT] scoring termine : 2195 candidat(s) en 4 ms (joueur 0 ms, emprises 0 ms, mesures terrain 4 ms) -- T57
[10Oct2026 07:50:47.774] [Server thread/INFO] [deepluckyblock.procedures.Structures5Procedure/]: [STRUCT5-FLAT] 2523 candidat(s) ecarte(s) : surface en EAU (un lac est plat mais inconstructible) -- T75
[10Oct2026 07:50:47.895] [Server thread/INFO] [deepluckyblock.procedures.Structures5Procedure/]: [STRUCT5-FLAT] tranche 100ms terminée après 4 candidat(s); 2191 restent dans CE MÊME cercle
[10Oct2026 07:50:47.903] [Server thread/INFO] [deepluckyblock.procedures.Structures5Procedure/]: [STRUCT5] === PASTE citadel === off=[20,-35,20] dist=0 facing=south
[10Oct2026 07:50:47.925] [Server thread/INFO] [deepluckyblock.procedures.Structures5Procedure/]: [STRUCT5-FLAT] grille de scoring : 147x147 cellules (13924 connues) en 21 ms -- T59/T62 (4149481 recherche(s) de chunk, dont 2 ayant attendu >2 ms, 719 ms au total)
[10Oct2026 07:50:47.933] [Server thread/INFO] [deepluckyblock.procedures.Structures5Procedure/]: [STRUCT5-FLAT] scoring termine : 2193 candidat(s) en 3 ms (joueur 0 ms, emprises 0 ms, mesures terrain 3 ms) -- T57
[10Oct2026 07:50:47.933] [Server thread/INFO] [deepluckyblock.procedures.Structures5Procedure/]: [STRUCT5-FLAT] 2523 candidat(s) ecarte(s) : surface en EAU (un lac est plat mais inconstructible) -- T75
[10Oct2026 07:50:48.056] [Server thread/INFO] [deepluckyblock.procedures.Structures5Procedure/]: [STRUCT5-FLAT] tranche 100ms terminée après 4 candidat(s); 2189 restent dans CE MÊME cercle
[10Oct2026 07:50:48.064] [Server thread/INFO] [deepluckyblock.procedures.Structures5Procedure/]: [STRUCT5] === PASTE citadel === off=[20,-35,20] dist=0 facing=south
[10Oct2026 07:50:48.086] [Server thread/INFO] [deepluckyblock.procedures.Structures5Procedure/]: [STRUCT5-FLAT] grille de scoring : 147x147 cellules (13924 connues) en 20 ms -- T59/T62 (4156655 recherche(s) de chunk, dont 2 ayant attendu >2 ms, 721 ms au total)
[10Oct2026 07:50:48.093] [Server thread/INFO] [deepluckyblock.procedures.Structures5Procedure/]: [STRUCT5-FLAT] scoring termine : 2191 candidat(s) en 4 ms (joueur 0 ms, emprises 0 ms, mesures terrain 4 ms) -- T57
[10Oct2026 07:50:48.093] [Server thread/INFO] [deepluckyblock.procedures.Structures5Procedure/]: [STRUCT5-FLAT] 2523 candidat(s) ecarte(s) : surface en EAU (un lac est plat mais inconstructible) -- T75
[10Oct2026 07:50:48.196] [Server thread/INFO] [deepluckyblock.procedures.Structures5Procedure/]: [STRUCT5-FLAT] tranche 100ms terminée après 3 candidat(s); 2188 restent dans CE MÊME cercle
[10Oct2026 07:50:48.203] [Server thread/INFO] [deepluckyblock.procedures.Structures5Procedure/]: [STRUCT5] === PASTE citadel === off=[20,-35,20] dist=0 facing=south
[10Oct2026 07:50:48.282] [Server thread/INFO] [deepluckyblock.procedures.Structures5Procedure/]: [STRUCT5-FLAT] grille de scoring : 147x147 cellules (13924 connues) en 72 ms -- T59/T62 (4163807 recherche(s) de chunk, dont 3 ayant attendu >2 ms, 737 ms au total)
[10Oct2026 07:50:48.311] [Server thread/INFO] [deepluckyblock.procedures.Structures5Procedure/]: [STRUCT5-FLAT] scoring termine : 2189 candidat(s) en 24 ms (joueur 1 ms, emprises 0 ms, mesures terrain 23 ms) -- T57
[10Oct2026 07:50:48.320] [Server thread/INFO] [deepluckyblock.procedures.Structures5Procedure/]: [STRUCT5-FLAT] 2523 candidat(s) ecarte(s) : surface en EAU (un lac est plat mais inconstructible) -- T75
[10Oct2026 07:50:48.442] [Server thread/INFO] [deepluckyblock.procedures.Structures5Procedure/]: [STRUCT5-FLAT] tranche 100ms terminée après 2 candidat(s); 2187 restent dans CE MÊME cercle
[10Oct2026 07:50:48.483] [Server thread/INFO] [deepluckyblock.procedures.Structures5Procedure/]: [STRUCT5] === PASTE citadel === off=[20,-35,20] dist=0 facing=south
[10Oct2026 07:50:48.518] [Server thread/INFO] [deepluckyblock.procedures.Structures5Procedure/]: [STRUCT5-FLAT] grille de scoring : 147x147 cellules (13924 connues) en 33 ms -- T59/T62 (4170975 recherche(s) de chunk, dont 3 ayant attendu >2 ms, 739 ms au total)
[10Oct2026 07:50:48.526] [Server thread/INFO] [deepluckyblock.procedures.Structures5Procedure/]: [STRUCT5-FLAT] scoring termine : 2188 candidat(s) en 5 ms (joueur 0 ms, emprises 2 ms, mesures terrain 3 ms) -- T57
[10Oct2026 07:50:48.526] [Server thread/INFO] [deepluckyblock.procedures.Structures5Procedure/]: [STRUCT5-FLAT] 2523 candidat(s) ecarte(s) : surface en EAU (un lac est plat mais inconstructible) -- T75
[10Oct2026 07:50:48.644] [Server thread/INFO] [deepluckyblock.procedures.Structures5Procedure/]: [STRUCT5-FLAT] tranche 100ms terminée après 3 candidat(s); 2185 restent dans CE MÊME cercle
[10Oct2026 07:50:48.670] [Server thread/INFO] [deepluckyblock.procedures.Structures5Procedure/]: [STRUCT5] === PASTE citadel === off=[20,-35,20] dist=0 facing=south
[10Oct2026 07:50:48.693] [Server thread/INFO] [deepluckyblock.procedures.Structures5Procedure/]: [STRUCT5-FLAT] grille de scoring : 147x147 cellules (13924 connues) en 20 ms -- T59/T62 (4178203 recherche(s) de chunk, dont 3 ayant attendu >2 ms, 741 ms au total)
[10Oct2026 07:50:48.701] [Server thread/INFO] [deepluckyblock.procedures.Structures5Procedure/]: [STRUCT5-FLAT] scoring termine : 2187 candidat(s) en 1 ms (joueur 1 ms, emprises 0 ms, mesures terrain 0 ms) -- T57
[10Oct2026 07:50:48.701] [Server thread/INFO] [deepluckyblock.procedures.Structures5Procedure/]: [STRUCT5-FLAT] 2523 candidat(s) ecarte(s) : surface en EAU (un lac est plat mais inconstructible) -- T75
[10Oct2026 07:50:48.827] [Server thread/INFO] [deepluckyblock.procedures.Structures5Procedure/]: [STRUCT5-FLAT] tranche 100ms terminée après 3 candidat(s); 2184 restent dans CE MÊME cercle
[10Oct2026 07:50:48.836] [Server thread/INFO] [deepluckyblock.procedures.Structures5Procedure/]: [STRUCT5] === PASTE citadel === off=[20,-35,20] dist=0 facing=south
[10Oct2026 07:50:48.858] [Server thread/INFO] [deepluckyblock.procedures.Structures5Procedure/]: [STRUCT5-FLAT] grille de scoring : 147x147 cellules (13924 connues) en 20 ms -- T59/T62 (4185441 recherche(s) de chunk, dont 3 ayant attendu >2 ms, 743 ms au total)
[10Oct2026 07:50:48.866] [Server thread/INFO] [deepluckyblock.procedures.Structures5Procedure/]: [STRUCT5-FLAT] scoring termine : 2185 candidat(s) en 3 ms (joueur 0 ms, emprises 1 ms, mesures terrain 2 ms) -- T57
[10Oct2026 07:50:48.866] [Server thread/INFO] [deepluckyblock.procedures.Structures5Procedure/]: [STRUCT5-FLAT] 2523 candidat(s) ecarte(s) : surface en EAU (un lac est plat mais inconstructible) -- T75
[10Oct2026 07:50:48.996] [Server thread/INFO] [deepluckyblock.procedures.Structures5Procedure/]: [STRUCT5-FLAT] tranche 100ms terminée après 3 candidat(s); 2182 restent dans CE MÊME cercle
[10Oct2026 07:50:49.011] [Server thread/INFO] [deepluckyblock.procedures.Structures5Procedure/]: [STRUCT5] === PASTE citadel === off=[20,-35,20] dist=0 facing=south
[10Oct2026 07:50:49.068] [Server thread/INFO] [deepluckyblock.procedures.Structures5Procedure/]: [STRUCT5-FLAT] grille de scoring : 147x147 cellules (13924 connues) en 46 ms -- T59/T62 (4192714 recherche(s) de chunk, dont 3 ayant attendu >2 ms, 745 ms au total)
[10Oct2026 07:50:49.086] [Server thread/INFO] [deepluckyblock.procedures.Structures5Procedure/]: [STRUCT5-FLAT] scoring termine : 2184 candidat(s) en 12 ms (joueur 0 ms, emprises 0 ms, mesures terrain 12 ms) -- T57
[10Oct2026 07:50:49.086] [Server thread/INFO] [deepluckyblock.procedures.Structures5Procedure/]: [STRUCT5-FLAT] 2523 candidat(s) ecarte(s) : surface en EAU (un lac est plat mais inconstructible) -- T75
[10Oct2026 07:50:49.237] [Server thread/INFO] [deepluckyblock.procedures.Structures5Procedure/]: [STRUCT5-FLAT] tranche 100ms terminée après 2 candidat(s); 2182 restent dans CE MÊME cercle
[10Oct2026 07:50:49.248] [Server thread/INFO] [deepluckyblock.procedures.Structures5Procedure/]: [STRUCT5] === PASTE citadel === off=[20,-35,20] dist=0 facing=south
[10Oct2026 07:50:49.272] [Server thread/INFO] [deepluckyblock.procedures.Structures5Procedure/]: [STRUCT5-FLAT] grille de scoring : 147x147 cellules (13924 connues) en 22 ms -- T59/T62 (4199966 recherche(s) de chunk, dont 3 ayant attendu >2 ms, 748 ms au total)
[10Oct2026 07:50:49.281] [Server thread/INFO] [deepluckyblock.procedures.Structures5Procedure/]: [STRUCT5-FLAT] scoring termine : 2182 candidat(s) en 3 ms (joueur 0 ms, emprises 0 ms, mesures terrain 3 ms) -- T57
[10Oct2026 07:50:49.281] [Server thread/INFO] [deepluckyblock.procedures.Structures5Procedure/]: [STRUCT5-FLAT] 2523 candidat(s) ecarte(s) : surface en EAU (un lac est plat mais inconstructible) -- T75
[10Oct2026 07:50:49.386] [Server thread/INFO] [deepluckyblock.procedures.Structures5Procedure/]: [STRUCT5-FLAT] tranche 100ms terminée après 2 candidat(s); 2180 restent dans CE MÊME cercle
[10Oct2026 07:50:49.394] [Server thread/INFO] [deepluckyblock.procedures.Structures5Procedure/]: [STRUCT5] === PASTE citadel === off=[20,-35,20] dist=0 facing=south
[10Oct2026 07:50:49.441] [Server thread/INFO] [deepluckyblock.procedures.Structures5Procedure/]: [STRUCT5-FLAT] grille de scoring : 147x147 cellules (13924 connues) en 36 ms -- T59/T62 (4207250 recherche(s) de chunk, dont 3 ayant attendu >2 ms, 750 ms au total)
[10Oct2026 07:50:49.455] [Server thread/INFO] [deepluckyblock.procedures.Structures5Procedure/]: [STRUCT5-FLAT] scoring termine : 2182 candidat(s) en 4 ms (joueur 0 ms, emprises 0 ms, mesures terrain 4 ms) -- T57
[10Oct2026 07:50:49.464] [Server thread/INFO] [deepluckyblock.procedures.Structures5Procedure/]: [STRUCT5-FLAT] 2523 candidat(s) ecarte(s) : surface en EAU (un lac est plat mais inconstructible) -- T75
[10Oct2026 07:50:49.616] [Server thread/INFO] [deepluckyblock.procedures.Structures5Procedure/]: [STRUCT5-FLAT] tranche 100ms terminée après 2 candidat(s); 2180 restent dans CE MÊME cercle
[10Oct2026 07:50:49.651] [Server thread/INFO] [deepluckyblock.procedures.Structures5Procedure/]: [STRUCT5] === PASTE citadel === off=[20,-35,20] dist=0 facing=south
[10Oct2026 07:50:49.690] [Server thread/INFO] [deepluckyblock.procedures.Structures5Procedure/]: [STRUCT5-FLAT] grille de scoring : 147x147 cellules (13924 connues) en 28 ms -- T59/T62 (4214534 recherche(s) de chunk, dont 3 ayant attendu >2 ms, 751 ms au total)
[10Oct2026 07:50:49.697] [Server thread/INFO] [deepluckyblock.procedures.Structures5Procedure/]: [STRUCT5-FLAT] scoring termine : 2180 candidat(s) en 3 ms (joueur 0 ms, emprises 0 ms, mesures terrain 3 ms) -- T57
[10Oct2026 07:50:49.698] [Server thread/INFO] [deepluckyblock.procedures.Structures5Procedure/]: [STRUCT5-FLAT] 2523 candidat(s) ecarte(s) : surface en EAU (un lac est plat mais inconstructible) -- T75
[10Oct2026 07:50:49.824] [Server thread/INFO] [deepluckyblock.procedures.Structures5Procedure/]: [STRUCT5-FLAT] tranche 100ms terminée après 3 candidat(s); 2177 restent dans CE MÊME cercle
[10Oct2026 07:50:49.849] [Server thread/INFO] [deepluckyblock.procedures.Structures5Procedure/]: [STRUCT5] === PASTE citadel === off=[20,-35,20] dist=0 facing=south
[10Oct2026 07:50:49.895] [Server thread/INFO] [deepluckyblock.procedures.Structures5Procedure/]: [STRUCT5-FLAT] grille de scoring : 147x147 cellules (13924 connues) en 44 ms -- T59/T62 (4221904 recherche(s) de chunk, dont 3 ayant attendu >2 ms, 753 ms au total)
[10Oct2026 07:50:49.902] [Server thread/INFO] [deepluckyblock.procedures.Structures5Procedure/]: [STRUCT5-FLAT] scoring termine : 2180 candidat(s) en 4 ms (joueur 0 ms, emprises 0 ms, mesures terrain 4 ms) -- T57
[10Oct2026 07:50:49.902] [Server thread/INFO] [deepluckyblock.procedures.Structures5Procedure/]: [STRUCT5-FLAT] 2523 candidat(s) ecarte(s) : surface en EAU (un lac est plat mais inconstructible) -- T75
[10Oct2026 07:50:50.022] [Server thread/INFO] [deepluckyblock.procedures.Structures5Procedure/]: [STRUCT5-FLAT] tranche 100ms terminée après 4 candidat(s); 2176 restent dans CE MÊME cercle
[10Oct2026 07:50:50.029] [Server thread/INFO] [deepluckyblock.procedures.Structures5Procedure/]: [STRUCT5] === PASTE citadel === off=[20,-35,20] dist=0 facing=south
[10Oct2026 07:50:50.056] [Server thread/INFO] [deepluckyblock.procedures.Structures5Procedure/]: [STRUCT5-FLAT] grille de scoring : 147x147 cellules (13924 connues) en 20 ms -- T59/T62 (4229310 recherche(s) de chunk, dont 3 ayant attendu >2 ms, 755 ms au total)
[10Oct2026 07:50:50.064] [Server thread/INFO] [deepluckyblock.procedures.Structures5Procedure/]: [STRUCT5-FLAT] scoring termine : 2177 candidat(s) en 5 ms (joueur 0 ms, emprises 0 ms, mesures terrain 5 ms) -- T57
[10Oct2026 07:50:50.064] [Server thread/INFO] [deepluckyblock.procedures.Structures5Procedure/]: [STRUCT5-FLAT] 2523 candidat(s) ecarte(s) : surface en EAU (un lac est plat mais inconstructible) -- T75
[10Oct2026 07:50:50.171] [Server thread/INFO] [deepluckyblock.procedures.Structures5Procedure/]: [STRUCT5-FLAT] tranche 100ms terminée après 3 candidat(s); 2174 restent dans CE MÊME cercle
[10Oct2026 07:50:50.178] [Server thread/INFO] [deepluckyblock.procedures.Structures5Procedure/]: [STRUCT5] === PASTE citadel === off=[20,-35,20] dist=0 facing=south
[10Oct2026 07:50:50.200] [Server thread/INFO] [deepluckyblock.procedures.Structures5Procedure/]: [STRUCT5-FLAT] grille de scoring : 147x147 cellules (13924 connues) en 19 ms -- T59/T62 (4236730 recherche(s) de chunk, dont 3 ayant attendu >2 ms, 757 ms au total)
[10Oct2026 07:50:50.207] [Server thread/INFO] [deepluckyblock.procedures.Structures5Procedure/]: [STRUCT5-FLAT] scoring termine : 2176 candidat(s) en 4 ms (joueur 1 ms, emprises 0 ms, mesures terrain 3 ms) -- T57
[10Oct2026 07:50:50.207] [Server thread/INFO] [deepluckyblock.procedures.Structures5Procedure/]: [STRUCT5-FLAT] 2523 candidat(s) ecarte(s) : surface en EAU (un lac est plat mais inconstructible) -- T75
[10Oct2026 07:50:50.354] [Server thread/INFO] [deepluckyblock.procedures.Structures5Procedure/]: [STRUCT5-FLAT] tranche 100ms terminée après 4 candidat(s); 2172 restent dans CE MÊME cercle
[10Oct2026 07:50:50.380] [Server thread/INFO] [deepluckyblock.procedures.Structures5Procedure/]: [STRUCT5] === PASTE citadel === off=[20,-35,20] dist=0 facing=south
[10Oct2026 07:50:50.402] [Server thread/INFO] [deepluckyblock.procedures.Structures5Procedure/]: [STRUCT5-FLAT] grille de scoring : 147x147 cellules (13924 connues) en 20 ms -- T59/T62 (4244192 recherche(s) de chunk, dont 3 ayant attendu >2 ms, 758 ms au total)
[10Oct2026 07:50:50.409] [Server thread/INFO] [deepluckyblock.procedures.Structures5Procedure/]: [STRUCT5-FLAT] scoring termine : 2174 candidat(s) en 2 ms (joueur 0 ms, emprises 1 ms, mesures terrain 1 ms) -- T57
[10Oct2026 07:50:50.410] [Server thread/INFO] [deepluckyblock.procedures.Structures5Procedure/]: [STRUCT5-FLAT] 2523 candidat(s) ecarte(s) : surface en EAU (un lac est plat mais inconstructible) -- T75
[10Oct2026 07:50:50.511] [Server thread/INFO] [deepluckyblock.procedures.Structures5Procedure/]: [STRUCT5-FLAT] tranche 100ms terminée après 3 candidat(s); 2171 restent dans CE MÊME cercle
[10Oct2026 07:50:50.521] [Server thread/INFO] [deepluckyblock.procedures.Structures5Procedure/]: [STRUCT5] === PASTE citadel === off=[20,-35,20] dist=0 facing=south
[10Oct2026 07:50:50.543] [Server thread/INFO] [deepluckyblock.procedures.Structures5Procedure/]: [STRUCT5-FLAT] grille de scoring : 147x147 cellules (13924 connues) en 20 ms -- T59/T62 (4251655 recherche(s) de chunk, dont 3 ayant attendu >2 ms, 760 ms au total)
[10Oct2026 07:50:50.550] [Server thread/INFO] [deepluckyblock.procedures.Structures5Procedure/]: [STRUCT5-FLAT] scoring termine : 2172 candidat(s) en 5 ms (joueur 1 ms, emprises 1 ms, mesures terrain 3 ms) -- T57
[10Oct2026 07:50:50.551] [Server thread/INFO] [deepluckyblock.procedures.Structures5Procedure/]: [STRUCT5-FLAT] 2523 candidat(s) ecarte(s) : surface en EAU (un lac est plat mais inconstructible) -- T75
[10Oct2026 07:50:50.670] [Server thread/INFO] [deepluckyblock.procedures.Structures5Procedure/]: [STRUCT5-FLAT] tranche 100ms terminée après 4 candidat(s); 2168 restent dans CE MÊME cercle
[10Oct2026 07:50:50.680] [Server thread/INFO] [deepluckyblock.procedures.Structures5Procedure/]: [STRUCT5] === PASTE citadel === off=[20,-35,20] dist=0 facing=south
[10Oct2026 07:50:50.703] [Server thread/INFO] [deepluckyblock.procedures.Structures5Procedure/]: [STRUCT5-FLAT] grille de scoring : 147x147 cellules (13924 connues) en 20 ms -- T59/T62 (4259154 recherche(s) de chunk, dont 3 ayant attendu >2 ms, 762 ms au total)
[10Oct2026 07:50:50.710] [Server thread/INFO] [deepluckyblock.procedures.Structures5Procedure/]: [STRUCT5-FLAT] scoring termine : 2171 candidat(s) en 3 ms (joueur 0 ms, emprises 0 ms, mesures terrain 3 ms) -- T57
[10Oct2026 07:50:50.710] [Server thread/INFO] [deepluckyblock.procedures.Structures5Procedure/]: [STRUCT5-FLAT] 2523 candidat(s) ecarte(s) : surface en EAU (un lac est plat mais inconstructible) -- T75
[10Oct2026 07:50:50.858] [Server thread/INFO] [deepluckyblock.procedures.Structures5Procedure/]: [STRUCT5-FLAT] tranche 100ms terminée après 3 candidat(s); 2168 restent dans CE MÊME cercle
[10Oct2026 07:50:50.887] [Server thread/INFO] [deepluckyblock.procedures.Structures5Procedure/]: [STRUCT5] === PASTE citadel === off=[20,-35,20] dist=0 facing=south
[10Oct2026 07:50:50.932] [Server thread/INFO] [deepluckyblock.procedures.Structures5Procedure/]: [STRUCT5-FLAT] grille de scoring : 147x147 cellules (13924 connues) en 41 ms -- T59/T62 (4266633 recherche(s) de chunk, dont 3 ayant attendu >2 ms, 764 ms au total)
[10Oct2026 07:50:50.940] [Server thread/INFO] [deepluckyblock.procedures.Structures5Procedure/]: [STRUCT5-FLAT] scoring termine : 2168 candidat(s) en 4 ms (joueur 0 ms, emprises 1 ms, mesures terrain 3 ms) -- T57
[10Oct2026 07:50:50.940] [Server thread/INFO] [deepluckyblock.procedures.Structures5Procedure/]: [STRUCT5-FLAT] 2523 candidat(s) ecarte(s) : surface en EAU (un lac est plat mais inconstructible) -- T75
[10Oct2026 07:50:51.065] [Server thread/INFO] [deepluckyblock.procedures.Structures5Procedure/]: [STRUCT5-FLAT] tranche 100ms terminée après 4 candidat(s); 2164 restent dans CE MÊME cercle
[10Oct2026 07:50:51.073] [Server thread/INFO] [deepluckyblock.procedures.Structures5Procedure/]: [STRUCT5] === PASTE citadel === off=[20,-35,20] dist=0 facing=south
[10Oct2026 07:50:51.096] [Server thread/INFO] [deepluckyblock.procedures.Structures5Procedure/]: [STRUCT5-FLAT] grille de scoring : 147x147 cellules (13924 connues) en 20 ms -- T59/T62 (4274198 recherche(s) de chunk, dont 3 ayant attendu >2 ms, 766 ms au total)
[10Oct2026 07:50:51.103] [Server thread/INFO] [deepluckyblock.procedures.Structures5Procedure/]: [STRUCT5-FLAT] scoring termine : 2168 candidat(s) en 5 ms (joueur 2 ms, emprises 1 ms, mesures terrain 2 ms) -- T57
[10Oct2026 07:50:51.103] [Server thread/INFO] [deepluckyblock.procedures.Structures5Procedure/]: [STRUCT5-FLAT] 2523 candidat(s) ecarte(s) : surface en EAU (un lac est plat mais inconstructible) -- T75
[10Oct2026 07:50:51.232] [Server thread/INFO] [deepluckyblock.procedures.Structures5Procedure/]: [STRUCT5-FLAT] tranche 100ms terminée après 4 candidat(s); 2164 restent dans CE MÊME cercle
[10Oct2026 07:50:51.239] [Server thread/INFO] [deepluckyblock.procedures.Structures5Procedure/]: [STRUCT5] === PASTE citadel === off=[20,-35,20] dist=0 facing=south
[10Oct2026 07:50:51.266] [Server thread/INFO] [deepluckyblock.procedures.Structures5Procedure/]: [STRUCT5-FLAT] grille de scoring : 147x147 cellules (13924 connues) en 24 ms -- T59/T62 (4281745 recherche(s) de chunk, dont 3 ayant attendu >2 ms, 767 ms au total)
[10Oct2026 07:50:51.277] [Server thread/INFO] [deepluckyblock.procedures.Structures5Procedure/]: [STRUCT5-FLAT] scoring termine : 2164 candidat(s) en 5 ms (joueur 1 ms, emprises 0 ms, mesures terrain 4 ms) -- T57
[10Oct2026 07:50:51.277] [Server thread/INFO] [deepluckyblock.procedures.Structures5Procedure/]: [STRUCT5-FLAT] 2523 candidat(s) ecarte(s) : surface en EAU (un lac est plat mais inconstructible) -- T75
[10Oct2026 07:50:51.401] [Server thread/INFO] [deepluckyblock.procedures.Structures5Procedure/]: [STRUCT5-FLAT] tranche 100ms terminée après 4 candidat(s); 2160 restent dans CE MÊME cercle
[10Oct2026 07:50:51.409] [Server thread/INFO] [deepluckyblock.procedures.Structures5Procedure/]: [STRUCT5] === PASTE citadel === off=[20,-35,20] dist=0 facing=south
[10Oct2026 07:50:51.432] [Server thread/INFO] [deepluckyblock.procedures.Structures5Procedure/]: [STRUCT5-FLAT] grille de scoring : 147x147 cellules (13924 connues) en 20 ms -- T59/T62 (4289351 recherche(s) de chunk, dont 3 ayant attendu >2 ms, 769 ms au total)
[10Oct2026 07:50:51.439] [Server thread/INFO] [deepluckyblock.procedures.Structures5Procedure/]: [STRUCT5-FLAT] scoring termine : 2164 candidat(s) en 3 ms (joueur 0 ms, emprises 0 ms, mesures terrain 3 ms) -- T57
[10Oct2026 07:50:51.439] [Server thread/INFO] [deepluckyblock.procedures.Structures5Procedure/]: [STRUCT5-FLAT] 2523 candidat(s) ecarte(s) : surface en EAU (un lac est plat mais inconstructible) -- T75
[10Oct2026 07:50:51.564] [Server thread/INFO] [deepluckyblock.procedures.Structures5Procedure/]: [STRUCT5-FLAT] tranche 100ms terminée après 4 candidat(s); 2160 restent dans CE MÊME cercle
[10Oct2026 07:50:51.571] [Server thread/INFO] [deepluckyblock.procedures.Structures5Procedure/]: [STRUCT5] === PASTE citadel === off=[20,-35,20] dist=0 facing=south
[10Oct2026 07:50:51.604] [Server thread/INFO] [deepluckyblock.procedures.Structures5Procedure/]: [STRUCT5-FLAT] grille de scoring : 147x147 cellules (13924 connues) en 30 ms -- T59/T62 (4296939 recherche(s) de chunk, dont 3 ayant attendu >2 ms, 772 ms au total)
[10Oct2026 07:50:51.613] [Server thread/INFO] [deepluckyblock.procedures.Structures5Procedure/]: [STRUCT5-FLAT] scoring termine : 2160 candidat(s) en 5 ms (joueur 1 ms, emprises 0 ms, mesures terrain 4 ms) -- T57
[10Oct2026 07:50:51.613] [Server thread/INFO] [deepluckyblock.procedures.Structures5Procedure/]: [STRUCT5-FLAT] 2523 candidat(s) ecarte(s) : surface en EAU (un lac est plat mais inconstructible) -- T75
[10Oct2026 07:50:51.729] [Server thread/INFO] [deepluckyblock.procedures.Structures5Procedure/]: [STRUCT5-FLAT] tranche 100ms terminée après 2 candidat(s); 2158 restent dans CE MÊME cercle
[10Oct2026 07:50:51.738] [Server thread/INFO] [deepluckyblock.procedures.Structures5Procedure/]: [STRUCT5] === PASTE citadel === off=[20,-35,20] dist=0 facing=south
[10Oct2026 07:50:51.762] [Server thread/INFO] [deepluckyblock.procedures.Structures5Procedure/]: [STRUCT5-FLAT] grille de scoring : 147x147 cellules (13924 connues) en 20 ms -- T59/T62 (4304527 recherche(s) de chunk, dont 3 ayant attendu >2 ms, 774 ms au total)
[10Oct2026 07:50:51.769] [Server thread/INFO] [deepluckyblock.procedures.Structures5Procedure/]: [STRUCT5-FLAT] scoring termine : 2160 candidat(s) en 3 ms (joueur 0 ms, emprises 0 ms, mesures terrain 3 ms) -- T57
[10Oct2026 07:50:51.769] [Server thread/INFO] [deepluckyblock.procedures.Structures5Procedure/]: [STRUCT5-FLAT] 2523 candidat(s) ecarte(s) : surface en EAU (un lac est plat mais inconstructible) -- T75
[10Oct2026 07:50:51.898] [Server thread/INFO] [deepluckyblock.procedures.Structures5Procedure/]: [STRUCT5-FLAT] tranche 100ms terminée après 8 candidat(s); 2152 restent dans CE MÊME cercle
[10Oct2026 07:50:51.906] [Server thread/INFO] [deepluckyblock.procedures.Structures5Procedure/]: [STRUCT5] === PASTE citadel === off=[20,-35,20] dist=0 facing=south
[10Oct2026 07:50:51.931] [Server thread/INFO] [deepluckyblock.procedures.Structures5Procedure/]: [STRUCT5-FLAT] grille de scoring : 147x147 cellules (13924 connues) en 21 ms -- T59/T62 (4314019 recherche(s) de chunk, dont 3 ayant attendu >2 ms, 776 ms au total)
[10Oct2026 07:50:51.939] [Server thread/INFO] [deepluckyblock.procedures.Structures5Procedure/]: [STRUCT5-FLAT] scoring termine : 2153 candidat(s) en 4 ms (joueur 0 ms, emprises 0 ms, mesures terrain 4 ms) -- T57
[10Oct2026 07:50:51.939] [Server thread/INFO] [deepluckyblock.procedures.Structures5Procedure/]: [STRUCT5-FLAT] 2523 candidat(s) ecarte(s) : surface en EAU (un lac est plat mais inconstructible) -- T75
[10Oct2026 07:50:52.066] [Server thread/INFO] [deepluckyblock.procedures.Structures5Procedure/]: [STRUCT5-FLAT] tranche 100ms terminée après 4 candidat(s); 2149 restent dans CE MÊME cercle
[10Oct2026 07:50:52.074] [Server thread/INFO] [deepluckyblock.procedures.Structures5Procedure/]: [STRUCT5] === PASTE citadel === off=[20,-35,20] dist=0 facing=south
[10Oct2026 07:50:52.098] [Server thread/INFO] [deepluckyblock.procedures.Structures5Procedure/]: [STRUCT5-FLAT] grille de scoring : 147x147 cellules (13924 connues) en 19 ms -- T59/T62 (4321787 recherche(s) de chunk, dont 3 ayant attendu >2 ms, 777 ms au total)
[10Oct2026 07:50:52.104] [Server thread/INFO] [deepluckyblock.procedures.Structures5Procedure/]: [STRUCT5-FLAT] scoring termine : 2152 candidat(s) en 5 ms (joueur 0 ms, emprises 1 ms, mesures terrain 4 ms) -- T57
[10Oct2026 07:50:52.105] [Server thread/INFO] [deepluckyblock.procedures.Structures5Procedure/]: [STRUCT5-FLAT] 2523 candidat(s) ecarte(s) : surface en EAU (un lac est plat mais inconstructible) -- T75
[10Oct2026 07:50:52.225] [Server thread/INFO] [deepluckyblock.procedures.Structures5Procedure/]: [STRUCT5-FLAT] tranche 100ms terminée après 4 candidat(s); 2148 restent dans CE MÊME cercle
[10Oct2026 07:50:52.234] [Server thread/INFO] [deepluckyblock.procedures.Structures5Procedure/]: [STRUCT5] === PASTE citadel === off=[20,-35,20] dist=0 facing=south
[10Oct2026 07:50:52.257] [Server thread/INFO] [deepluckyblock.procedures.Structures5Procedure/]: [STRUCT5-FLAT] grille de scoring : 147x147 cellules (13924 connues) en 20 ms -- T59/T62 (4329582 recherche(s) de chunk, dont 3 ayant attendu >2 ms, 779 ms au total)
[10Oct2026 07:50:52.264] [Server thread/INFO] [deepluckyblock.procedures.Structures5Procedure/]: [STRUCT5-FLAT] scoring termine : 2149 candidat(s) en 3 ms (joueur 0 ms, emprises 1 ms, mesures terrain 2 ms) -- T57
[10Oct2026 07:50:52.264] [Server thread/INFO] [deepluckyblock.procedures.Structures5Procedure/]: [STRUCT5-FLAT] 2523 candidat(s) ecarte(s) : surface en EAU (un lac est plat mais inconstructible) -- T75
[10Oct2026 07:50:52.385] [Server thread/INFO] [deepluckyblock.procedures.Structures5Procedure/]: [STRUCT5-FLAT] tranche 100ms terminée après 4 candidat(s); 2145 restent dans CE MÊME cercle
[10Oct2026 07:50:52.392] [Server thread/INFO] [deepluckyblock.procedures.Structures5Procedure/]: [STRUCT5] === PASTE citadel === off=[20,-35,20] dist=0 facing=south
[10Oct2026 07:50:52.415] [Server thread/INFO] [deepluckyblock.procedures.Structures5Procedure/]: [STRUCT5-FLAT] grille de scoring : 147x147 cellules (13924 connues) en 19 ms -- T59/T62 (4337467 recherche(s) de chunk, dont 3 ayant attendu >2 ms, 781 ms au total)
[10Oct2026 07:50:52.422] [Server thread/INFO] [deepluckyblock.procedures.Structures5Procedure/]: [STRUCT5-FLAT] scoring termine : 2148 candidat(s) en 4 ms (joueur 0 ms, emprises 0 ms, mesures terrain 4 ms) -- T57
[10Oct2026 07:50:52.423] [Server thread/INFO] [deepluckyblock.procedures.Structures5Procedure/]: [STRUCT5-FLAT] 2523 candidat(s) ecarte(s) : surface en EAU (un lac est plat mais inconstructible) -- T75
[10Oct2026 07:50:52.543] [Server thread/INFO] [deepluckyblock.procedures.Structures5Procedure/]: [STRUCT5-FLAT] tranche 100ms terminée après 4 candidat(s); 2144 restent dans CE MÊME cercle
[10Oct2026 07:50:52.550] [Server thread/INFO] [deepluckyblock.procedures.Structures5Procedure/]: [STRUCT5] === PASTE citadel === off=[20,-35,20] dist=0 facing=south
[10Oct2026 07:50:52.574] [Server thread/INFO] [deepluckyblock.procedures.Structures5Procedure/]: [STRUCT5-FLAT] grille de scoring : 147x147 cellules (13924 connues) en 20 ms -- T59/T62 (4345382 recherche(s) de chunk, dont 3 ayant attendu >2 ms, 783 ms au total)
[10Oct2026 07:50:52.581] [Server thread/INFO] [deepluckyblock.procedures.Structures5Procedure/]: [STRUCT5-FLAT] scoring termine : 2145 candidat(s) en 4 ms (joueur 0 ms, emprises 0 ms, mesures terrain 4 ms) -- T57
[10Oct2026 07:50:52.581] [Server thread/INFO] [deepluckyblock.procedures.Structures5Procedure/]: [STRUCT5-FLAT] 2523 candidat(s) ecarte(s) : surface en EAU (un lac est plat mais inconstructible) -- T75
[10Oct2026 07:50:52.721] [Server thread/INFO] [deepluckyblock.procedures.Structures5Procedure/]: [STRUCT5-FLAT] tranche 100ms terminée après 4 candidat(s); 2141 restent dans CE MÊME cercle
[10Oct2026 07:50:52.739] [Server thread/INFO] [deepluckyblock.procedures.Structures5Procedure/]: [STRUCT5] === PASTE citadel === off=[20,-35,20] dist=0 facing=south
[10Oct2026 07:50:52.774] [Server thread/INFO] [deepluckyblock.procedures.Structures5Procedure/]: [STRUCT5-FLAT] grille de scoring : 147x147 cellules (13924 connues) en 30 ms -- T59/T62 (4353423 recherche(s) de chunk, dont 3 ayant attendu >2 ms, 785 ms au total)
[10Oct2026 07:50:52.784] [Server thread/INFO] [deepluckyblock.procedures.Structures5Procedure/]: [STRUCT5-FLAT] scoring termine : 2144 candidat(s) en 5 ms (joueur 0 ms, emprises 0 ms, mesures terrain 5 ms) -- T57
[10Oct2026 07:50:52.784] [Server thread/INFO] [deepluckyblock.procedures.Structures5Procedure/]: [STRUCT5-FLAT] 2523 candidat(s) ecarte(s) : surface en EAU (un lac est plat mais inconstructible) -- T75
[10Oct2026 07:50:52.912] [Server thread/INFO] [deepluckyblock.procedures.Structures5Procedure/]: [STRUCT5-FLAT] tranche 100ms terminée après 4 candidat(s); 2140 restent dans CE MÊME cercle
[10Oct2026 07:50:52.925] [Server thread/INFO] [deepluckyblock.procedures.Structures5Procedure/]: [STRUCT5] === PASTE citadel === off=[20,-35,20] dist=0 facing=south
[10Oct2026 07:50:52.951] [Server thread/INFO] [deepluckyblock.procedures.Structures5Procedure/]: [STRUCT5-FLAT] grille de scoring : 147x147 cellules (13924 connues) en 22 ms -- T59/T62 (4361502 recherche(s) de chunk, dont 3 ayant attendu >2 ms, 787 ms au total)
[10Oct2026 07:50:52.960] [Server thread/INFO] [deepluckyblock.procedures.Structures5Procedure/]: [STRUCT5-FLAT] scoring termine : 2141 candidat(s) en 3 ms (joueur 0 ms, emprises 0 ms, mesures terrain 3 ms) -- T57
[10Oct2026 07:50:52.960] [Server thread/INFO] [deepluckyblock.procedures.Structures5Procedure/]: [STRUCT5-FLAT] 2523 candidat(s) ecarte(s) : surface en EAU (un lac est plat mais inconstructible) -- T75
[10Oct2026 07:50:53.065] [Server thread/INFO] [deepluckyblock.procedures.Structures5Procedure/]: [STRUCT5-FLAT] tranche 100ms terminée après 2 candidat(s); 2139 restent dans CE MÊME cercle
[10Oct2026 07:50:53.120] [Server thread/INFO] [deepluckyblock.procedures.Structures5Procedure/]: [STRUCT5] === PASTE citadel === off=[20,-35,20] dist=0 facing=south
[10Oct2026 07:50:53.181] [Server thread/INFO] [deepluckyblock.procedures.Structures5Procedure/]: [STRUCT5-FLAT] grille de scoring : 147x147 cellules (13933 connues) en 48 ms -- T59/T62 (4369518 recherche(s) de chunk, dont 3 ayant attendu >2 ms, 789 ms au total)
[10Oct2026 07:50:53.195] [Server thread/INFO] [deepluckyblock.procedures.Structures5Procedure/]: [STRUCT5-FLAT] scoring termine : 2146 candidat(s) en 2 ms (joueur 0 ms, emprises 0 ms, mesures terrain 2 ms) -- T57
[10Oct2026 07:50:53.202] [Server thread/INFO] [deepluckyblock.procedures.Structures5Procedure/]: [STRUCT5-FLAT] 2523 candidat(s) ecarte(s) : surface en EAU (un lac est plat mais inconstructible) -- T75
[10Oct2026 07:50:53.322] [Server thread/INFO] [deepluckyblock.procedures.Structures5Procedure/]: [STRUCT5-FLAT] tranche 100ms terminée après 2 candidat(s); 2144 restent dans CE MÊME cercle
[10Oct2026 07:50:53.351] [Server thread/INFO] [deepluckyblock.procedures.Structures5Procedure/]: [STRUCT5] === PASTE citadel === off=[20,-35,20] dist=0 facing=south
[10Oct2026 07:50:53.386] [Server thread/INFO] [deepluckyblock.procedures.Structures5Procedure/]: [STRUCT5-FLAT] grille de scoring : 147x147 cellules (13933 connues) en 31 ms -- T59/T62 (4377560 recherche(s) de chunk, dont 4 ayant attendu >2 ms, 800 ms au total)
[10Oct2026 07:50:53.394] [Server thread/INFO] [deepluckyblock.procedures.Structures5Procedure/]: [STRUCT5-FLAT] scoring termine : 2146 candidat(s) en 2 ms (joueur 0 ms, emprises 0 ms, mesures terrain 2 ms) -- T57
[10Oct2026 07:50:53.394] [Server thread/INFO] [deepluckyblock.procedures.Structures5Procedure/]: [STRUCT5-FLAT] 2523 candidat(s) ecarte(s) : surface en EAU (un lac est plat mais inconstructible) -- T75
[10Oct2026 07:50:53.547] [Server thread/INFO] [deepluckyblock.procedures.Structures5Procedure/]: [STRUCT5-FLAT] tranche 100ms terminée après 3 candidat(s); 2143 restent dans CE MÊME cercle
[10Oct2026 07:50:53.560] [Server thread/INFO] [deepluckyblock.procedures.Structures5Procedure/]: [STRUCT5] === PASTE citadel === off=[20,-35,20] dist=0 facing=south
[10Oct2026 07:50:53.624] [Server thread/INFO] [deepluckyblock.procedures.Structures5Procedure/]: [STRUCT5-FLAT] grille de scoring : 147x147 cellules (13945 connues) en 52 ms -- T59/T62 (4385668 recherche(s) de chunk, dont 4 ayant attendu >2 ms, 802 ms au total)
[10Oct2026 07:50:53.643] [Server thread/INFO] [deepluckyblock.procedures.Structures5Procedure/]: [STRUCT5-FLAT] scoring termine : 2148 candidat(s) en 15 ms (joueur 1 ms, emprises 0 ms, mesures terrain 14 ms) -- T57
[10Oct2026 07:50:53.652] [Server thread/INFO] [deepluckyblock.procedures.Structures5Procedure/]: [STRUCT5-FLAT] 2523 candidat(s) ecarte(s) : surface en EAU (un lac est plat mais inconstructible) -- T75
[10Oct2026 07:50:53.778] [Server thread/INFO] [deepluckyblock.procedures.Structures5Procedure/]: [STRUCT5-FLAT] tranche 100ms terminée après 2 candidat(s); 2146 restent dans CE MÊME cercle
[10Oct2026 07:50:53.794] [Server thread/INFO] [deepluckyblock.procedures.Structures5Procedure/]: [STRUCT5] === PASTE citadel === off=[20,-35,20] dist=0 facing=south
[10Oct2026 07:50:53.840] [Server thread/INFO] [deepluckyblock.procedures.Structures5Procedure/]: [STRUCT5-FLAT] grille de scoring : 147x147 cellules (13954 connues) en 36 ms -- T59/T62 (4393851 recherche(s) de chunk, dont 4 ayant attendu >2 ms, 804 ms au total)
[10Oct2026 07:50:53.847] [Server thread/INFO] [deepluckyblock.procedures.Structures5Procedure/]: [STRUCT5-FLAT] scoring termine : 2151 candidat(s) en 4 ms (joueur 1 ms, emprises 2 ms, mesures terrain 1 ms) -- T57
[10Oct2026 07:50:53.847] [Server thread/INFO] [deepluckyblock.procedures.Structures5Procedure/]: [STRUCT5-FLAT] 2523 candidat(s) ecarte(s) : surface en EAU (un lac est plat mais inconstructible) -- T75
[10Oct2026 07:50:53.956] [Server thread/INFO] [deepluckyblock.procedures.Structures5Procedure/]: [STRUCT5-FLAT] tranche 100ms terminée après 2 candidat(s); 2149 restent dans CE MÊME cercle
[10Oct2026 07:50:53.966] [Server thread/INFO] [deepluckyblock.procedures.Structures5Procedure/]: [STRUCT5] === PASTE citadel === off=[20,-35,20] dist=0 facing=south
[10Oct2026 07:50:54.017] [Server thread/INFO] [deepluckyblock.procedures.Structures5Procedure/]: [STRUCT5-FLAT] grille de scoring : 147x147 cellules (13963 connues) en 36 ms -- T59/T62 (4402061 recherche(s) de chunk, dont 4 ayant attendu >2 ms, 806 ms au total)
[10Oct2026 07:50:54.037] [Server thread/INFO] [deepluckyblock.procedures.Structures5Procedure/]: [STRUCT5-FLAT] scoring termine : 2153 candidat(s) en 3 ms (joueur 0 ms, emprises 1 ms, mesures terrain 2 ms) -- T57
[10Oct2026 07:50:54.037] [Server thread/INFO] [deepluckyblock.procedures.Structures5Procedure/]: [STRUCT5-FLAT] 2523 candidat(s) ecarte(s) : surface en EAU (un lac est plat mais inconstructible) -- T75
[10Oct2026 07:50:54.160] [Server thread/INFO] [deepluckyblock.procedures.Structures5Procedure/]: [STRUCT5-FLAT] tranche 100ms terminée après 4 candidat(s); 2149 restent dans CE MÊME cercle
[10Oct2026 07:50:54.167] [Server thread/INFO] [deepluckyblock.procedures.Structures5Procedure/]: [STRUCT5] === PASTE citadel === off=[20,-35,20] dist=0 facing=south
[10Oct2026 07:50:54.209] [Server thread/INFO] [deepluckyblock.procedures.Structures5Procedure/]: [STRUCT5-FLAT] grille de scoring : 147x147 cellules (13963 connues) en 20 ms -- T59/T62 (4410424 recherche(s) de chunk, dont 4 ayant attendu >2 ms, 808 ms au total)
[10Oct2026 07:50:54.218] [Server thread/INFO] [deepluckyblock.procedures.Structures5Procedure/]: [STRUCT5-FLAT] scoring termine : 2152 candidat(s) en 4 ms (joueur 0 ms, emprises 1 ms, mesures terrain 3 ms) -- T57
[10Oct2026 07:50:54.218] [Server thread/INFO] [deepluckyblock.procedures.Structures5Procedure/]: [STRUCT5-FLAT] 2523 candidat(s) ecarte(s) : surface en EAU (un lac est plat mais inconstructible) -- T75
[10Oct2026 07:50:54.349] [Server thread/INFO] [deepluckyblock.procedures.Structures5Procedure/]: [STRUCT5-FLAT] tranche 100ms terminée après 4 candidat(s); 2148 restent dans CE MÊME cercle
[10Oct2026 07:50:54.384] [Server thread/INFO] [deepluckyblock.procedures.Structures5Procedure/]: [STRUCT5] === PASTE citadel === off=[20,-35,20] dist=0 facing=south
[10Oct2026 07:50:54.437] [Server thread/INFO] [deepluckyblock.procedures.Structures5Procedure/]: [STRUCT5-FLAT] grille de scoring : 147x147 cellules (13954 connues) en 48 ms -- T59/T62 (4418819 recherche(s) de chunk, dont 4 ayant attendu >2 ms, 810 ms au total)
[10Oct2026 07:50:54.452] [Server thread/INFO] [deepluckyblock.procedures.Structures5Procedure/]: [STRUCT5-FLAT] scoring termine : 2146 candidat(s) en 3 ms (joueur 0 ms, emprises 1 ms, mesures terrain 2 ms) -- T57
[10Oct2026 07:50:54.452] [Server thread/INFO] [deepluckyblock.procedures.Structures5Procedure/]: [STRUCT5-FLAT] 2523 candidat(s) ecarte(s) : surface en EAU (un lac est plat mais inconstructible) -- T75
[10Oct2026 07:50:54.589] [Server thread/INFO] [deepluckyblock.procedures.Structures5Procedure/]: [STRUCT5-FLAT] tranche 100ms terminée après 3 candidat(s); 2143 restent dans CE MÊME cercle
[10Oct2026 07:50:54.613] [Server thread/INFO] [deepluckyblock.procedures.Structures5Procedure/]: [STRUCT5] === PASTE citadel === off=[20,-35,20] dist=0 facing=south
[10Oct2026 07:50:54.660] [Server thread/INFO] [deepluckyblock.procedures.Structures5Procedure/]: [STRUCT5-FLAT] grille de scoring : 147x147 cellules (13954 connues) en 40 ms -- T59/T62 (4427220 recherche(s) de chunk, dont 4 ayant attendu >2 ms, 812 ms au total)
[10Oct2026 07:50:54.667] [Server thread/INFO] [deepluckyblock.procedures.Structures5Procedure/]: [STRUCT5-FLAT] scoring termine : 2145 candidat(s) en 4 ms (joueur 1 ms, emprises 0 ms, mesures terrain 3 ms) -- T57
[10Oct2026 07:50:54.667] [Server thread/INFO] [deepluckyblock.procedures.Structures5Procedure/]: [STRUCT5-FLAT] 2523 candidat(s) ecarte(s) : surface en EAU (un lac est plat mais inconstructible) -- T75
[10Oct2026 07:50:54.773] [Server thread/INFO] [deepluckyblock.procedures.Structures5Procedure/]: [STRUCT5-FLAT] tranche 100ms terminée après 2 candidat(s); 2143 restent dans CE MÊME cercle
[10Oct2026 07:50:54.783] [Server thread/INFO] [deepluckyblock.procedures.Structures5Procedure/]: [STRUCT5] === PASTE citadel === off=[20,-35,20] dist=0 facing=south
[10Oct2026 07:50:54.809] [Server thread/INFO] [deepluckyblock.procedures.Structures5Procedure/]: [STRUCT5-FLAT] grille de scoring : 147x147 cellules (13954 connues) en 20 ms -- T59/T62 (4435591 recherche(s) de chunk, dont 4 ayant attendu >2 ms, 814 ms au total)
[10Oct2026 07:50:54.818] [Server thread/INFO] [deepluckyblock.procedures.Structures5Procedure/]: [STRUCT5-FLAT] scoring termine : 2143 candidat(s) en 5 ms (joueur 1 ms, emprises 0 ms, mesures terrain 4 ms) -- T57
[10Oct2026 07:50:54.818] [Server thread/INFO] [deepluckyblock.procedures.Structures5Procedure/]: [STRUCT5-FLAT] 2523 candidat(s) ecarte(s) : surface en EAU (un lac est plat mais inconstructible) -- T75
[10Oct2026 07:50:54.941] [Server thread/INFO] [deepluckyblock.procedures.Structures5Procedure/]: [STRUCT5-FLAT] tranche 100ms terminée après 4 candidat(s); 2139 restent dans CE MÊME cercle
[10Oct2026 07:50:54.949] [Server thread/INFO] [deepluckyblock.procedures.Structures5Procedure/]: [STRUCT5] === PASTE citadel === off=[20,-35,20] dist=0 facing=south
[10Oct2026 07:50:54.974] [Server thread/INFO] [deepluckyblock.procedures.Structures5Procedure/]: [STRUCT5-FLAT] grille de scoring : 147x147 cellules (13954 connues) en 20 ms -- T59/T62 (4444099 recherche(s) de chunk, dont 4 ayant attendu >2 ms, 816 ms au total)
[10Oct2026 07:50:54.981] [Server thread/INFO] [deepluckyblock.procedures.Structures5Procedure/]: [STRUCT5-FLAT] scoring termine : 2143 candidat(s) en 4 ms (joueur 0 ms, emprises 0 ms, mesures terrain 4 ms) -- T57
[10Oct2026 07:50:54.981] [Server thread/INFO] [deepluckyblock.procedures.Structures5Procedure/]: [STRUCT5-FLAT] 2523 candidat(s) ecarte(s) : surface en EAU (un lac est plat mais inconstructible) -- T75
[10Oct2026 07:50:55.135] [Server thread/INFO] [deepluckyblock.procedures.Structures5Procedure/]: [STRUCT5-FLAT] tranche 100ms terminée après 4 candidat(s); 2139 restent dans CE MÊME cercle
[10Oct2026 07:50:55.142] [Server thread/INFO] [deepluckyblock.procedures.Structures5Procedure/]: [STRUCT5] === PASTE citadel === off=[20,-35,20] dist=0 facing=south
[10Oct2026 07:50:55.167] [Server thread/INFO] [deepluckyblock.procedures.Structures5Procedure/]: [STRUCT5-FLAT] grille de scoring : 147x147 cellules (13954 connues) en 19 ms -- T59/T62 (4452607 recherche(s) de chunk, dont 4 ayant attendu >2 ms, 817 ms au total)
[10Oct2026 07:50:55.174] [Server thread/INFO] [deepluckyblock.procedures.Structures5Procedure/]: [STRUCT5-FLAT] scoring termine : 2139 candidat(s) en 5 ms (joueur 1 ms, emprises 1 ms, mesures terrain 3 ms) -- T57
[10Oct2026 07:50:55.174] [Server thread/INFO] [deepluckyblock.procedures.Structures5Procedure/]: [STRUCT5-FLAT] 2523 candidat(s) ecarte(s) : surface en EAU (un lac est plat mais inconstructible) -- T75
[10Oct2026 07:50:55.283] [Server thread/INFO] [deepluckyblock.procedures.Structures5Procedure/]: [STRUCT5-FLAT] tranche 100ms terminée après 3 candidat(s); 2136 restent dans CE MÊME cercle
[10Oct2026 07:50:55.292] [Server thread/INFO] [deepluckyblock.procedures.Structures5Procedure/]: [STRUCT5] === PASTE citadel === off=[20,-35,20] dist=0 facing=south
[10Oct2026 07:50:55.318] [Server thread/INFO] [deepluckyblock.procedures.Structures5Procedure/]: [STRUCT5-FLAT] grille de scoring : 147x147 cellules (13954 connues) en 20 ms -- T59/T62 (4461173 recherche(s) de chunk, dont 4 ayant attendu >2 ms, 819 ms au total)
[10Oct2026 07:50:55.324] [Server thread/INFO] [deepluckyblock.procedures.Structures5Procedure/]: [STRUCT5-FLAT] scoring termine : 2139 candidat(s) en 3 ms (joueur 0 ms, emprises 0 ms, mesures terrain 3 ms) -- T57
[10Oct2026 07:50:55.324] [Server thread/INFO] [deepluckyblock.procedures.Structures5Procedure/]: [STRUCT5-FLAT] 2523 candidat(s) ecarte(s) : surface en EAU (un lac est plat mais inconstructible) -- T75
[10Oct2026 07:50:55.442] [Server thread/INFO] [deepluckyblock.procedures.Structures5Procedure/]: [STRUCT5-FLAT] tranche 100ms terminée après 4 candidat(s); 2135 restent dans CE MÊME cercle
[10Oct2026 07:50:55.450] [Server thread/INFO] [deepluckyblock.procedures.Structures5Procedure/]: [STRUCT5] === PASTE citadel === off=[20,-35,20] dist=0 facing=south
[10Oct2026 07:50:55.475] [Server thread/INFO] [deepluckyblock.procedures.Structures5Procedure/]: [STRUCT5-FLAT] grille de scoring : 147x147 cellules (13963 connues) en 20 ms -- T59/T62 (4469814 recherche(s) de chunk, dont 4 ayant attendu >2 ms, 821 ms au total)
[10Oct2026 07:50:55.482] [Server thread/INFO] [deepluckyblock.procedures.Structures5Procedure/]: [STRUCT5-FLAT] scoring termine : 2139 candidat(s) en 5 ms (joueur 1 ms, emprises 1 ms, mesures terrain 3 ms) -- T57
[10Oct2026 07:50:55.482] [Server thread/INFO] [deepluckyblock.procedures.Structures5Procedure/]: [STRUCT5-FLAT] 2523 candidat(s) ecarte(s) : surface en EAU (un lac est plat mais inconstructible) -- T75
[10Oct2026 07:50:55.597] [Server thread/INFO] [deepluckyblock.procedures.Structures5Procedure/]: [STRUCT5-FLAT] tranche 100ms terminée après 4 candidat(s); 2135 restent dans CE MÊME cercle
[10Oct2026 07:50:55.605] [Server thread/INFO] [deepluckyblock.procedures.Structures5Procedure/]: [STRUCT5] === PASTE citadel === off=[20,-35,20] dist=0 facing=south
[10Oct2026 07:50:55.610] [Server thread/INFO] [deepluckyblock.procedures.Structures5Procedure/]: [STRUCT5-FLAT] recherche toujours en cours : rayon 369 blocs, 94 candidat(s) differe(s) en chargement de fond, 3480 centre(s) ecarte(s), 60 s ecoulees -- T230
[10Oct2026 07:50:55.630] [Server thread/INFO] [deepluckyblock.procedures.Structures5Procedure/]: [STRUCT5-FLAT] grille de scoring : 147x147 cellules (13963 connues) en 19 ms -- T59/T62 (4478559 recherche(s) de chunk, dont 4 ayant attendu >2 ms, 823 ms au total)
[10Oct2026 07:50:55.637] [Server thread/INFO] [deepluckyblock.procedures.Structures5Procedure/]: [STRUCT5-FLAT] scoring termine : 2138 candidat(s) en 6 ms (joueur 2 ms, emprises 0 ms, mesures terrain 4 ms) -- T57
[10Oct2026 07:50:55.637] [Server thread/INFO] [deepluckyblock.procedures.Structures5Procedure/]: [STRUCT5-FLAT] 2523 candidat(s) ecarte(s) : surface en EAU (un lac est plat mais inconstructible) -- T75
[10Oct2026 07:50:55.754] [Server thread/INFO] [deepluckyblock.procedures.Structures5Procedure/]: [STRUCT5-FLAT] tranche 100ms terminée après 4 candidat(s); 2134 restent dans CE MÊME cercle
[10Oct2026 07:50:55.761] [Server thread/INFO] [deepluckyblock.procedures.Structures5Procedure/]: [STRUCT5] === PASTE citadel === off=[20,-35,20] dist=0 facing=south
[10Oct2026 07:50:55.786] [Server thread/INFO] [deepluckyblock.procedures.Structures5Procedure/]: [STRUCT5-FLAT] grille de scoring : 147x147 cellules (13963 connues) en 19 ms -- T59/T62 (4487325 recherche(s) de chunk, dont 4 ayant attendu >2 ms, 824 ms au total)
[10Oct2026 07:50:55.793] [Server thread/INFO] [deepluckyblock.procedures.Structures5Procedure/]: [STRUCT5-FLAT] scoring termine : 2135 candidat(s) en 5 ms (joueur 1 ms, emprises 1 ms, mesures terrain 3 ms) -- T57
[10Oct2026 07:50:55.793] [Server thread/INFO] [deepluckyblock.procedures.Structures5Procedure/]: [STRUCT5-FLAT] 2523 candidat(s) ecarte(s) : surface en EAU (un lac est plat mais inconstructible) -- T75
[10Oct2026 07:50:55.918] [Server thread/INFO] [deepluckyblock.procedures.Structures5Procedure/]: [STRUCT5-FLAT] tranche 100ms terminée après 4 candidat(s); 2131 restent dans CE MÊME cercle
[10Oct2026 07:50:55.925] [Server thread/INFO] [deepluckyblock.procedures.Structures5Procedure/]: [STRUCT5] === PASTE citadel === off=[20,-35,20] dist=0 facing=south
[10Oct2026 07:50:55.951] [Server thread/INFO] [deepluckyblock.procedures.Structures5Procedure/]: [STRUCT5-FLAT] grille de scoring : 147x147 cellules (13954 connues) en 20 ms -- T59/T62 (4496113 recherche(s) de chunk, dont 4 ayant attendu >2 ms, 826 ms au total)
[10Oct2026 07:50:55.958] [Server thread/INFO] [deepluckyblock.procedures.Structures5Procedure/]: [STRUCT5-FLAT] scoring termine : 2129 candidat(s) en 3 ms (joueur 1 ms, emprises 0 ms, mesures terrain 2 ms) -- T57
[10Oct2026 07:50:55.958] [Server thread/INFO] [deepluckyblock.procedures.Structures5Procedure/]: [STRUCT5-FLAT] 2523 candidat(s) ecarte(s) : surface en EAU (un lac est plat mais inconstructible) -- T75
[10Oct2026 07:50:56.079] [Server thread/INFO] [deepluckyblock.procedures.Structures5Procedure/]: [STRUCT5-FLAT] tranche 100ms terminée après 4 candidat(s); 2125 restent dans CE MÊME cercle
[10Oct2026 07:50:56.087] [Server thread/INFO] [deepluckyblock.procedures.Structures5Procedure/]: [STRUCT5] === PASTE citadel === off=[20,-35,20] dist=0 facing=south
[10Oct2026 07:50:56.114] [Server thread/INFO] [deepluckyblock.procedures.Structures5Procedure/]: [STRUCT5-FLAT] grille de scoring : 147x147 cellules (13954 connues) en 21 ms -- T59/T62 (4504892 recherche(s) de chunk, dont 4 ayant attendu >2 ms, 828 ms au total)
[10Oct2026 07:50:56.121] [Server thread/INFO] [deepluckyblock.procedures.Structures5Procedure/]: [STRUCT5-FLAT] scoring termine : 2125 candidat(s) en 5 ms (joueur 0 ms, emprises 0 ms, mesures terrain 5 ms) -- T57
[10Oct2026 07:50:56.121] [Server thread/INFO] [deepluckyblock.procedures.Structures5Procedure/]: [STRUCT5-FLAT] 2523 candidat(s) ecarte(s) : surface en EAU (un lac est plat mais inconstructible) -- T75
[10Oct2026 07:50:56.243] [Server thread/INFO] [deepluckyblock.procedures.Structures5Procedure/]: [STRUCT5-FLAT] tranche 100ms terminée après 4 candidat(s); 2121 restent dans CE MÊME cercle
[10Oct2026 07:50:56.252] [Server thread/INFO] [deepluckyblock.procedures.Structures5Procedure/]: [STRUCT5] === PASTE citadel === off=[20,-35,20] dist=0 facing=south
[10Oct2026 07:50:56.282] [Server thread/INFO] [deepluckyblock.procedures.Structures5Procedure/]: [STRUCT5-FLAT] grille de scoring : 147x147 cellules (13954 connues) en 24 ms -- T59/T62 (4513698 recherche(s) de chunk, dont 4 ayant attendu >2 ms, 830 ms au total)
[10Oct2026 07:50:56.290] [Server thread/INFO] [deepluckyblock.procedures.Structures5Procedure/]: [STRUCT5-FLAT] scoring termine : 2121 candidat(s) en 4 ms (joueur 0 ms, emprises 1 ms, mesures terrain 3 ms) -- T57
[10Oct2026 07:50:56.291] [Server thread/INFO] [deepluckyblock.procedures.Structures5Procedure/]: [STRUCT5-FLAT] 2523 candidat(s) ecarte(s) : surface en EAU (un lac est plat mais inconstructible) -- T75
[10Oct2026 07:50:56.409] [Server thread/INFO] [deepluckyblock.procedures.Structures5Procedure/]: [STRUCT5-FLAT] tranche 100ms terminée après 2 candidat(s); 2119 restent dans CE MÊME cercle
[10Oct2026 07:50:56.418] [Server thread/INFO] [deepluckyblock.procedures.Structures5Procedure/]: [STRUCT5] === PASTE citadel === off=[20,-35,20] dist=0 facing=south
[10Oct2026 07:50:56.444] [Server thread/INFO] [deepluckyblock.procedures.Structures5Procedure/]: [STRUCT5-FLAT] grille de scoring : 147x147 cellules (13954 connues) en 20 ms -- T59/T62 (4522423 recherche(s) de chunk, dont 4 ayant attendu >2 ms, 832 ms au total)
[10Oct2026 07:50:56.451] [Server thread/INFO] [deepluckyblock.procedures.Structures5Procedure/]: [STRUCT5-FLAT] scoring termine : 2119 candidat(s) en 4 ms (joueur 0 ms, emprises 1 ms, mesures terrain 3 ms) -- T57
[10Oct2026 07:50:56.452] [Server thread/INFO] [deepluckyblock.procedures.Structures5Procedure/]: [STRUCT5-FLAT] 2523 candidat(s) ecarte(s) : surface en EAU (un lac est plat mais inconstructible) -- T75
[10Oct2026 07:50:56.577] [Server thread/INFO] [deepluckyblock.procedures.Structures5Procedure/]: [STRUCT5-FLAT] tranche 100ms terminée après 4 candidat(s); 2115 restent dans CE MÊME cercle
[10Oct2026 07:50:56.587] [Server thread/INFO] [deepluckyblock.procedures.Structures5Procedure/]: [STRUCT5] === PASTE citadel === off=[20,-35,20] dist=0 facing=south
[10Oct2026 07:50:56.613] [Server thread/INFO] [deepluckyblock.procedures.Structures5Procedure/]: [STRUCT5-FLAT] grille de scoring : 147x147 cellules (13963 connues) en 20 ms -- T59/T62 (4531229 recherche(s) de chunk, dont 4 ayant attendu >2 ms, 834 ms au total)
[10Oct2026 07:50:56.620] [Server thread/INFO] [deepluckyblock.procedures.Structures5Procedure/]: [STRUCT5-FLAT] scoring termine : 2118 candidat(s) en 3 ms (joueur 0 ms, emprises 0 ms, mesures terrain 3 ms) -- T57
[10Oct2026 07:50:56.620] [Server thread/INFO] [deepluckyblock.procedures.Structures5Procedure/]: [STRUCT5-FLAT] 2523 candidat(s) ecarte(s) : surface en EAU (un lac est plat mais inconstructible) -- T75
[10Oct2026 07:50:56.731] [Server thread/INFO] [deepluckyblock.procedures.Structures5Procedure/]: [STRUCT5-FLAT] tranche 100ms terminée après 7 candidat(s); 2111 restent dans CE MÊME cercle
[10Oct2026 07:50:56.739] [Server thread/INFO] [deepluckyblock.procedures.Structures5Procedure/]: [STRUCT5] === PASTE citadel === off=[20,-35,20] dist=0 facing=south
[10Oct2026 07:50:56.765] [Server thread/INFO] [deepluckyblock.procedures.Structures5Procedure/]: [STRUCT5-FLAT] grille de scoring : 147x147 cellules (13975 connues) en 20 ms -- T59/T62 (4541517 recherche(s) de chunk, dont 4 ayant attendu >2 ms, 836 ms au total)
[10Oct2026 07:50:56.772] [Server thread/INFO] [deepluckyblock.procedures.Structures5Procedure/]: [STRUCT5-FLAT] scoring termine : 2127 candidat(s) en 4 ms (joueur 2 ms, emprises 0 ms, mesures terrain 2 ms) -- T57
[10Oct2026 07:50:56.772] [Server thread/INFO] [deepluckyblock.procedures.Structures5Procedure/]: [STRUCT5-FLAT] 2523 candidat(s) ecarte(s) : surface en EAU (un lac est plat mais inconstructible) -- T75
[10Oct2026 07:50:56.884] [Server thread/INFO] [deepluckyblock.procedures.Structures5Procedure/]: [STRUCT5-FLAT] tranche 100ms terminée après 6 candidat(s); 2121 restent dans CE MÊME cercle
[10Oct2026 07:50:56.893] [Server thread/INFO] [deepluckyblock.procedures.Structures5Procedure/]: [STRUCT5] === PASTE citadel === off=[20,-35,20] dist=0 facing=south
[10Oct2026 07:50:56.922] [Server thread/INFO] [deepluckyblock.procedures.Structures5Procedure/]: [STRUCT5-FLAT] grille de scoring : 147x147 cellules (13984 connues) en 22 ms -- T59/T62 (4551522 recherche(s) de chunk, dont 4 ayant attendu >2 ms, 838 ms au total)
[10Oct2026 07:50:56.929] [Server thread/INFO] [deepluckyblock.procedures.Structures5Procedure/]: [STRUCT5-FLAT] scoring termine : 2135 candidat(s) en 5 ms (joueur 0 ms, emprises 0 ms, mesures terrain 5 ms) -- T57
[10Oct2026 07:50:56.929] [Server thread/INFO] [deepluckyblock.procedures.Structures5Procedure/]: [STRUCT5-FLAT] 2523 candidat(s) ecarte(s) : surface en EAU (un lac est plat mais inconstructible) -- T75
[10Oct2026 07:50:57.054] [Server thread/INFO] [deepluckyblock.procedures.Structures5Procedure/]: [STRUCT5-FLAT] tranche 100ms terminée après 4 candidat(s); 2131 restent dans CE MÊME cercle
[10Oct2026 07:50:57.062] [Server thread/INFO] [deepluckyblock.procedures.Structures5Procedure/]: [STRUCT5] === PASTE citadel === off=[20,-35,20] dist=0 facing=south
[10Oct2026 07:50:57.087] [Server thread/INFO] [deepluckyblock.procedures.Structures5Procedure/]: [STRUCT5-FLAT] grille de scoring : 147x147 cellules (13987 connues) en 19 ms -- T59/T62 (4560476 recherche(s) de chunk, dont 4 ayant attendu >2 ms, 840 ms au total)
[10Oct2026 07:50:57.094] [Server thread/INFO] [deepluckyblock.procedures.Structures5Procedure/]: [STRUCT5-FLAT] scoring termine : 2141 candidat(s) en 3 ms (joueur 0 ms, emprises 0 ms, mesures terrain 3 ms) -- T57
[10Oct2026 07:50:57.094] [Server thread/INFO] [deepluckyblock.procedures.Structures5Procedure/]: [STRUCT5-FLAT] 2523 candidat(s) ecarte(s) : surface en EAU (un lac est plat mais inconstructible) -- T75
[10Oct2026 07:50:57.225] [Server thread/INFO] [deepluckyblock.procedures.Structures5Procedure/]: [STRUCT5-FLAT] tranche 100ms terminée après 6 candidat(s); 2135 restent dans CE MÊME cercle
[10Oct2026 07:50:57.236] [Server thread/INFO] [deepluckyblock.procedures.Structures5Procedure/]: [STRUCT5] === PASTE citadel === off=[20,-35,20] dist=0 facing=south
[10Oct2026 07:50:57.262] [Server thread/INFO] [deepluckyblock.procedures.Structures5Procedure/]: [STRUCT5-FLAT] grille de scoring : 147x147 cellules (13987 connues) en 20 ms -- T59/T62 (4570170 recherche(s) de chunk, dont 4 ayant attendu >2 ms, 842 ms au total)
[10Oct2026 07:50:57.269] [Server thread/INFO] [deepluckyblock.procedures.Structures5Procedure/]: [STRUCT5-FLAT] scoring termine : 2135 candidat(s) en 5 ms (joueur 1 ms, emprises 0 ms, mesures terrain 4 ms) -- T57
[10Oct2026 07:50:57.269] [Server thread/INFO] [deepluckyblock.procedures.Structures5Procedure/]: [STRUCT5-FLAT] 2523 candidat(s) ecarte(s) : surface en EAU (un lac est plat mais inconstructible) -- T75
[10Oct2026 07:50:57.383] [Server thread/INFO] [deepluckyblock.procedures.Structures5Procedure/]: [STRUCT5-FLAT] tranche 100ms terminée après 8 candidat(s); 2127 restent dans CE MÊME cercle
[10Oct2026 07:50:57.390] [Server thread/INFO] [deepluckyblock.procedures.Structures5Procedure/]: [STRUCT5] === PASTE citadel === off=[20,-35,20] dist=0 facing=south
[10Oct2026 07:50:57.417] [Server thread/INFO] [deepluckyblock.procedures.Structures5Procedure/]: [STRUCT5-FLAT] grille de scoring : 147x147 cellules (13999 connues) en 21 ms -- T59/T62 (4580947 recherche(s) de chunk, dont 4 ayant attendu >2 ms, 845 ms au total)
[10Oct2026 07:50:57.424] [Server thread/INFO] [deepluckyblock.procedures.Structures5Procedure/]: [STRUCT5-FLAT] scoring termine : 2134 candidat(s) en 3 ms (joueur 1 ms, emprises 0 ms, mesures terrain 2 ms) -- T57
[10Oct2026 07:50:57.424] [Server thread/INFO] [deepluckyblock.procedures.Structures5Procedure/]: [STRUCT5-FLAT] 2523 candidat(s) ecarte(s) : surface en EAU (un lac est plat mais inconstructible) -- T75
[10Oct2026 07:50:57.526] [Server thread/INFO] [deepluckyblock.procedures.Structures5Procedure/]: [STRUCT5-FLAT] tranche 100ms terminée après 11 candidat(s); 2123 restent dans CE MÊME cercle
[10Oct2026 07:50:57.537] [Server thread/INFO] [deepluckyblock.procedures.Structures5Procedure/]: [STRUCT5] === PASTE citadel === off=[20,-35,20] dist=0 facing=south
[10Oct2026 07:50:57.564] [Server thread/INFO] [deepluckyblock.procedures.Structures5Procedure/]: [STRUCT5-FLAT] grille de scoring : 147x147 cellules (13999 connues) en 21 ms -- T59/T62 (4593186 recherche(s) de chunk, dont 4 ayant attendu >2 ms, 847 ms au total)
[10Oct2026 07:50:57.571] [Server thread/INFO] [deepluckyblock.procedures.Structures5Procedure/]: [STRUCT5-FLAT] scoring termine : 2123 candidat(s) en 2 ms (joueur 0 ms, emprises 2 ms, mesures terrain 0 ms) -- T57
[10Oct2026 07:50:57.571] [Server thread/INFO] [deepluckyblock.procedures.Structures5Procedure/]: [STRUCT5-FLAT] 2523 candidat(s) ecarte(s) : surface en EAU (un lac est plat mais inconstructible) -- T75
[10Oct2026 07:50:57.684] [Server thread/INFO] [deepluckyblock.procedures.Structures5Procedure/]: [STRUCT5-FLAT] tranche 100ms terminée après 6 candidat(s); 2117 restent dans CE MÊME cercle
[10Oct2026 07:50:57.692] [Server thread/INFO] [deepluckyblock.procedures.Structures5Procedure/]: [STRUCT5] === PASTE citadel === off=[20,-35,20] dist=0 facing=south
[10Oct2026 07:50:57.719] [Server thread/INFO] [deepluckyblock.procedures.Structures5Procedure/]: [STRUCT5-FLAT] grille de scoring : 147x147 cellules (13999 connues) en 20 ms -- T59/T62 (4603239 recherche(s) de chunk, dont 4 ayant attendu >2 ms, 849 ms au total)
[10Oct2026 07:50:57.726] [Server thread/INFO] [deepluckyblock.procedures.Structures5Procedure/]: [STRUCT5-FLAT] scoring termine : 2117 candidat(s) en 4 ms (joueur 1 ms, emprises 0 ms, mesures terrain 3 ms) -- T57
[10Oct2026 07:50:57.726] [Server thread/INFO] [deepluckyblock.procedures.Structures5Procedure/]: [STRUCT5-FLAT] 2523 candidat(s) ecarte(s) : surface en EAU (un lac est plat mais inconstructible) -- T75
[10Oct2026 07:50:57.877] [Server thread/INFO] [deepluckyblock.procedures.Structures5Procedure/]: [STRUCT5-FLAT] tranche 100ms terminée après 2 candidat(s); 2115 restent dans CE MÊME cercle
[10Oct2026 07:50:57.916] [Server thread/INFO] [deepluckyblock.procedures.Structures5Procedure/]: [STRUCT5] === PASTE citadel === off=[20,-35,20] dist=0 facing=south
[10Oct2026 07:50:57.943] [Server thread/INFO] [deepluckyblock.procedures.Structures5Procedure/]: [STRUCT5-FLAT] grille de scoring : 147x147 cellules (13999 connues) en 20 ms -- T59/T62 (4612148 recherche(s) de chunk, dont 4 ayant attendu >2 ms, 852 ms au total)
[10Oct2026 07:50:57.951] [Server thread/INFO] [deepluckyblock.procedures.Structures5Procedure/]: [STRUCT5-FLAT] scoring termine : 2115 candidat(s) en 4 ms (joueur 1 ms, emprises 0 ms, mesures terrain 3 ms) -- T57
[10Oct2026 07:50:57.951] [Server thread/INFO] [deepluckyblock.procedures.Structures5Procedure/]: [STRUCT5-FLAT] 2523 candidat(s) ecarte(s) : surface en EAU (un lac est plat mais inconstructible) -- T75
[10Oct2026 07:50:58.095] [Server thread/INFO] [deepluckyblock.procedures.Structures5Procedure/]: [STRUCT5-FLAT] tranche 100ms terminée après 3 candidat(s); 2112 restent dans CE MÊME cercle
[10Oct2026 07:50:58.120] [Server thread/INFO] [deepluckyblock.procedures.Structures5Procedure/]: [STRUCT5] === PASTE citadel === off=[20,-35,20] dist=0 facing=south
[10Oct2026 07:50:58.162] [Server thread/INFO] [deepluckyblock.procedures.Structures5Procedure/]: [STRUCT5-FLAT] grille de scoring : 147x147 cellules (13999 connues) en 36 ms -- T59/T62 (4621093 recherche(s) de chunk, dont 4 ayant attendu >2 ms, 854 ms au total)
[10Oct2026 07:50:58.169] [Server thread/INFO] [deepluckyblock.procedures.Structures5Procedure/]: [STRUCT5-FLAT] scoring termine : 2112 candidat(s) en 4 ms (joueur 1 ms, emprises 1 ms, mesures terrain 2 ms) -- T57
[10Oct2026 07:50:58.169] [Server thread/INFO] [deepluckyblock.procedures.Structures5Procedure/]: [STRUCT5-FLAT] 2523 candidat(s) ecarte(s) : surface en EAU (un lac est plat mais inconstructible) -- T75
[10Oct2026 07:50:58.289] [Server thread/INFO] [deepluckyblock.procedures.Structures5Procedure/]: [STRUCT5-FLAT] tranche 100ms terminée après 3 candidat(s); 2109 restent dans CE MÊME cercle
[10Oct2026 07:50:58.304] [Server thread/INFO] [deepluckyblock.procedures.Structures5Procedure/]: [STRUCT5] === PASTE citadel === off=[20,-35,20] dist=0 facing=south
[10Oct2026 07:50:58.356] [Server thread/INFO] [deepluckyblock.procedures.Structures5Procedure/]: [STRUCT5-FLAT] grille de scoring : 147x147 cellules (13999 connues) en 38 ms -- T59/T62 (4630011 recherche(s) de chunk, dont 4 ayant attendu >2 ms, 856 ms au total)
[10Oct2026 07:50:58.373] [Server thread/INFO] [deepluckyblock.procedures.Structures5Procedure/]: [STRUCT5-FLAT] scoring termine : 2109 candidat(s) en 4 ms (joueur 0 ms, emprises 0 ms, mesures terrain 4 ms) -- T57
[10Oct2026 07:50:58.380] [Server thread/INFO] [deepluckyblock.procedures.Structures5Procedure/]: [STRUCT5-FLAT] 2523 candidat(s) ecarte(s) : surface en EAU (un lac est plat mais inconstructible) -- T75
[10Oct2026 07:50:58.501] [Server thread/INFO] [deepluckyblock.procedures.Structures5Procedure/]: [STRUCT5-FLAT] tranche 100ms terminée après 2 candidat(s); 2107 restent dans CE MÊME cercle
[10Oct2026 07:50:58.517] [Server thread/INFO] [deepluckyblock.procedures.Structures5Procedure/]: [STRUCT5] === PASTE citadel === off=[20,-35,20] dist=0 facing=south
[10Oct2026 07:50:58.568] [Server thread/INFO] [deepluckyblock.procedures.Structures5Procedure/]: [STRUCT5-FLAT] grille de scoring : 147x147 cellules (13999 connues) en 45 ms -- T59/T62 (4638902 recherche(s) de chunk, dont 4 ayant attendu >2 ms, 859 ms au total)
[10Oct2026 07:50:58.583] [Server thread/INFO] [deepluckyblock.procedures.Structures5Procedure/]: [STRUCT5-FLAT] scoring termine : 2107 candidat(s) en 4 ms (joueur 0 ms, emprises 0 ms, mesures terrain 4 ms) -- T57
[10Oct2026 07:50:58.586] [Server thread/INFO] [deepluckyblock.procedures.Structures5Procedure/]: [STRUCT5-FLAT] 2523 candidat(s) ecarte(s) : surface en EAU (un lac est plat mais inconstructible) -- T75
[10Oct2026 07:50:58.690] [Server thread/INFO] [deepluckyblock.procedures.Structures5Procedure/]: [STRUCT5-FLAT] tranche 100ms terminée après 2 candidat(s); 2105 restent dans CE MÊME cercle
[10Oct2026 07:50:58.709] [Server thread/INFO] [deepluckyblock.procedures.Structures5Procedure/]: [STRUCT5] === PASTE citadel === off=[20,-35,20] dist=0 facing=south
[10Oct2026 07:50:58.737] [Server thread/INFO] [deepluckyblock.procedures.Structures5Procedure/]: [STRUCT5-FLAT] grille de scoring : 147x147 cellules (13999 connues) en 21 ms -- T59/T62 (4647793 recherche(s) de chunk, dont 4 ayant attendu >2 ms, 861 ms au total)
[10Oct2026 07:50:58.744] [Server thread/INFO] [deepluckyblock.procedures.Structures5Procedure/]: [STRUCT5-FLAT] scoring termine : 2105 candidat(s) en 2 ms (joueur 0 ms, emprises 0 ms, mesures terrain 2 ms) -- T57
[10Oct2026 07:50:58.744] [Server thread/INFO] [deepluckyblock.procedures.Structures5Procedure/]: [STRUCT5-FLAT] 2523 candidat(s) ecarte(s) : surface en EAU (un lac est plat mais inconstructible) -- T75
[10Oct2026 07:50:58.874] [Server thread/INFO] [deepluckyblock.procedures.Structures5Procedure/]: [STRUCT5-FLAT] tranche 100ms terminée après 3 candidat(s); 2102 restent dans CE MÊME cercle
[10Oct2026 07:50:58.882] [Server thread/INFO] [deepluckyblock.procedures.Structures5Procedure/]: [STRUCT5] === PASTE citadel === off=[20,-35,20] dist=0 facing=south
[10Oct2026 07:50:58.908] [Server thread/INFO] [deepluckyblock.procedures.Structures5Procedure/]: [STRUCT5-FLAT] grille de scoring : 147x147 cellules (13999 connues) en 19 ms -- T59/T62 (4656711 recherche(s) de chunk, dont 4 ayant attendu >2 ms, 863 ms au total)
[10Oct2026 07:50:58.915] [Server thread/INFO] [deepluckyblock.procedures.Structures5Procedure/]: [STRUCT5-FLAT] scoring termine : 2102 candidat(s) en 4 ms (joueur 1 ms, emprises 1 ms, mesures terrain 2 ms) -- T57
[10Oct2026 07:50:58.915] [Server thread/INFO] [deepluckyblock.procedures.Structures5Procedure/]: [STRUCT5-FLAT] 2523 candidat(s) ecarte(s) : surface en EAU (un lac est plat mais inconstructible) -- T75
[10Oct2026 07:50:59.043] [Server thread/INFO] [deepluckyblock.procedures.Structures5Procedure/]: [STRUCT5-FLAT] tranche 100ms terminée après 3 candidat(s); 2099 restent dans CE MÊME cercle
[10Oct2026 07:50:59.051] [Server thread/INFO] [deepluckyblock.procedures.Structures5Procedure/]: [STRUCT5] === PASTE citadel === off=[20,-35,20] dist=0 facing=south
[10Oct2026 07:50:59.095] [Server thread/INFO] [deepluckyblock.procedures.Structures5Procedure/]: [STRUCT5-FLAT] grille de scoring : 147x147 cellules (13999 connues) en 37 ms -- T59/T62 (4665629 recherche(s) de chunk, dont 4 ayant attendu >2 ms, 864 ms au total)
[10Oct2026 07:50:59.110] [Server thread/INFO] [deepluckyblock.procedures.Structures5Procedure/]: [STRUCT5-FLAT] scoring termine : 2099 candidat(s) en 11 ms (joueur 0 ms, emprises 1 ms, mesures terrain 10 ms) -- T57
[10Oct2026 07:50:59.110] [Server thread/INFO] [deepluckyblock.procedures.Structures5Procedure/]: [STRUCT5-FLAT] 2523 candidat(s) ecarte(s) : surface en EAU (un lac est plat mais inconstructible) -- T75
[10Oct2026 07:50:59.236] [Server thread/INFO] [deepluckyblock.procedures.Structures5Procedure/]: [STRUCT5-FLAT] tranche 100ms terminée après 2 candidat(s); 2097 restent dans CE MÊME cercle
[10Oct2026 07:50:59.253] [Server thread/INFO] [deepluckyblock.procedures.Structures5Procedure/]: [STRUCT5] === PASTE citadel === off=[20,-35,20] dist=0 facing=south
[10Oct2026 07:50:59.280] [Server thread/INFO] [deepluckyblock.procedures.Structures5Procedure/]: [STRUCT5-FLAT] grille de scoring : 147x147 cellules (13999 connues) en 20 ms -- T59/T62 (4674520 recherche(s) de chunk, dont 4 ayant attendu >2 ms, 866 ms au total)
[10Oct2026 07:50:59.287] [Server thread/INFO] [deepluckyblock.procedures.Structures5Procedure/]: [STRUCT5-FLAT] scoring termine : 2097 candidat(s) en 4 ms (joueur 0 ms, emprises 0 ms, mesures terrain 4 ms) -- T57
[10Oct2026 07:50:59.287] [Server thread/INFO] [deepluckyblock.procedures.Structures5Procedure/]: [STRUCT5-FLAT] 2523 candidat(s) ecarte(s) : surface en EAU (un lac est plat mais inconstructible) -- T75
[10Oct2026 07:50:59.391] [Server thread/INFO] [deepluckyblock.procedures.Structures5Procedure/]: [STRUCT5-FLAT] tranche 100ms terminée après 6 candidat(s); 2091 restent dans CE MÊME cercle
[10Oct2026 07:50:59.399] [Server thread/INFO] [deepluckyblock.procedures.Structures5Procedure/]: [STRUCT5] === PASTE citadel === off=[20,-35,20] dist=0 facing=south
[10Oct2026 07:50:59.426] [Server thread/INFO] [deepluckyblock.procedures.Structures5Procedure/]: [STRUCT5-FLAT] grille de scoring : 147x147 cellules (13999 connues) en 20 ms -- T59/T62 (4684557 recherche(s) de chunk, dont 4 ayant attendu >2 ms, 868 ms au total)
[10Oct2026 07:50:59.433] [Server thread/INFO] [deepluckyblock.procedures.Structures5Procedure/]: [STRUCT5-FLAT] scoring termine : 2091 candidat(s) en 4 ms (joueur 0 ms, emprises 0 ms, mesures terrain 4 ms) -- T57
[10Oct2026 07:50:59.433] [Server thread/INFO] [deepluckyblock.procedures.Structures5Procedure/]: [STRUCT5-FLAT] 2523 candidat(s) ecarte(s) : surface en EAU (un lac est plat mais inconstructible) -- T75
[10Oct2026 07:50:59.549] [Server thread/INFO] [deepluckyblock.procedures.Structures5Procedure/]: [STRUCT5-FLAT] tranche 100ms terminée après 3 candidat(s); 2088 restent dans CE MÊME cercle
[10Oct2026 07:50:59.556] [Server thread/INFO] [deepluckyblock.procedures.Structures5Procedure/]: [STRUCT5] === PASTE citadel === off=[20,-35,20] dist=0 facing=south
[10Oct2026 07:50:59.583] [Server thread/INFO] [deepluckyblock.procedures.Structures5Procedure/]: [STRUCT5-FLAT] grille de scoring : 147x147 cellules (13999 connues) en 21 ms -- T59/T62 (4693493 recherche(s) de chunk, dont 4 ayant attendu >2 ms, 870 ms au total)
[10Oct2026 07:50:59.589] [Server thread/INFO] [deepluckyblock.procedures.Structures5Procedure/]: [STRUCT5-FLAT] scoring termine : 2088 candidat(s) en 2 ms (joueur 0 ms, emprises 1 ms, mesures terrain 1 ms) -- T57
[10Oct2026 07:50:59.589] [Server thread/INFO] [deepluckyblock.procedures.Structures5Procedure/]: [STRUCT5-FLAT] 2523 candidat(s) ecarte(s) : surface en EAU (un lac est plat mais inconstructible) -- T75
[10Oct2026 07:50:59.702] [Server thread/INFO] [deepluckyblock.procedures.Structures5Procedure/]: [STRUCT5-FLAT] tranche 100ms terminée après 8 candidat(s); 2080 restent dans CE MÊME cercle
[10Oct2026 07:50:59.709] [Server thread/INFO] [deepluckyblock.procedures.Structures5Procedure/]: [STRUCT5] === PASTE citadel === off=[20,-35,20] dist=0 facing=south
[10Oct2026 07:50:59.736] [Server thread/INFO] [deepluckyblock.procedures.Structures5Procedure/]: [STRUCT5-FLAT] grille de scoring : 147x147 cellules (13999 connues) en 21 ms -- T59/T62 (4704288 recherche(s) de chunk, dont 4 ayant attendu >2 ms, 873 ms au total)
[10Oct2026 07:50:59.743] [Server thread/INFO] [deepluckyblock.procedures.Structures5Procedure/]: [STRUCT5-FLAT] scoring termine : 2080 candidat(s) en 3 ms (joueur 0 ms, emprises 0 ms, mesures terrain 3 ms) -- T57
[10Oct2026 07:50:59.743] [Server thread/INFO] [deepluckyblock.procedures.Structures5Procedure/]: [STRUCT5-FLAT] 2523 candidat(s) ecarte(s) : surface en EAU (un lac est plat mais inconstructible) -- T75
[10Oct2026 07:50:59.864] [Server thread/INFO] [deepluckyblock.procedures.Structures5Procedure/]: [STRUCT5-FLAT] tranche 100ms terminée après 5 candidat(s); 2075 restent dans CE MÊME cercle
[10Oct2026 07:50:59.871] [Server thread/INFO] [deepluckyblock.procedures.Structures5Procedure/]: [STRUCT5] === PASTE citadel === off=[20,-35,20] dist=0 facing=south
[10Oct2026 07:50:59.897] [Server thread/INFO] [deepluckyblock.procedures.Structures5Procedure/]: [STRUCT5-FLAT] grille de scoring : 147x147 cellules (13999 connues) en 20 ms -- T59/T62 (4713293 recherche(s) de chunk, dont 4 ayant attendu >2 ms, 875 ms au total)
[10Oct2026 07:50:59.904] [Server thread/INFO] [deepluckyblock.procedures.Structures5Procedure/]: [STRUCT5-FLAT] scoring termine : 2075 candidat(s) en 4 ms (joueur 0 ms, emprises 1 ms, mesures terrain 3 ms) -- T57
[10Oct2026 07:50:59.904] [Server thread/INFO] [deepluckyblock.procedures.Structures5Procedure/]: [STRUCT5-FLAT] 2523 candidat(s) ecarte(s) : surface en EAU (un lac est plat mais inconstructible) -- T75
[10Oct2026 07:51:00.024] [Server thread/INFO] [deepluckyblock.procedures.Structures5Procedure/]: [STRUCT5-FLAT] tranche 100ms terminée après 4 candidat(s); 2071 restent dans CE MÊME cercle
[10Oct2026 07:51:00.031] [Server thread/INFO] [deepluckyblock.procedures.Structures5Procedure/]: [STRUCT5] === PASTE citadel === off=[20,-35,20] dist=0 facing=south
[10Oct2026 07:51:00.058] [Server thread/INFO] [deepluckyblock.procedures.Structures5Procedure/]: [STRUCT5-FLAT] grille de scoring : 147x147 cellules (13999 connues) en 20 ms -- T59/T62 (4722247 recherche(s) de chunk, dont 4 ayant attendu >2 ms, 876 ms au total)
[10Oct2026 07:51:00.066] [Server thread/INFO] [deepluckyblock.procedures.Structures5Procedure/]: [STRUCT5-FLAT] scoring termine : 2071 candidat(s) en 4 ms (joueur 0 ms, emprises 0 ms, mesures terrain 4 ms) -- T57
[10Oct2026 07:51:00.066] [Server thread/INFO] [deepluckyblock.procedures.Structures5Procedure/]: [STRUCT5-FLAT] 2523 candidat(s) ecarte(s) : surface en EAU (un lac est plat mais inconstructible) -- T75
[10Oct2026 07:51:00.186] [Server thread/INFO] [deepluckyblock.procedures.Structures5Procedure/]: [STRUCT5-FLAT] tranche 100ms terminée après 6 candidat(s); 2065 restent dans CE MÊME cercle
[10Oct2026 07:51:00.194] [Server thread/INFO] [deepluckyblock.procedures.Structures5Procedure/]: [STRUCT5] === PASTE citadel === off=[20,-35,20] dist=0 facing=south
[10Oct2026 07:51:00.226] [Server thread/INFO] [deepluckyblock.procedures.Structures5Procedure/]: [STRUCT5-FLAT] grille de scoring : 147x147 cellules (13999 connues) en 24 ms -- T59/T62 (4732291 recherche(s) de chunk, dont 4 ayant attendu >2 ms, 879 ms au total)
[10Oct2026 07:51:00.234] [Server thread/INFO] [deepluckyblock.procedures.Structures5Procedure/]: [STRUCT5-FLAT] scoring termine : 2065 candidat(s) en 5 ms (joueur 0 ms, emprises 1 ms, mesures terrain 4 ms) -- T57
[10Oct2026 07:51:00.234] [Server thread/INFO] [deepluckyblock.procedures.Structures5Procedure/]: [STRUCT5-FLAT] 2523 candidat(s) ecarte(s) : surface en EAU (un lac est plat mais inconstructible) -- T75
[10Oct2026 07:51:00.389] [Server thread/INFO] [deepluckyblock.procedures.Structures5Procedure/]: [STRUCT5-FLAT] tranche 100ms terminée après 5 candidat(s); 2060 restent dans CE MÊME cercle
[10Oct2026 07:51:00.409] [Server thread/INFO] [deepluckyblock.procedures.Structures5Procedure/]: [STRUCT5] === PASTE citadel === off=[20,-35,20] dist=0 facing=south
[10Oct2026 07:51:00.435] [Server thread/INFO] [deepluckyblock.procedures.Structures5Procedure/]: [STRUCT5-FLAT] grille de scoring : 147x147 cellules (13999 connues) en 20 ms -- T59/T62 (4741633 recherche(s) de chunk, dont 4 ayant attendu >2 ms, 881 ms au total)
[10Oct2026 07:51:00.442] [Server thread/INFO] [deepluckyblock.procedures.Structures5Procedure/]: [STRUCT5-FLAT] scoring termine : 2060 candidat(s) en 5 ms (joueur 1 ms, emprises 1 ms, mesures terrain 3 ms) -- T57
[10Oct2026 07:51:00.442] [Server thread/INFO] [deepluckyblock.procedures.Structures5Procedure/]: [STRUCT5-FLAT] 2523 candidat(s) ecarte(s) : surface en EAU (un lac est plat mais inconstructible) -- T75
[10Oct2026 07:51:00.545] [Server thread/INFO] [deepluckyblock.procedures.Structures5Procedure/]: [STRUCT5-FLAT] tranche 100ms terminée après 6 candidat(s); 2054 restent dans CE MÊME cercle
[10Oct2026 07:51:00.553] [Server thread/INFO] [deepluckyblock.procedures.Structures5Procedure/]: [STRUCT5] === PASTE citadel === off=[20,-35,20] dist=0 facing=south
[10Oct2026 07:51:00.580] [Server thread/INFO] [deepluckyblock.procedures.Structures5Procedure/]: [STRUCT5-FLAT] grille de scoring : 147x147 cellules (13999 connues) en 21 ms -- T59/T62 (4751688 recherche(s) de chunk, dont 4 ayant attendu >2 ms, 883 ms au total)
[10Oct2026 07:51:00.586] [Server thread/INFO] [deepluckyblock.procedures.Structures5Procedure/]: [STRUCT5-FLAT] scoring termine : 2054 candidat(s) en 4 ms (joueur 0 ms, emprises 0 ms, mesures terrain 4 ms) -- T57
[10Oct2026 07:51:00.587] [Server thread/INFO] [deepluckyblock.procedures.Structures5Procedure/]: [STRUCT5-FLAT] 2523 candidat(s) ecarte(s) : surface en EAU (un lac est plat mais inconstructible) -- T75
[10Oct2026 07:51:00.715] [Server thread/INFO] [deepluckyblock.procedures.Structures5Procedure/]: [STRUCT5-FLAT] tranche 100ms terminée après 6 candidat(s); 2048 restent dans CE MÊME cercle
[10Oct2026 07:51:00.723] [Server thread/INFO] [deepluckyblock.procedures.Structures5Procedure/]: [STRUCT5] === PASTE citadel === off=[20,-35,20] dist=0 facing=south
[10Oct2026 07:51:00.750] [Server thread/INFO] [deepluckyblock.procedures.Structures5Procedure/]: [STRUCT5-FLAT] grille de scoring : 147x147 cellules (13999 connues) en 20 ms -- T59/T62 (4761400 recherche(s) de chunk, dont 4 ayant attendu >2 ms, 885 ms au total)
[10Oct2026 07:51:00.757] [Server thread/INFO] [deepluckyblock.procedures.Structures5Procedure/]: [STRUCT5-FLAT] scoring termine : 2048 candidat(s) en 3 ms (joueur 0 ms, emprises 0 ms, mesures terrain 3 ms) -- T57
[10Oct2026 07:51:00.757] [Server thread/INFO] [deepluckyblock.procedures.Structures5Procedure/]: [STRUCT5-FLAT] 2523 candidat(s) ecarte(s) : surface en EAU (un lac est plat mais inconstructible) -- T75
[10Oct2026 07:51:00.886] [Server thread/INFO] [deepluckyblock.procedures.Structures5Procedure/]: [STRUCT5-FLAT] tranche 100ms terminée après 3 candidat(s); 2045 restent dans CE MÊME cercle
[10Oct2026 07:51:00.894] [Server thread/INFO] [deepluckyblock.procedures.Structures5Procedure/]: [STRUCT5] === PASTE citadel === off=[20,-35,20] dist=0 facing=south
[10Oct2026 07:51:00.920] [Server thread/INFO] [deepluckyblock.procedures.Structures5Procedure/]: [STRUCT5-FLAT] grille de scoring : 147x147 cellules (14015 connues) en 20 ms -- T59/T62 (4770344 recherche(s) de chunk, dont 4 ayant attendu >2 ms, 887 ms au total)
[10Oct2026 07:51:00.927] [Server thread/INFO] [deepluckyblock.procedures.Structures5Procedure/]: [STRUCT5-FLAT] scoring termine : 2066 candidat(s) en 2 ms (joueur 0 ms, emprises 0 ms, mesures terrain 2 ms) -- T57
[10Oct2026 07:51:00.927] [Server thread/INFO] [deepluckyblock.procedures.Structures5Procedure/]: [STRUCT5-FLAT] 2523 candidat(s) ecarte(s) : surface en EAU (un lac est plat mais inconstructible) -- T75
[10Oct2026 07:51:01.037] [Server thread/INFO] [deepluckyblock.procedures.Structures5Procedure/]: [STRUCT5-FLAT] tranche 100ms terminée après 7 candidat(s); 2059 restent dans CE MÊME cercle
[10Oct2026 07:51:01.045] [Server thread/INFO] [deepluckyblock.procedures.Structures5Procedure/]: [STRUCT5] === PASTE citadel === off=[20,-35,20] dist=0 facing=south
[10Oct2026 07:51:01.071] [Server thread/INFO] [deepluckyblock.procedures.Structures5Procedure/]: [STRUCT5-FLAT] grille de scoring : 147x147 cellules (14024 connues) en 19 ms -- T59/T62 (4780859 recherche(s) de chunk, dont 4 ayant attendu >2 ms, 889 ms au total)
[10Oct2026 07:51:01.077] [Server thread/INFO] [deepluckyblock.procedures.Structures5Procedure/]: [STRUCT5-FLAT] scoring termine : 2075 candidat(s) en 3 ms (joueur 0 ms, emprises 1 ms, mesures terrain 2 ms) -- T57
[10Oct2026 07:51:01.077] [Server thread/INFO] [deepluckyblock.procedures.Structures5Procedure/]: [STRUCT5-FLAT] 2523 candidat(s) ecarte(s) : surface en EAU (un lac est plat mais inconstructible) -- T75
[10Oct2026 07:51:01.077] [Server thread/INFO] [deepluckyblock.procedures.Structures5Procedure/]: [STRUCT5-FLAT] prefiltre relief sec (T233) : 1 candidat(s) ecarte(s) SANS generation de chunks (economie worldgen, porte 10x1,75+8)
[10Oct2026 07:51:01.198] [Server thread/INFO] [deepluckyblock.procedures.Structures5Procedure/]: [STRUCT5-FLAT] tranche 100ms terminée après 5 candidat(s); 2070 restent dans CE MÊME cercle
[10Oct2026 07:51:01.205] [Server thread/INFO] [deepluckyblock.procedures.Structures5Procedure/]: [STRUCT5] === PASTE citadel === off=[20,-35,20] dist=0 facing=south
[10Oct2026 07:51:01.231] [Server thread/INFO] [deepluckyblock.procedures.Structures5Procedure/]: [STRUCT5-FLAT] grille de scoring : 147x147 cellules (14036 connues) en 19 ms -- T59/T62 (4790354 recherche(s) de chunk, dont 4 ayant attendu >2 ms, 891 ms au total)
[10Oct2026 07:51:01.238] [Server thread/INFO] [deepluckyblock.procedures.Structures5Procedure/]: [STRUCT5-FLAT] scoring termine : 2081 candidat(s) en 5 ms (joueur 0 ms, emprises 1 ms, mesures terrain 4 ms) -- T57
[10Oct2026 07:51:01.238] [Server thread/INFO] [deepluckyblock.procedures.Structures5Procedure/]: [STRUCT5-FLAT] 2523 candidat(s) ecarte(s) : surface en EAU (un lac est plat mais inconstructible) -- T75
[10Oct2026 07:51:01.239] [Server thread/INFO] [deepluckyblock.procedures.Structures5Procedure/]: [STRUCT5-FLAT] prefiltre relief sec (T233) : 1 candidat(s) ecarte(s) SANS generation de chunks (economie worldgen, porte 10x1,75+8)
[10Oct2026 07:51:01.349] [Server thread/INFO] [deepluckyblock.procedures.Structures5Procedure/]: [STRUCT5-FLAT] tranche 100ms terminée après 7 candidat(s); 2074 restent dans CE MÊME cercle
[10Oct2026 07:51:01.366] [Server thread/INFO] [deepluckyblock.procedures.Structures5Procedure/]: [STRUCT5] === PASTE citadel === off=[20,-35,20] dist=0 facing=south
[10Oct2026 07:51:01.416] [Server thread/INFO] [deepluckyblock.procedures.Structures5Procedure/]: [STRUCT5-FLAT] grille de scoring : 147x147 cellules (14045 connues) en 37 ms -- T59/T62 (4800957 recherche(s) de chunk, dont 4 ayant attendu >2 ms, 893 ms au total)
[10Oct2026 07:51:01.422] [Server thread/INFO] [deepluckyblock.procedures.Structures5Procedure/]: [STRUCT5-FLAT] scoring termine : 2084 candidat(s) en 3 ms (joueur 0 ms, emprises 1 ms, mesures terrain 2 ms) -- T57
[10Oct2026 07:51:01.422] [Server thread/INFO] [deepluckyblock.procedures.Structures5Procedure/]: [STRUCT5-FLAT] 2523 candidat(s) ecarte(s) : surface en EAU (un lac est plat mais inconstructible) -- T75
[10Oct2026 07:51:01.422] [Server thread/INFO] [deepluckyblock.procedures.Structures5Procedure/]: [STRUCT5-FLAT] prefiltre relief sec (T233) : 1 candidat(s) ecarte(s) SANS generation de chunks (economie worldgen, porte 10x1,75+8)
[10Oct2026 07:51:01.538] [Server thread/INFO] [deepluckyblock.procedures.Structures5Procedure/]: [STRUCT5-FLAT] tranche 100ms terminée après 4 candidat(s); 2080 restent dans CE MÊME cercle
[10Oct2026 07:51:01.549] [Server thread/INFO] [deepluckyblock.procedures.Structures5Procedure/]: [STRUCT5] === PASTE citadel === off=[20,-35,20] dist=0 facing=south
[10Oct2026 07:51:01.575] [Server thread/INFO] [deepluckyblock.procedures.Structures5Procedure/]: [STRUCT5-FLAT] grille de scoring : 147x147 cellules (14057 connues) en 20 ms -- T59/T62 (4810139 recherche(s) de chunk, dont 4 ayant attendu >2 ms, 895 ms au total)
[10Oct2026 07:51:01.582] [Server thread/INFO] [deepluckyblock.procedures.Structures5Procedure/]: [STRUCT5-FLAT] scoring termine : 2091 candidat(s) en 6 ms (joueur 1 ms, emprises 0 ms, mesures terrain 5 ms) -- T57
[10Oct2026 07:51:01.583] [Server thread/INFO] [deepluckyblock.procedures.Structures5Procedure/]: [STRUCT5-FLAT] 2523 candidat(s) ecarte(s) : surface en EAU (un lac est plat mais inconstructible) -- T75
[10Oct2026 07:51:01.583] [Server thread/INFO] [deepluckyblock.procedures.Structures5Procedure/]: [STRUCT5-FLAT] prefiltre relief sec (T233) : 1 candidat(s) ecarte(s) SANS generation de chunks (economie worldgen, porte 10x1,75+8)
[10Oct2026 07:51:01.701] [Server thread/INFO] [deepluckyblock.procedures.Structures5Procedure/]: [STRUCT5-FLAT] tranche 100ms terminée après 4 candidat(s); 2087 restent dans CE MÊME cercle
[10Oct2026 07:51:01.709] [Server thread/INFO] [deepluckyblock.procedures.Structures5Procedure/]: [STRUCT5] === PASTE citadel === off=[20,-35,20] dist=0 facing=south
[10Oct2026 07:51:01.736] [Server thread/INFO] [deepluckyblock.procedures.Structures5Procedure/]: [STRUCT5-FLAT] grille de scoring : 147x147 cellules (14057 connues) en 20 ms -- T59/T62 (4819372 recherche(s) de chunk, dont 4 ayant attendu >2 ms, 897 ms au total)
[10Oct2026 07:51:01.744] [Server thread/INFO] [deepluckyblock.procedures.Structures5Procedure/]: [STRUCT5-FLAT] scoring termine : 2086 candidat(s) en 4 ms (joueur 0 ms, emprises 1 ms, mesures terrain 3 ms) -- T57
[10Oct2026 07:51:01.744] [Server thread/INFO] [deepluckyblock.procedures.Structures5Procedure/]: [STRUCT5-FLAT] 2523 candidat(s) ecarte(s) : surface en EAU (un lac est plat mais inconstructible) -- T75
[10Oct2026 07:51:01.744] [Server thread/INFO] [deepluckyblock.procedures.Structures5Procedure/]: [STRUCT5-FLAT] prefiltre relief sec (T233) : 1 candidat(s) ecarte(s) SANS generation de chunks (economie worldgen, porte 10x1,75+8)
[10Oct2026 07:51:01.859] [Server thread/INFO] [deepluckyblock.procedures.Structures5Procedure/]: [STRUCT5-FLAT] tranche 100ms terminée après 4 candidat(s); 2082 restent dans CE MÊME cercle
[10Oct2026 07:51:01.866] [Server thread/INFO] [deepluckyblock.procedures.Structures5Procedure/]: [STRUCT5] === PASTE citadel === off=[20,-35,20] dist=0 facing=south
[10Oct2026 07:51:01.894] [Server thread/INFO] [deepluckyblock.procedures.Structures5Procedure/]: [STRUCT5-FLAT] grille de scoring : 147x147 cellules (14057 connues) en 20 ms -- T59/T62 (4828670 recherche(s) de chunk, dont 4 ayant attendu >2 ms, 899 ms au total)
[10Oct2026 07:51:01.901] [Server thread/INFO] [deepluckyblock.procedures.Structures5Procedure/]: [STRUCT5-FLAT] scoring termine : 2076 candidat(s) en 4 ms (joueur 0 ms, emprises 0 ms, mesures terrain 4 ms) -- T57
[10Oct2026 07:51:01.901] [Server thread/INFO] [deepluckyblock.procedures.Structures5Procedure/]: [STRUCT5-FLAT] 2523 candidat(s) ecarte(s) : surface en EAU (un lac est plat mais inconstructible) -- T75
[10Oct2026 07:51:01.901] [Server thread/INFO] [deepluckyblock.procedures.Structures5Procedure/]: [STRUCT5-FLAT] prefiltre relief sec (T233) : 1 candidat(s) ecarte(s) SANS generation de chunks (economie worldgen, porte 10x1,75+8)
[10Oct2026 07:51:02.019] [Server thread/INFO] [deepluckyblock.procedures.Structures5Procedure/]: [STRUCT5-FLAT] tranche 100ms terminée après 4 candidat(s); 2072 restent dans CE MÊME cercle
[10Oct2026 07:51:02.028] [Server thread/INFO] [deepluckyblock.procedures.Structures5Procedure/]: [STRUCT5] === PASTE citadel === off=[20,-35,20] dist=0 facing=south
[10Oct2026 07:51:02.055] [Server thread/INFO] [deepluckyblock.procedures.Structures5Procedure/]: [STRUCT5-FLAT] grille de scoring : 147x147 cellules (14057 connues) en 20 ms -- T59/T62 (4837954 recherche(s) de chunk, dont 4 ayant attendu >2 ms, 901 ms au total)
[10Oct2026 07:51:02.062] [Server thread/INFO] [deepluckyblock.procedures.Structures5Procedure/]: [STRUCT5-FLAT] scoring termine : 2072 candidat(s) en 5 ms (joueur 0 ms, emprises 0 ms, mesures terrain 5 ms) -- T57
[10Oct2026 07:51:02.062] [Server thread/INFO] [deepluckyblock.procedures.Structures5Procedure/]: [STRUCT5-FLAT] 2523 candidat(s) ecarte(s) : surface en EAU (un lac est plat mais inconstructible) -- T75
[10Oct2026 07:51:02.062] [Server thread/INFO] [deepluckyblock.procedures.Structures5Procedure/]: [STRUCT5-FLAT] prefiltre relief sec (T233) : 1 candidat(s) ecarte(s) SANS generation de chunks (economie worldgen, porte 10x1,75+8)
[10Oct2026 07:51:02.180] [Server thread/INFO] [deepluckyblock.procedures.Structures5Procedure/]: [STRUCT5-FLAT] tranche 100ms terminée après 4 candidat(s); 2068 restent dans CE MÊME cercle
[10Oct2026 07:51:02.188] [Server thread/INFO] [deepluckyblock.procedures.Structures5Procedure/]: [STRUCT5] === PASTE citadel === off=[20,-35,20] dist=0 facing=south
[10Oct2026 07:51:02.246] [Server thread/INFO] [deepluckyblock.procedures.Structures5Procedure/]: [STRUCT5-FLAT] grille de scoring : 147x147 cellules (14066 connues) en 50 ms -- T59/T62 (4847283 recherche(s) de chunk, dont 4 ayant attendu >2 ms, 903 ms au total)
[10Oct2026 07:51:02.255] [Server thread/INFO] [deepluckyblock.procedures.Structures5Procedure/]: [STRUCT5-FLAT] scoring termine : 2081 candidat(s) en 3 ms (joueur 0 ms, emprises 0 ms, mesures terrain 3 ms) -- T57
[10Oct2026 07:51:02.255] [Server thread/INFO] [deepluckyblock.procedures.Structures5Procedure/]: [STRUCT5-FLAT] 2523 candidat(s) ecarte(s) : surface en EAU (un lac est plat mais inconstructible) -- T75
[10Oct2026 07:51:02.255] [Server thread/INFO] [deepluckyblock.procedures.Structures5Procedure/]: [STRUCT5-FLAT] prefiltre relief sec (T233) : 1 candidat(s) ecarte(s) SANS generation de chunks (economie worldgen, porte 10x1,75+8)
[10Oct2026 07:51:02.381] [Server thread/INFO] [deepluckyblock.procedures.Structures5Procedure/]: [STRUCT5-FLAT] tranche 100ms terminée après 4 candidat(s); 2077 restent dans CE MÊME cercle
[10Oct2026 07:51:02.408] [Server thread/INFO] [deepluckyblock.procedures.Structures5Procedure/]: [STRUCT5] === PASTE citadel === off=[20,-35,20] dist=0 facing=south
[10Oct2026 07:51:02.435] [Server thread/INFO] [deepluckyblock.procedures.Structures5Procedure/]: [STRUCT5-FLAT] grille de scoring : 147x147 cellules (14069 connues) en 20 ms -- T59/T62 (4856640 recherche(s) de chunk, dont 4 ayant attendu >2 ms, 906 ms au total)
[10Oct2026 07:51:02.442] [Server thread/INFO] [deepluckyblock.procedures.Structures5Procedure/]: [STRUCT5-FLAT] scoring termine : 2086 candidat(s) en 1 ms (joueur 0 ms, emprises 0 ms, mesures terrain 1 ms) -- T57
[10Oct2026 07:51:02.442] [Server thread/INFO] [deepluckyblock.procedures.Structures5Procedure/]: [STRUCT5-FLAT] 2523 candidat(s) ecarte(s) : surface en EAU (un lac est plat mais inconstructible) -- T75
[10Oct2026 07:51:02.442] [Server thread/INFO] [deepluckyblock.procedures.Structures5Procedure/]: [STRUCT5-FLAT] prefiltre relief sec (T233) : 1 candidat(s) ecarte(s) SANS generation de chunks (economie worldgen, porte 10x1,75+8)
[10Oct2026 07:51:02.549] [Server thread/INFO] [deepluckyblock.procedures.Structures5Procedure/]: [STRUCT5-FLAT] tranche 100ms terminée après 3 candidat(s); 2083 restent dans CE MÊME cercle
[10Oct2026 07:51:02.557] [Server thread/INFO] [deepluckyblock.procedures.Structures5Procedure/]: [STRUCT5] === PASTE citadel === off=[20,-35,20] dist=0 facing=south
[10Oct2026 07:51:02.592] [Server thread/INFO] [deepluckyblock.procedures.Structures5Procedure/]: [STRUCT5-FLAT] grille de scoring : 147x147 cellules (14081 connues) en 21 ms -- T59/T62 (4865795 recherche(s) de chunk, dont 4 ayant attendu >2 ms, 908 ms au total)
[10Oct2026 07:51:02.599] [Server thread/INFO] [deepluckyblock.procedures.Structures5Procedure/]: [STRUCT5-FLAT] scoring termine : 2097 candidat(s) en 5 ms (joueur 0 ms, emprises 1 ms, mesures terrain 4 ms) -- T57
[10Oct2026 07:51:02.599] [Server thread/INFO] [deepluckyblock.procedures.Structures5Procedure/]: [STRUCT5-FLAT] 2523 candidat(s) ecarte(s) : surface en EAU (un lac est plat mais inconstructible) -- T75
[10Oct2026 07:51:02.599] [Server thread/INFO] [deepluckyblock.procedures.Structures5Procedure/]: [STRUCT5-FLAT] prefiltre relief sec (T233) : 1 candidat(s) ecarte(s) SANS generation de chunks (economie worldgen, porte 10x1,75+8)
[10Oct2026 07:51:02.729] [Server thread/INFO] [deepluckyblock.procedures.Structures5Procedure/]: [STRUCT5-FLAT] tranche 100ms terminée après 3 candidat(s); 2094 restent dans CE MÊME cercle
[10Oct2026 07:51:02.746] [Server thread/INFO] [deepluckyblock.procedures.Structures5Procedure/]: [STRUCT5] === PASTE citadel === off=[20,-35,20] dist=0 facing=south
[10Oct2026 07:51:02.791] [Server thread/INFO] [deepluckyblock.procedures.Structures5Procedure/]: [STRUCT5-FLAT] grille de scoring : 147x147 cellules (14081 connues) en 38 ms -- T59/T62 (4875320 recherche(s) de chunk, dont 5 ayant attendu >2 ms, 922 ms au total)
[10Oct2026 07:51:02.799] [Server thread/INFO] [deepluckyblock.procedures.Structures5Procedure/]: [STRUCT5-FLAT] scoring termine : 2094 candidat(s) en 4 ms (joueur 0 ms, emprises 1 ms, mesures terrain 3 ms) -- T57
[10Oct2026 07:51:02.799] [Server thread/INFO] [deepluckyblock.procedures.Structures5Procedure/]: [STRUCT5-FLAT] 2523 candidat(s) ecarte(s) : surface en EAU (un lac est plat mais inconstructible) -- T75
[10Oct2026 07:51:02.799] [Server thread/INFO] [deepluckyblock.procedures.Structures5Procedure/]: [STRUCT5-FLAT] prefiltre relief sec (T233) : 1 candidat(s) ecarte(s) SANS generation de chunks (economie worldgen, porte 10x1,75+8)
[10Oct2026 07:51:02.912] [Server thread/INFO] [deepluckyblock.procedures.Structures5Procedure/]: [STRUCT5-FLAT] tranche 100ms terminée après 3 candidat(s); 2091 restent dans CE MÊME cercle
[10Oct2026 07:51:02.934] [Server thread/INFO] [deepluckyblock.procedures.Structures5Procedure/]: [STRUCT5] === PASTE citadel === off=[20,-35,20] dist=0 facing=south
[10Oct2026 07:51:02.988] [Server thread/INFO] [deepluckyblock.procedures.Structures5Procedure/]: [STRUCT5-FLAT] grille de scoring : 147x147 cellules (14129 connues) en 37 ms -- T59/T62 (4884682 recherche(s) de chunk, dont 5 ayant attendu >2 ms, 925 ms au total)
[10Oct2026 07:51:02.995] [Server thread/INFO] [deepluckyblock.procedures.Structures5Procedure/]: [STRUCT5-FLAT] scoring termine : 2134 candidat(s) en 4 ms (joueur 0 ms, emprises 0 ms, mesures terrain 4 ms) -- T57
[10Oct2026 07:51:02.995] [Server thread/INFO] [deepluckyblock.procedures.Structures5Procedure/]: [STRUCT5-FLAT] 2523 candidat(s) ecarte(s) : surface en EAU (un lac est plat mais inconstructible) -- T75
[10Oct2026 07:51:02.995] [Server thread/INFO] [deepluckyblock.procedures.Structures5Procedure/]: [STRUCT5-FLAT] prefiltre relief sec (T233) : 1 candidat(s) ecarte(s) SANS generation de chunks (economie worldgen, porte 10x1,75+8)
[10Oct2026 07:51:03.142] [Server thread/INFO] [deepluckyblock.procedures.Structures5Procedure/]: [STRUCT5-FLAT] tranche 100ms terminée après 3 candidat(s); 2131 restent dans CE MÊME cercle
[10Oct2026 07:51:03.158] [Server thread/INFO] [deepluckyblock.procedures.Structures5Procedure/]: [STRUCT5] === PASTE citadel === off=[20,-35,20] dist=0 facing=south
[10Oct2026 07:51:03.205] [Server thread/INFO] [deepluckyblock.procedures.Structures5Procedure/]: [STRUCT5-FLAT] grille de scoring : 147x147 cellules (14145 connues) en 31 ms -- T59/T62 (4894056 recherche(s) de chunk, dont 5 ayant attendu >2 ms, 927 ms au total)
[10Oct2026 07:51:03.224] [Server thread/INFO] [deepluckyblock.procedures.Structures5Procedure/]: [STRUCT5-FLAT] scoring termine : 2146 candidat(s) en 16 ms (joueur 0 ms, emprises 0 ms, mesures terrain 16 ms) -- T57
[10Oct2026 07:51:03.232] [Server thread/INFO] [deepluckyblock.procedures.Structures5Procedure/]: [STRUCT5-FLAT] 2523 candidat(s) ecarte(s) : surface en EAU (un lac est plat mais inconstructible) -- T75
[10Oct2026 07:51:03.232] [Server thread/INFO] [deepluckyblock.procedures.Structures5Procedure/]: [STRUCT5-FLAT] prefiltre relief sec (T233) : 1 candidat(s) ecarte(s) SANS generation de chunks (economie worldgen, porte 10x1,75+8)
[10Oct2026 07:51:03.379] [Server thread/INFO] [deepluckyblock.procedures.Structures5Procedure/]: [STRUCT5-FLAT] tranche 100ms terminée après 2 candidat(s); 2144 restent dans CE MÊME cercle
[10Oct2026 07:51:03.407] [Server thread/INFO] [deepluckyblock.procedures.Structures5Procedure/]: [STRUCT5] === PASTE citadel === off=[20,-35,20] dist=0 facing=south
[10Oct2026 07:51:03.434] [Server thread/INFO] [deepluckyblock.procedures.Structures5Procedure/]: [STRUCT5-FLAT] grille de scoring : 147x147 cellules (14157 connues) en 20 ms -- T59/T62 (4903418 recherche(s) de chunk, dont 5 ayant attendu >2 ms, 929 ms au total)
[10Oct2026 07:51:03.441] [Server thread/INFO] [deepluckyblock.procedures.Structures5Procedure/]: [STRUCT5-FLAT] scoring termine : 2157 candidat(s) en 2 ms (joueur 0 ms, emprises 0 ms, mesures terrain 2 ms) -- T57
[10Oct2026 07:51:03.441] [Server thread/INFO] [deepluckyblock.procedures.Structures5Procedure/]: [STRUCT5-FLAT] 2523 candidat(s) ecarte(s) : surface en EAU (un lac est plat mais inconstructible) -- T75
[10Oct2026 07:51:03.441] [Server thread/INFO] [deepluckyblock.procedures.Structures5Procedure/]: [STRUCT5-FLAT] prefiltre relief sec (T233) : 1 candidat(s) ecarte(s) SANS generation de chunks (economie worldgen, porte 10x1,75+8)
[10Oct2026 07:51:03.560] [Server thread/INFO] [deepluckyblock.procedures.Structures5Procedure/]: [STRUCT5-FLAT] tranche 100ms terminée après 4 candidat(s); 2153 restent dans CE MÊME cercle
[10Oct2026 07:51:03.585] [Server thread/INFO] [deepluckyblock.procedures.Structures5Procedure/]: [STRUCT5] === PASTE citadel === off=[20,-35,20] dist=0 facing=south
[10Oct2026 07:51:03.619] [Server thread/INFO] [deepluckyblock.procedures.Structures5Procedure/]: [STRUCT5-FLAT] grille de scoring : 147x147 cellules (14121 connues) en 20 ms -- T59/T62 (4912688 recherche(s) de chunk, dont 5 ayant attendu >2 ms, 931 ms au total)
[10Oct2026 07:51:03.626] [Server thread/INFO] [deepluckyblock.procedures.Structures5Procedure/]: [STRUCT5-FLAT] scoring termine : 2115 candidat(s) en 4 ms (joueur 0 ms, emprises 0 ms, mesures terrain 4 ms) -- T57
[10Oct2026 07:51:03.626] [Server thread/INFO] [deepluckyblock.procedures.Structures5Procedure/]: [STRUCT5-FLAT] 2523 candidat(s) ecarte(s) : surface en EAU (un lac est plat mais inconstructible) -- T75
[10Oct2026 07:51:03.626] [Server thread/INFO] [deepluckyblock.procedures.Structures5Procedure/]: [STRUCT5-FLAT] prefiltre relief sec (T233) : 1 candidat(s) ecarte(s) SANS generation de chunks (economie worldgen, porte 10x1,75+8)
[10Oct2026 07:51:03.748] [Server thread/INFO] [deepluckyblock.procedures.Structures5Procedure/]: [STRUCT5-FLAT] tranche 100ms terminée après 5 candidat(s); 2110 restent dans CE MÊME cercle
[10Oct2026 07:51:03.761] [Server thread/INFO] [deepluckyblock.procedures.Structures5Procedure/]: [STRUCT5] === PASTE citadel === off=[20,-35,20] dist=0 facing=south
[10Oct2026 07:51:03.790] [Server thread/INFO] [deepluckyblock.procedures.Structures5Procedure/]: [STRUCT5-FLAT] grille de scoring : 147x147 cellules (14137 connues) en 22 ms -- T59/T62 (4922305 recherche(s) de chunk, dont 5 ayant attendu >2 ms, 933 ms au total)
[10Oct2026 07:51:03.797] [Server thread/INFO] [deepluckyblock.procedures.Structures5Procedure/]: [STRUCT5-FLAT] scoring termine : 2120 candidat(s) en 5 ms (joueur 0 ms, emprises 0 ms, mesures terrain 5 ms) -- T57
[10Oct2026 07:51:03.798] [Server thread/INFO] [deepluckyblock.procedures.Structures5Procedure/]: [STRUCT5-FLAT] 2523 candidat(s) ecarte(s) : surface en EAU (un lac est plat mais inconstructible) -- T75
[10Oct2026 07:51:03.798] [Server thread/INFO] [deepluckyblock.procedures.Structures5Procedure/]: [STRUCT5-FLAT] prefiltre relief sec (T233) : 1 candidat(s) ecarte(s) SANS generation de chunks (economie worldgen, porte 10x1,75+8)
[10Oct2026 07:51:03.901] [Server thread/INFO] [deepluckyblock.procedures.Structures5Procedure/]: [STRUCT5-FLAT] tranche 100ms terminée après 7 candidat(s); 2113 restent dans CE MÊME cercle
[10Oct2026 07:51:03.912] [Server thread/INFO] [deepluckyblock.procedures.Structures5Procedure/]: [STRUCT5] === PASTE citadel === off=[20,-35,20] dist=0 facing=south
[10Oct2026 07:51:03.939] [Server thread/INFO] [deepluckyblock.procedures.Structures5Procedure/]: [STRUCT5-FLAT] grille de scoring : 147x147 cellules (14185 connues) en 20 ms -- T59/T62 (4932914 recherche(s) de chunk, dont 5 ayant attendu >2 ms, 936 ms au total)
[10Oct2026 07:51:03.946] [Server thread/INFO] [deepluckyblock.procedures.Structures5Procedure/]: [STRUCT5-FLAT] scoring termine : 2158 candidat(s) en 5 ms (joueur 0 ms, emprises 0 ms, mesures terrain 5 ms) -- T57
[10Oct2026 07:51:03.946] [Server thread/INFO] [deepluckyblock.procedures.Structures5Procedure/]: [STRUCT5-FLAT] 2523 candidat(s) ecarte(s) : surface en EAU (un lac est plat mais inconstructible) -- T75
[10Oct2026 07:51:03.946] [Server thread/INFO] [deepluckyblock.procedures.Structures5Procedure/]: [STRUCT5-FLAT] prefiltre relief sec (T233) : 1 candidat(s) ecarte(s) SANS generation de chunks (economie worldgen, porte 10x1,75+8)
[10Oct2026 07:51:04.065] [Server thread/INFO] [deepluckyblock.procedures.Structures5Procedure/]: [STRUCT5-FLAT] tranche 100ms terminée après 4 candidat(s); 2154 restent dans CE MÊME cercle
[10Oct2026 07:51:04.073] [Server thread/INFO] [deepluckyblock.procedures.Structures5Procedure/]: [STRUCT5] === PASTE citadel === off=[20,-35,20] dist=0 facing=south
[10Oct2026 07:51:04.101] [Server thread/INFO] [deepluckyblock.procedures.Structures5Procedure/]: [STRUCT5-FLAT] grille de scoring : 147x147 cellules (14194 connues) en 20 ms -- T59/T62 (4942381 recherche(s) de chunk, dont 5 ayant attendu >2 ms, 938 ms au total)
[10Oct2026 07:51:04.109] [Server thread/INFO] [deepluckyblock.procedures.Structures5Procedure/]: [STRUCT5-FLAT] scoring termine : 2168 candidat(s) en 6 ms (joueur 2 ms, emprises 1 ms, mesures terrain 3 ms) -- T57
[10Oct2026 07:51:04.109] [Server thread/INFO] [deepluckyblock.procedures.Structures5Procedure/]: [STRUCT5-FLAT] 2523 candidat(s) ecarte(s) : surface en EAU (un lac est plat mais inconstructible) -- T75
[10Oct2026 07:51:04.109] [Server thread/INFO] [deepluckyblock.procedures.Structures5Procedure/]: [STRUCT5-FLAT] prefiltre relief sec (T233) : 1 candidat(s) ecarte(s) SANS generation de chunks (economie worldgen, porte 10x1,75+8)
[10Oct2026 07:51:04.235] [Server thread/INFO] [deepluckyblock.procedures.Structures5Procedure/]: [STRUCT5-FLAT] tranche 100ms terminée après 4 candidat(s); 2164 restent dans CE MÊME cercle
[10Oct2026 07:51:04.243] [Server thread/INFO] [deepluckyblock.procedures.Structures5Procedure/]: [STRUCT5] === PASTE citadel === off=[20,-35,20] dist=0 facing=south
[10Oct2026 07:51:04.297] [Server thread/INFO] [deepluckyblock.procedures.Structures5Procedure/]: [STRUCT5-FLAT] grille de scoring : 147x147 cellules (14206 connues) en 46 ms -- T59/T62 (4951904 recherche(s) de chunk, dont 6 ayant attendu >2 ms, 965 ms au total)
[10Oct2026 07:51:04.305] [Server thread/INFO] [deepluckyblock.procedures.Structures5Procedure/]: [STRUCT5-FLAT] scoring termine : 2181 candidat(s) en 5 ms (joueur 0 ms, emprises 0 ms, mesures terrain 5 ms) -- T57
[10Oct2026 07:51:04.305] [Server thread/INFO] [deepluckyblock.procedures.Structures5Procedure/]: [STRUCT5-FLAT] 2523 candidat(s) ecarte(s) : surface en EAU (un lac est plat mais inconstructible) -- T75
[10Oct2026 07:51:04.305] [Server thread/INFO] [deepluckyblock.procedures.Structures5Procedure/]: [STRUCT5-FLAT] prefiltre relief sec (T233) : 1 candidat(s) ecarte(s) SANS generation de chunks (economie worldgen, porte 10x1,75+8)
[10Oct2026 07:51:04.434] [Server thread/INFO] [deepluckyblock.procedures.Structures5Procedure/]: [STRUCT5-FLAT] tranche 100ms terminée après 4 candidat(s); 2177 restent dans CE MÊME cercle
[10Oct2026 07:51:04.443] [Server thread/INFO] [deepluckyblock.procedures.Structures5Procedure/]: [STRUCT5] === PASTE citadel === off=[20,-35,20] dist=0 facing=south
[10Oct2026 07:51:04.472] [Server thread/INFO] [deepluckyblock.procedures.Structures5Procedure/]: [STRUCT5-FLAT] grille de scoring : 147x147 cellules (14188 connues) en 21 ms -- T59/T62 (4961407 recherche(s) de chunk, dont 6 ayant attendu >2 ms, 967 ms au total)
[10Oct2026 07:51:04.479] [Server thread/INFO] [deepluckyblock.procedures.Structures5Procedure/]: [STRUCT5-FLAT] scoring termine : 2169 candidat(s) en 4 ms (joueur 0 ms, emprises 0 ms, mesures terrain 4 ms) -- T57
[10Oct2026 07:51:04.479] [Server thread/INFO] [deepluckyblock.procedures.Structures5Procedure/]: [STRUCT5-FLAT] 2523 candidat(s) ecarte(s) : surface en EAU (un lac est plat mais inconstructible) -- T75
[10Oct2026 07:51:04.479] [Server thread/INFO] [deepluckyblock.procedures.Structures5Procedure/]: [STRUCT5-FLAT] prefiltre relief sec (T233) : 1 candidat(s) ecarte(s) SANS generation de chunks (economie worldgen, porte 10x1,75+8)
[10Oct2026 07:51:04.593] [Server thread/INFO] [deepluckyblock.procedures.Structures5Procedure/]: [STRUCT5-FLAT] tranche 100ms terminée après 6 candidat(s); 2163 restent dans CE MÊME cercle
[10Oct2026 07:51:04.600] [Server thread/INFO] [deepluckyblock.procedures.Structures5Procedure/]: [STRUCT5] === PASTE citadel === off=[20,-35,20] dist=0 facing=south
[10Oct2026 07:51:04.630] [Server thread/INFO] [deepluckyblock.procedures.Structures5Procedure/]: [STRUCT5-FLAT] grille de scoring : 147x147 cellules (14179 connues) en 22 ms -- T59/T62 (4971883 recherche(s) de chunk, dont 6 ayant attendu >2 ms, 970 ms au total)
[10Oct2026 07:51:04.637] [Server thread/INFO] [deepluckyblock.procedures.Structures5Procedure/]: [STRUCT5-FLAT] scoring termine : 2151 candidat(s) en 3 ms (joueur 1 ms, emprises 1 ms, mesures terrain 1 ms) -- T57
[10Oct2026 07:51:04.637] [Server thread/INFO] [deepluckyblock.procedures.Structures5Procedure/]: [STRUCT5-FLAT] 2523 candidat(s) ecarte(s) : surface en EAU (un lac est plat mais inconstructible) -- T75
[10Oct2026 07:51:04.637] [Server thread/INFO] [deepluckyblock.procedures.Structures5Procedure/]: [STRUCT5-FLAT] prefiltre relief sec (T233) : 1 candidat(s) ecarte(s) SANS generation de chunks (economie worldgen, porte 10x1,75+8)
[10Oct2026 07:51:04.761] [Server thread/INFO] [deepluckyblock.procedures.Structures5Procedure/]: [STRUCT5-FLAT] tranche 100ms terminée après 4 candidat(s); 2147 restent dans CE MÊME cercle
[10Oct2026 07:51:04.768] [Server thread/INFO] [deepluckyblock.procedures.Structures5Procedure/]: [STRUCT5] === PASTE citadel === off=[20,-35,20] dist=0 facing=south
[10Oct2026 07:51:04.871] [Server thread/INFO] [deepluckyblock.procedures.Structures5Procedure/]: [STRUCT5-FLAT] 96 candidat(s) differes en attente de leur zone (fond)
[10Oct2026 07:51:04.892] [Server thread/INFO] [deepluckyblock.procedures.Structures5Procedure/]: [STRUCT5-FLAT] grille de scoring : 147x147 cellules (14227 connues) en 21 ms -- T59/T62 (4986869 recherche(s) de chunk, dont 6 ayant attendu >2 ms, 972 ms au total)
[10Oct2026 07:51:04.901] [Server thread/INFO] [deepluckyblock.procedures.Structures5Procedure/]: [STRUCT5-FLAT] scoring termine : 2186 candidat(s) en 5 ms (joueur 0 ms, emprises 1 ms, mesures terrain 4 ms) -- T57
[10Oct2026 07:51:04.901] [Server thread/INFO] [deepluckyblock.procedures.Structures5Procedure/]: [STRUCT5-FLAT] 2523 candidat(s) ecarte(s) : surface en EAU (un lac est plat mais inconstructible) -- T75
[10Oct2026 07:51:04.901] [Server thread/INFO] [deepluckyblock.procedures.Structures5Procedure/]: [STRUCT5-FLAT] prefiltre relief sec (T233) : 1 candidat(s) ecarte(s) SANS generation de chunks (economie worldgen, porte 10x1,75+8)
[10Oct2026 07:51:05.006] [Server thread/INFO] [deepluckyblock.procedures.Structures5Procedure/]: [STRUCT5-FLAT] tranche 100ms terminée après 5 candidat(s); 2181 restent dans CE MÊME cercle
[10Oct2026 07:51:05.014] [Server thread/INFO] [deepluckyblock.procedures.Structures5Procedure/]: [STRUCT5] === PASTE citadel === off=[20,-35,20] dist=0 facing=south
[10Oct2026 07:51:05.042] [Server thread/INFO] [deepluckyblock.procedures.Structures5Procedure/]: [STRUCT5-FLAT] grille de scoring : 147x147 cellules (14233 connues) en 20 ms -- T59/T62 (4997146 recherche(s) de chunk, dont 6 ayant attendu >2 ms, 974 ms au total)
[10Oct2026 07:51:05.049] [Server thread/INFO] [deepluckyblock.procedures.Structures5Procedure/]: [STRUCT5-FLAT] scoring termine : 2189 candidat(s) en 3 ms (joueur 0 ms, emprises 0 ms, mesures terrain 3 ms) -- T57
[10Oct2026 07:51:05.049] [Server thread/INFO] [deepluckyblock.procedures.Structures5Procedure/]: [STRUCT5-FLAT] 2523 candidat(s) ecarte(s) : surface en EAU (un lac est plat mais inconstructible) -- T75
[10Oct2026 07:51:05.049] [Server thread/INFO] [deepluckyblock.procedures.Structures5Procedure/]: [STRUCT5-FLAT] prefiltre relief sec (T233) : 1 candidat(s) ecarte(s) SANS generation de chunks (economie worldgen, porte 10x1,75+8)
[10Oct2026 07:51:05.175] [Server thread/INFO] [deepluckyblock.procedures.Structures5Procedure/]: [STRUCT5-FLAT] tranche 100ms terminée après 6 candidat(s); 2183 restent dans CE MÊME cercle
[10Oct2026 07:51:05.182] [Server thread/INFO] [deepluckyblock.procedures.Structures5Procedure/]: [STRUCT5] === PASTE citadel === off=[20,-35,20] dist=0 facing=south
[10Oct2026 07:51:05.209] [Server thread/INFO] [deepluckyblock.procedures.Structures5Procedure/]: [STRUCT5-FLAT] grille de scoring : 147x147 cellules (14242 connues) en 20 ms -- T59/T62 (5007433 recherche(s) de chunk, dont 6 ayant attendu >2 ms, 976 ms au total)
[10Oct2026 07:51:05.216] [Server thread/INFO] [deepluckyblock.procedures.Structures5Procedure/]: [STRUCT5-FLAT] scoring termine : 2193 candidat(s) en 3 ms (joueur 0 ms, emprises 0 ms, mesures terrain 3 ms) -- T57
[10Oct2026 07:51:05.216] [Server thread/INFO] [deepluckyblock.procedures.Structures5Procedure/]: [STRUCT5-FLAT] 2523 candidat(s) ecarte(s) : surface en EAU (un lac est plat mais inconstructible) -- T75
[10Oct2026 07:51:05.217] [Server thread/INFO] [deepluckyblock.procedures.Structures5Procedure/]: [STRUCT5-FLAT] prefiltre relief sec (T233) : 1 candidat(s) ecarte(s) SANS generation de chunks (economie worldgen, porte 10x1,75+8)
[10Oct2026 07:51:05.346] [Server thread/INFO] [deepluckyblock.procedures.Structures5Procedure/]: [STRUCT5-FLAT] tranche 100ms terminée après 4 candidat(s); 2189 restent dans CE MÊME cercle
[10Oct2026 07:51:05.356] [Server thread/INFO] [deepluckyblock.procedures.Structures5Procedure/]: [STRUCT5] === PASTE citadel === off=[20,-35,20] dist=0 facing=south
[10Oct2026 07:51:05.398] [Server thread/INFO] [deepluckyblock.procedures.Structures5Procedure/]: [STRUCT5-FLAT] grille de scoring : 147x147 cellules (14245 connues) en 29 ms -- T59/T62 (5016978 recherche(s) de chunk, dont 6 ayant attendu >2 ms, 979 ms au total)
[10Oct2026 07:51:05.405] [Server thread/INFO] [deepluckyblock.procedures.Structures5Procedure/]: [STRUCT5-FLAT] scoring termine : 2193 candidat(s) en 4 ms (joueur 0 ms, emprises 0 ms, mesures terrain 4 ms) -- T57
[10Oct2026 07:51:05.405] [Server thread/INFO] [deepluckyblock.procedures.Structures5Procedure/]: [STRUCT5-FLAT] 2523 candidat(s) ecarte(s) : surface en EAU (un lac est plat mais inconstructible) -- T75
[10Oct2026 07:51:05.405] [Server thread/INFO] [deepluckyblock.procedures.Structures5Procedure/]: [STRUCT5-FLAT] prefiltre relief sec (T233) : 1 candidat(s) ecarte(s) SANS generation de chunks (economie worldgen, porte 10x1,75+8)
[10Oct2026 07:51:05.520] [Server thread/INFO] [deepluckyblock.procedures.Structures5Procedure/]: [STRUCT5-FLAT] tranche 100ms terminée après 4 candidat(s); 2189 restent dans CE MÊME cercle
[10Oct2026 07:51:05.529] [Server thread/INFO] [deepluckyblock.procedures.Structures5Procedure/]: [STRUCT5] === PASTE citadel === off=[20,-35,20] dist=0 facing=south
[10Oct2026 07:51:05.557] [Server thread/INFO] [deepluckyblock.procedures.Structures5Procedure/]: [STRUCT5-FLAT] grille de scoring : 147x147 cellules (14227 connues) en 21 ms -- T59/T62 (5026436 recherche(s) de chunk, dont 6 ayant attendu >2 ms, 981 ms au total)
[10Oct2026 07:51:05.564] [Server thread/INFO] [deepluckyblock.procedures.Structures5Procedure/]: [STRUCT5-FLAT] scoring termine : 2177 candidat(s) en 4 ms (joueur 0 ms, emprises 0 ms, mesures terrain 4 ms) -- T57
[10Oct2026 07:51:05.564] [Server thread/INFO] [deepluckyblock.procedures.Structures5Procedure/]: [STRUCT5-FLAT] 2523 candidat(s) ecarte(s) : surface en EAU (un lac est plat mais inconstructible) -- T75
[10Oct2026 07:51:05.564] [Server thread/INFO] [deepluckyblock.procedures.Structures5Procedure/]: [STRUCT5-FLAT] prefiltre relief sec (T233) : 1 candidat(s) ecarte(s) SANS generation de chunks (economie worldgen, porte 10x1,75+8)
[10Oct2026 07:51:05.678] [Server thread/INFO] [deepluckyblock.procedures.Structures5Procedure/]: [STRUCT5-FLAT] tranche 100ms terminée après 4 candidat(s); 2173 restent dans CE MÊME cercle
[10Oct2026 07:51:05.686] [Server thread/INFO] [deepluckyblock.procedures.Structures5Procedure/]: [STRUCT5] === PASTE citadel === off=[20,-35,20] dist=0 facing=south
[10Oct2026 07:51:05.694] [Server thread/INFO] [deepluckyblock.procedures.Structures5Procedure/]: [STRUCT5-FLAT] recherche toujours en cours : rayon 369 blocs, 96 candidat(s) differe(s) en chargement de fond, 3738 centre(s) ecarte(s), 70 s ecoulees -- T230
[10Oct2026 07:51:05.714] [Server thread/INFO] [deepluckyblock.procedures.Structures5Procedure/]: [STRUCT5-FLAT] grille de scoring : 147x147 cellules (14269 connues) en 20 ms -- T59/T62 (5035962 recherche(s) de chunk, dont 6 ayant attendu >2 ms, 983 ms au total)
[10Oct2026 07:51:05.721] [Server thread/INFO] [deepluckyblock.procedures.Structures5Procedure/]: [STRUCT5-FLAT] scoring termine : 2206 candidat(s) en 2 ms (joueur 0 ms, emprises 0 ms, mesures terrain 2 ms) -- T57
[10Oct2026 07:51:05.721] [Server thread/INFO] [deepluckyblock.procedures.Structures5Procedure/]: [STRUCT5-FLAT] 2523 candidat(s) ecarte(s) : surface en EAU (un lac est plat mais inconstructible) -- T75
[10Oct2026 07:51:05.721] [Server thread/INFO] [deepluckyblock.procedures.Structures5Procedure/]: [STRUCT5-FLAT] prefiltre relief sec (T233) : 1 candidat(s) ecarte(s) SANS generation de chunks (economie worldgen, porte 10x1,75+8)
[10Oct2026 07:51:05.838] [Server thread/INFO] [deepluckyblock.procedures.Structures5Procedure/]: [STRUCT5-FLAT] tranche 100ms terminée après 4 candidat(s); 2202 restent dans CE MÊME cercle
[10Oct2026 07:51:05.846] [Server thread/INFO] [deepluckyblock.procedures.Structures5Procedure/]: [STRUCT5] === PASTE citadel === off=[20,-35,20] dist=0 facing=south
[10Oct2026 07:51:05.877] [Server thread/INFO] [deepluckyblock.procedures.Structures5Procedure/]: [STRUCT5-FLAT] grille de scoring : 147x147 cellules (14284 connues) en 21 ms -- T59/T62 (5045556 recherche(s) de chunk, dont 6 ayant attendu >2 ms, 986 ms au total)
[10Oct2026 07:51:05.884] [Server thread/INFO] [deepluckyblock.procedures.Structures5Procedure/]: [STRUCT5-FLAT] scoring termine : 2210 candidat(s) en 4 ms (joueur 0 ms, emprises 0 ms, mesures terrain 4 ms) -- T57
[10Oct2026 07:51:05.884] [Server thread/INFO] [deepluckyblock.procedures.Structures5Procedure/]: [STRUCT5-FLAT] 2523 candidat(s) ecarte(s) : surface en EAU (un lac est plat mais inconstructible) -- T75
[10Oct2026 07:51:05.884] [Server thread/INFO] [deepluckyblock.procedures.Structures5Procedure/]: [STRUCT5-FLAT] prefiltre relief sec (T233) : 1 candidat(s) ecarte(s) SANS generation de chunks (economie worldgen, porte 10x1,75+8)
[10Oct2026 07:51:06.002] [Server thread/INFO] [deepluckyblock.procedures.Structures5Procedure/]: [STRUCT5-FLAT] tranche 100ms terminée après 4 candidat(s); 2206 restent dans CE MÊME cercle
[10Oct2026 07:51:06.010] [Server thread/INFO] [deepluckyblock.procedures.Structures5Procedure/]: [STRUCT5] === PASTE citadel === off=[20,-35,20] dist=0 facing=south
[10Oct2026 07:51:06.039] [Server thread/INFO] [deepluckyblock.procedures.Structures5Procedure/]: [STRUCT5-FLAT] grille de scoring : 147x147 cellules (14291 connues) en 21 ms -- T59/T62 (5055175 recherche(s) de chunk, dont 6 ayant attendu >2 ms, 988 ms au total)
[10Oct2026 07:51:06.046] [Server thread/INFO] [deepluckyblock.procedures.Structures5Procedure/]: [STRUCT5-FLAT] scoring termine : 2208 candidat(s) en 3 ms (joueur 0 ms, emprises 1 ms, mesures terrain 2 ms) -- T57
[10Oct2026 07:51:06.046] [Server thread/INFO] [deepluckyblock.procedures.Structures5Procedure/]: [STRUCT5-FLAT] 2523 candidat(s) ecarte(s) : surface en EAU (un lac est plat mais inconstructible) -- T75
[10Oct2026 07:51:06.046] [Server thread/INFO] [deepluckyblock.procedures.Structures5Procedure/]: [STRUCT5-FLAT] prefiltre relief sec (T233) : 1 candidat(s) ecarte(s) SANS generation de chunks (economie worldgen, porte 10x1,75+8)
[10Oct2026 07:51:06.164] [Server thread/INFO] [deepluckyblock.procedures.Structures5Procedure/]: [STRUCT5-FLAT] tranche 100ms terminée après 4 candidat(s); 2204 restent dans CE MÊME cercle
[10Oct2026 07:51:06.172] [Server thread/INFO] [deepluckyblock.procedures.Structures5Procedure/]: [STRUCT5] === PASTE citadel === off=[20,-35,20] dist=0 facing=south
[10Oct2026 07:51:06.200] [Server thread/INFO] [deepluckyblock.procedures.Structures5Procedure/]: [STRUCT5-FLAT] grille de scoring : 147x147 cellules (14273 connues) en 21 ms -- T59/T62 (5064843 recherche(s) de chunk, dont 6 ayant attendu >2 ms, 990 ms au total)
[10Oct2026 07:51:06.206] [Server thread/INFO] [deepluckyblock.procedures.Structures5Procedure/]: [STRUCT5-FLAT] scoring termine : 2193 candidat(s) en 5 ms (joueur 0 ms, emprises 1 ms, mesures terrain 4 ms) -- T57
[10Oct2026 07:51:06.207] [Server thread/INFO] [deepluckyblock.procedures.Structures5Procedure/]: [STRUCT5-FLAT] 2523 candidat(s) ecarte(s) : surface en EAU (un lac est plat mais inconstructible) -- T75
[10Oct2026 07:51:06.207] [Server thread/INFO] [deepluckyblock.procedures.Structures5Procedure/]: [STRUCT5-FLAT] prefiltre relief sec (T233) : 1 candidat(s) ecarte(s) SANS generation de chunks (economie worldgen, porte 10x1,75+8)
[10Oct2026 07:51:06.310] [Server thread/INFO] [deepluckyblock.procedures.Structures5Procedure/]: [STRUCT5-FLAT] tranche 100ms terminée après 3 candidat(s); 2190 restent dans CE MÊME cercle
[10Oct2026 07:51:06.318] [Server thread/INFO] [deepluckyblock.procedures.Structures5Procedure/]: [STRUCT5] === PASTE citadel === off=[20,-35,20] dist=0 facing=south
[10Oct2026 07:51:06.346] [Server thread/INFO] [deepluckyblock.procedures.Structures5Procedure/]: [STRUCT5-FLAT] grille de scoring : 147x147 cellules (14258 connues) en 21 ms -- T59/T62 (5074566 recherche(s) de chunk, dont 6 ayant attendu >2 ms, 992 ms au total)
[10Oct2026 07:51:06.353] [Server thread/INFO] [deepluckyblock.procedures.Structures5Procedure/]: [STRUCT5-FLAT] scoring termine : 2184 candidat(s) en 3 ms (joueur 0 ms, emprises 0 ms, mesures terrain 3 ms) -- T57
[10Oct2026 07:51:06.353] [Server thread/INFO] [deepluckyblock.procedures.Structures5Procedure/]: [STRUCT5-FLAT] 2523 candidat(s) ecarte(s) : surface en EAU (un lac est plat mais inconstructible) -- T75
[10Oct2026 07:51:06.353] [Server thread/INFO] [deepluckyblock.procedures.Structures5Procedure/]: [STRUCT5-FLAT] prefiltre relief sec (T233) : 1 candidat(s) ecarte(s) SANS generation de chunks (economie worldgen, porte 10x1,75+8)
[10Oct2026 07:51:06.504] [Server thread/INFO] [deepluckyblock.procedures.Structures5Procedure/]: [STRUCT5-FLAT] tranche 100ms terminée après 4 candidat(s); 2180 restent dans CE MÊME cercle
[10Oct2026 07:51:06.512] [Server thread/INFO] [deepluckyblock.procedures.Structures5Procedure/]: [STRUCT5] === PASTE citadel === off=[20,-35,20] dist=0 facing=south
[10Oct2026 07:51:06.540] [Server thread/INFO] [deepluckyblock.procedures.Structures5Procedure/]: [STRUCT5-FLAT] grille de scoring : 147x147 cellules (14267 connues) en 21 ms -- T59/T62 (5084359 recherche(s) de chunk, dont 6 ayant attendu >2 ms, 994 ms au total)
[10Oct2026 07:51:06.547] [Server thread/INFO] [deepluckyblock.procedures.Structures5Procedure/]: [STRUCT5-FLAT] scoring termine : 2190 candidat(s) en 2 ms (joueur 0 ms, emprises 0 ms, mesures terrain 2 ms) -- T57
[10Oct2026 07:51:06.547] [Server thread/INFO] [deepluckyblock.procedures.Structures5Procedure/]: [STRUCT5-FLAT] 2523 candidat(s) ecarte(s) : surface en EAU (un lac est plat mais inconstructible) -- T75
[10Oct2026 07:51:06.547] [Server thread/INFO] [deepluckyblock.procedures.Structures5Procedure/]: [STRUCT5-FLAT] prefiltre relief sec (T233) : 1 candidat(s) ecarte(s) SANS generation de chunks (economie worldgen, porte 10x1,75+8)
[10Oct2026 07:51:06.672] [Server thread/INFO] [deepluckyblock.procedures.Structures5Procedure/]: [STRUCT5-FLAT] tranche 100ms terminée après 4 candidat(s); 2186 restent dans CE MÊME cercle
[10Oct2026 07:51:06.680] [Server thread/INFO] [deepluckyblock.procedures.Structures5Procedure/]: [STRUCT5] === PASTE citadel === off=[20,-35,20] dist=0 facing=south
[10Oct2026 07:51:06.708] [Server thread/INFO] [deepluckyblock.procedures.Structures5Procedure/]: [STRUCT5-FLAT] grille de scoring : 147x147 cellules (14279 connues) en 20 ms -- T59/T62 (5094211 recherche(s) de chunk, dont 6 ayant attendu >2 ms, 996 ms au total)
[10Oct2026 07:51:06.715] [Server thread/INFO] [deepluckyblock.procedures.Structures5Procedure/]: [STRUCT5-FLAT] scoring termine : 2196 candidat(s) en 5 ms (joueur 0 ms, emprises 0 ms, mesures terrain 5 ms) -- T57
[10Oct2026 07:51:06.715] [Server thread/INFO] [deepluckyblock.procedures.Structures5Procedure/]: [STRUCT5-FLAT] 2523 candidat(s) ecarte(s) : surface en EAU (un lac est plat mais inconstructible) -- T75
[10Oct2026 07:51:06.715] [Server thread/INFO] [deepluckyblock.procedures.Structures5Procedure/]: [STRUCT5-FLAT] prefiltre relief sec (T233) : 1 candidat(s) ecarte(s) SANS generation de chunks (economie worldgen, porte 10x1,75+8)
[10Oct2026 07:51:06.845] [Server thread/INFO] [deepluckyblock.procedures.Structures5Procedure/]: [STRUCT5-FLAT] tranche 100ms terminée après 4 candidat(s); 2192 restent dans CE MÊME cercle
[10Oct2026 07:51:06.853] [Server thread/INFO] [deepluckyblock.procedures.Structures5Procedure/]: [STRUCT5] === PASTE citadel === off=[20,-35,20] dist=0 facing=south
[10Oct2026 07:51:06.882] [Server thread/INFO] [deepluckyblock.procedures.Structures5Procedure/]: [STRUCT5-FLAT] grille de scoring : 147x147 cellules (14288 connues) en 21 ms -- T59/T62 (5104130 recherche(s) de chunk, dont 6 ayant attendu >2 ms, 999 ms au total)
[10Oct2026 07:51:06.889] [Server thread/INFO] [deepluckyblock.procedures.Structures5Procedure/]: [STRUCT5-FLAT] scoring termine : 2203 candidat(s) en 4 ms (joueur 2 ms, emprises 1 ms, mesures terrain 1 ms) -- T57
[10Oct2026 07:51:06.889] [Server thread/INFO] [deepluckyblock.procedures.Structures5Procedure/]: [STRUCT5-FLAT] 2523 candidat(s) ecarte(s) : surface en EAU (un lac est plat mais inconstructible) -- T75
[10Oct2026 07:51:06.890] [Server thread/INFO] [deepluckyblock.procedures.Structures5Procedure/]: [STRUCT5-FLAT] prefiltre relief sec (T233) : 1 candidat(s) ecarte(s) SANS generation de chunks (economie worldgen, porte 10x1,75+8)
[10Oct2026 07:51:07.011] [Server thread/INFO] [deepluckyblock.procedures.Structures5Procedure/]: [STRUCT5-FLAT] tranche 100ms terminée après 4 candidat(s); 2199 restent dans CE MÊME cercle
[10Oct2026 07:51:07.019] [Server thread/INFO] [deepluckyblock.procedures.Structures5Procedure/]: [STRUCT5] === PASTE citadel === off=[20,-35,20] dist=0 facing=south
[10Oct2026 07:51:07.050] [Server thread/INFO] [deepluckyblock.procedures.Structures5Procedure/]: [STRUCT5-FLAT] grille de scoring : 147x147 cellules (14291 connues) en 23 ms -- T59/T62 (5114114 recherche(s) de chunk, dont 6 ayant attendu >2 ms, 1001 ms au total)
[10Oct2026 07:51:07.057] [Server thread/INFO] [deepluckyblock.procedures.Structures5Procedure/]: [STRUCT5-FLAT] scoring termine : 2200 candidat(s) en 3 ms (joueur 0 ms, emprises 1 ms, mesures terrain 2 ms) -- T57
[10Oct2026 07:51:07.057] [Server thread/INFO] [deepluckyblock.procedures.Structures5Procedure/]: [STRUCT5-FLAT] 2523 candidat(s) ecarte(s) : surface en EAU (un lac est plat mais inconstructible) -- T75
[10Oct2026 07:51:07.057] [Server thread/INFO] [deepluckyblock.procedures.Structures5Procedure/]: [STRUCT5-FLAT] prefiltre relief sec (T233) : 1 candidat(s) ecarte(s) SANS generation de chunks (economie worldgen, porte 10x1,75+8)
[10Oct2026 07:51:07.182] [Server thread/INFO] [deepluckyblock.procedures.Structures5Procedure/]: [STRUCT5-FLAT] tranche 100ms terminée après 4 candidat(s); 2196 restent dans CE MÊME cercle
[10Oct2026 07:51:07.193] [Server thread/INFO] [deepluckyblock.procedures.Structures5Procedure/]: [STRUCT5] === PASTE citadel === off=[20,-35,20] dist=0 facing=south
[10Oct2026 07:51:07.221] [Server thread/INFO] [deepluckyblock.procedures.Structures5Procedure/]: [STRUCT5-FLAT] grille de scoring : 147x147 cellules (14300 connues) en 20 ms -- T59/T62 (5124165 recherche(s) de chunk, dont 6 ayant attendu >2 ms, 1003 ms au total)
[10Oct2026 07:51:07.228] [Server thread/INFO] [deepluckyblock.procedures.Structures5Procedure/]: [STRUCT5-FLAT] scoring termine : 2208 candidat(s) en 4 ms (joueur 0 ms, emprises 1 ms, mesures terrain 3 ms) -- T57
[10Oct2026 07:51:07.228] [Server thread/INFO] [deepluckyblock.procedures.Structures5Procedure/]: [STRUCT5-FLAT] 2523 candidat(s) ecarte(s) : surface en EAU (un lac est plat mais inconstructible) -- T75
[10Oct2026 07:51:07.228] [Server thread/INFO] [deepluckyblock.procedures.Structures5Procedure/]: [STRUCT5-FLAT] prefiltre relief sec (T233) : 1 candidat(s) ecarte(s) SANS generation de chunks (economie worldgen, porte 10x1,75+8)
[10Oct2026 07:51:07.353] [Server thread/INFO] [deepluckyblock.procedures.Structures5Procedure/]: [STRUCT5-FLAT] tranche 100ms terminée après 4 candidat(s); 2204 restent dans CE MÊME cercle
[10Oct2026 07:51:07.361] [Server thread/INFO] [deepluckyblock.procedures.Structures5Procedure/]: [STRUCT5] === PASTE citadel === off=[20,-35,20] dist=0 facing=south
[10Oct2026 07:51:07.391] [Server thread/INFO] [deepluckyblock.procedures.Structures5Procedure/]: [STRUCT5-FLAT] grille de scoring : 147x147 cellules (14312 connues) en 22 ms -- T59/T62 (5134172 recherche(s) de chunk, dont 6 ayant attendu >2 ms, 1006 ms au total)
[10Oct2026 07:51:07.399] [Server thread/INFO] [deepluckyblock.procedures.Structures5Procedure/]: [STRUCT5-FLAT] scoring termine : 2222 candidat(s) en 3 ms (joueur 0 ms, emprises 1 ms, mesures terrain 2 ms) -- T57
[10Oct2026 07:51:07.399] [Server thread/INFO] [deepluckyblock.procedures.Structures5Procedure/]: [STRUCT5-FLAT] 2523 candidat(s) ecarte(s) : surface en EAU (un lac est plat mais inconstructible) -- T75
[10Oct2026 07:51:07.399] [Server thread/INFO] [deepluckyblock.procedures.Structures5Procedure/]: [STRUCT5-FLAT] prefiltre relief sec (T233) : 1 candidat(s) ecarte(s) SANS generation de chunks (economie worldgen, porte 10x1,75+8)
[10Oct2026 07:51:07.522] [Server thread/INFO] [deepluckyblock.procedures.Structures5Procedure/]: [STRUCT5-FLAT] tranche 100ms terminée après 4 candidat(s); 2218 restent dans CE MÊME cercle
[10Oct2026 07:51:07.534] [Server thread/INFO] [deepluckyblock.procedures.Structures5Procedure/]: [STRUCT5] === PASTE citadel === off=[20,-35,20] dist=0 facing=south
[10Oct2026 07:51:07.575] [Server thread/INFO] [deepluckyblock.procedures.Structures5Procedure/]: [STRUCT5-FLAT] grille de scoring : 147x147 cellules (14321 connues) en 29 ms -- T59/T62 (5144151 recherche(s) de chunk, dont 6 ayant attendu >2 ms, 1008 ms au total)
[10Oct2026 07:51:07.582] [Server thread/INFO] [deepluckyblock.procedures.Structures5Procedure/]: [STRUCT5-FLAT] scoring termine : 2227 candidat(s) en 1 ms (joueur 0 ms, emprises 0 ms, mesures terrain 1 ms) -- T57
[10Oct2026 07:51:07.582] [Server thread/INFO] [deepluckyblock.procedures.Structures5Procedure/]: [STRUCT5-FLAT] 2523 candidat(s) ecarte(s) : surface en EAU (un lac est plat mais inconstructible) -- T75
[10Oct2026 07:51:07.582] [Server thread/INFO] [deepluckyblock.procedures.Structures5Procedure/]: [STRUCT5-FLAT] prefiltre relief sec (T233) : 1 candidat(s) ecarte(s) SANS generation de chunks (economie worldgen, porte 10x1,75+8)
[10Oct2026 07:51:07.704] [Server thread/INFO] [deepluckyblock.procedures.Structures5Procedure/]: [STRUCT5-FLAT] tranche 100ms terminée après 4 candidat(s); 2223 restent dans CE MÊME cercle
[10Oct2026 07:51:07.712] [Server thread/INFO] [deepluckyblock.procedures.Structures5Procedure/]: [STRUCT5] === PASTE citadel === off=[20,-35,20] dist=0 facing=south
[10Oct2026 07:51:07.780] [Server thread/INFO] [deepluckyblock.procedures.Structures5Procedure/]: [STRUCT5-FLAT] grille de scoring : 147x147 cellules (14330 connues) en 21 ms -- T59/T62 (5156842 recherche(s) de chunk, dont 6 ayant attendu >2 ms, 1011 ms au total)
[10Oct2026 07:51:07.789] [Server thread/INFO] [deepluckyblock.procedures.Structures5Procedure/]: [STRUCT5-FLAT] scoring termine : 2225 candidat(s) en 3 ms (joueur 0 ms, emprises 0 ms, mesures terrain 3 ms) -- T57
[10Oct2026 07:51:07.789] [Server thread/INFO] [deepluckyblock.procedures.Structures5Procedure/]: [STRUCT5-FLAT] 2523 candidat(s) ecarte(s) : surface en EAU (un lac est plat mais inconstructible) -- T75
[10Oct2026 07:51:07.789] [Server thread/INFO] [deepluckyblock.procedures.Structures5Procedure/]: [STRUCT5-FLAT] prefiltre relief sec (T233) : 1 candidat(s) ecarte(s) SANS generation de chunks (economie worldgen, porte 10x1,75+8)
[10Oct2026 07:51:07.917] [Server thread/INFO] [deepluckyblock.procedures.Structures5Procedure/]: [STRUCT5-FLAT] tranche 100ms terminée après 4 candidat(s); 2221 restent dans CE MÊME cercle
[10Oct2026 07:51:07.925] [Server thread/INFO] [deepluckyblock.procedures.Structures5Procedure/]: [STRUCT5] === PASTE citadel === off=[20,-35,20] dist=0 facing=south
[10Oct2026 07:51:07.956] [Server thread/INFO] [deepluckyblock.procedures.Structures5Procedure/]: [STRUCT5-FLAT] grille de scoring : 147x147 cellules (14342 connues) en 23 ms -- T59/T62 (5166908 recherche(s) de chunk, dont 6 ayant attendu >2 ms, 1013 ms au total)
[10Oct2026 07:51:07.963] [Server thread/INFO] [deepluckyblock.procedures.Structures5Procedure/]: [STRUCT5-FLAT] scoring termine : 2224 candidat(s) en 3 ms (joueur 0 ms, emprises 0 ms, mesures terrain 3 ms) -- T57
[10Oct2026 07:51:07.964] [Server thread/INFO] [deepluckyblock.procedures.Structures5Procedure/]: [STRUCT5-FLAT] 2523 candidat(s) ecarte(s) : surface en EAU (un lac est plat mais inconstructible) -- T75
[10Oct2026 07:51:07.964] [Server thread/INFO] [deepluckyblock.procedures.Structures5Procedure/]: [STRUCT5-FLAT] prefiltre relief sec (T233) : 1 candidat(s) ecarte(s) SANS generation de chunks (economie worldgen, porte 10x1,75+8)
[10Oct2026 07:51:08.068] [Server thread/INFO] [deepluckyblock.procedures.Structures5Procedure/]: [STRUCT5-FLAT] tranche 100ms terminée après 5 candidat(s); 2219 restent dans CE MÊME cercle
[10Oct2026 07:51:08.077] [Server thread/INFO] [deepluckyblock.procedures.Structures5Procedure/]: [STRUCT5] === PASTE citadel === off=[20,-35,20] dist=0 facing=south
[10Oct2026 07:51:08.107] [Server thread/INFO] [deepluckyblock.procedures.Structures5Procedure/]: [STRUCT5-FLAT] grille de scoring : 147x147 cellules (14351 connues) en 21 ms -- T59/T62 (5177664 recherche(s) de chunk, dont 6 ayant attendu >2 ms, 1016 ms au total)
[10Oct2026 07:51:08.114] [Server thread/INFO] [deepluckyblock.procedures.Structures5Procedure/]: [STRUCT5-FLAT] scoring termine : 2231 candidat(s) en 2 ms (joueur 0 ms, emprises 0 ms, mesures terrain 2 ms) -- T57
[10Oct2026 07:51:08.115] [Server thread/INFO] [deepluckyblock.procedures.Structures5Procedure/]: [STRUCT5-FLAT] 2523 candidat(s) ecarte(s) : surface en EAU (un lac est plat mais inconstructible) -- T75
[10Oct2026 07:51:08.115] [Server thread/INFO] [deepluckyblock.procedures.Structures5Procedure/]: [STRUCT5-FLAT] prefiltre relief sec (T233) : 1 candidat(s) ecarte(s) SANS generation de chunks (economie worldgen, porte 10x1,75+8)
[10Oct2026 07:51:08.216] [Server thread/INFO] [deepluckyblock.procedures.Structures5Procedure/]: [STRUCT5-FLAT] tranche 100ms terminée après 5 candidat(s); 2226 restent dans CE MÊME cercle
[10Oct2026 07:51:08.224] [Server thread/INFO] [deepluckyblock.procedures.Structures5Procedure/]: [STRUCT5] === PASTE citadel === off=[20,-35,20] dist=0 facing=south
[10Oct2026 07:51:08.289] [Server thread/INFO] [deepluckyblock.procedures.Structures5Procedure/]: [STRUCT5-FLAT] grille de scoring : 147x147 cellules (14351 connues) en 20 ms -- T59/T62 (5191127 recherche(s) de chunk, dont 6 ayant attendu >2 ms, 1018 ms au total)
[10Oct2026 07:51:08.296] [Server thread/INFO] [deepluckyblock.procedures.Structures5Procedure/]: [STRUCT5-FLAT] scoring termine : 2236 candidat(s) en 3 ms (joueur 0 ms, emprises 0 ms, mesures terrain 3 ms) -- T57
[10Oct2026 07:51:08.296] [Server thread/INFO] [deepluckyblock.procedures.Structures5Procedure/]: [STRUCT5-FLAT] 2523 candidat(s) ecarte(s) : surface en EAU (un lac est plat mais inconstructible) -- T75
[10Oct2026 07:51:08.296] [Server thread/INFO] [deepluckyblock.procedures.Structures5Procedure/]: [STRUCT5-FLAT] prefiltre relief sec (T233) : 1 candidat(s) ecarte(s) SANS generation de chunks (economie worldgen, porte 10x1,75+8)
[10Oct2026 07:51:08.404] [Server thread/INFO] [deepluckyblock.procedures.Structures5Procedure/]: [STRUCT5-FLAT] tranche 100ms terminée après 6 candidat(s); 2230 restent dans CE MÊME cercle
[10Oct2026 07:51:08.412] [Server thread/INFO] [deepluckyblock.procedures.Structures5Procedure/]: [STRUCT5] === PASTE citadel === off=[20,-35,20] dist=0 facing=south
[10Oct2026 07:51:08.440] [Server thread/INFO] [deepluckyblock.procedures.Structures5Procedure/]: [STRUCT5-FLAT] grille de scoring : 147x147 cellules (14360 connues) en 20 ms -- T59/T62 (5202336 recherche(s) de chunk, dont 6 ayant attendu >2 ms, 1021 ms au total)
[10Oct2026 07:51:08.447] [Server thread/INFO] [deepluckyblock.procedures.Structures5Procedure/]: [STRUCT5-FLAT] scoring termine : 2233 candidat(s) en 4 ms (joueur 0 ms, emprises 1 ms, mesures terrain 3 ms) -- T57
[10Oct2026 07:51:08.448] [Server thread/INFO] [deepluckyblock.procedures.Structures5Procedure/]: [STRUCT5-FLAT] 2523 candidat(s) ecarte(s) : surface en EAU (un lac est plat mais inconstructible) -- T75
[10Oct2026 07:51:08.448] [Server thread/INFO] [deepluckyblock.procedures.Structures5Procedure/]: [STRUCT5-FLAT] prefiltre relief sec (T233) : 1 candidat(s) ecarte(s) SANS generation de chunks (economie worldgen, porte 10x1,75+8)
[10Oct2026 07:51:08.552] [Server thread/INFO] [deepluckyblock.procedures.Structures5Procedure/]: [STRUCT5-FLAT] tranche 100ms terminée après 6 candidat(s); 2227 restent dans CE MÊME cercle
[10Oct2026 07:51:08.560] [Server thread/INFO] [deepluckyblock.procedures.Structures5Procedure/]: [STRUCT5] === PASTE citadel === off=[20,-35,20] dist=0 facing=south
[10Oct2026 07:51:08.590] [Server thread/INFO] [deepluckyblock.procedures.Structures5Procedure/]: [STRUCT5-FLAT] grille de scoring : 147x147 cellules (14363 connues) en 21 ms -- T59/T62 (5213483 recherche(s) de chunk, dont 6 ayant attendu >2 ms, 1023 ms au total)
[10Oct2026 07:51:08.597] [Server thread/INFO] [deepluckyblock.procedures.Structures5Procedure/]: [STRUCT5-FLAT] scoring termine : 2227 candidat(s) en 2 ms (joueur 0 ms, emprises 0 ms, mesures terrain 2 ms) -- T57
[10Oct2026 07:51:08.598] [Server thread/INFO] [deepluckyblock.procedures.Structures5Procedure/]: [STRUCT5-FLAT] 2523 candidat(s) ecarte(s) : surface en EAU (un lac est plat mais inconstructible) -- T75
[10Oct2026 07:51:08.598] [Server thread/INFO] [deepluckyblock.procedures.Structures5Procedure/]: [STRUCT5-FLAT] prefiltre relief sec (T233) : 1 candidat(s) ecarte(s) SANS generation de chunks (economie worldgen, porte 10x1,75+8)
[10Oct2026 07:51:08.755] [Server thread/INFO] [deepluckyblock.procedures.Structures5Procedure/]: [STRUCT5-FLAT] tranche 100ms terminée après 4 candidat(s); 2223 restent dans CE MÊME cercle
[10Oct2026 07:51:08.811] [Server thread/INFO] [deepluckyblock.procedures.Structures5Procedure/]: [STRUCT5] === PASTE citadel === off=[20,-35,20] dist=0 facing=south
[10Oct2026 07:51:08.845] [Server thread/INFO] [deepluckyblock.procedures.Structures5Procedure/]: [STRUCT5-FLAT] grille de scoring : 147x147 cellules (14370 connues) en 24 ms -- T59/T62 (5223302 recherche(s) de chunk, dont 6 ayant attendu >2 ms, 1026 ms au total)
[10Oct2026 07:51:08.856] [Server thread/INFO] [deepluckyblock.procedures.Structures5Procedure/]: [STRUCT5-FLAT] scoring termine : 2241 candidat(s) en 4 ms (joueur 0 ms, emprises 1 ms, mesures terrain 3 ms) -- T57
[10Oct2026 07:51:08.856] [Server thread/INFO] [deepluckyblock.procedures.Structures5Procedure/]: [STRUCT5-FLAT] 2523 candidat(s) ecarte(s) : surface en EAU (un lac est plat mais inconstructible) -- T75
[10Oct2026 07:51:08.856] [Server thread/INFO] [deepluckyblock.procedures.Structures5Procedure/]: [STRUCT5-FLAT] prefiltre relief sec (T233) : 1 candidat(s) ecarte(s) SANS generation de chunks (economie worldgen, porte 10x1,75+8)
[10Oct2026 07:51:08.959] [Server thread/INFO] [deepluckyblock.procedures.Structures5Procedure/]: [STRUCT5-FLAT] tranche 100ms terminée après 3 candidat(s); 2238 restent dans CE MÊME cercle
[10Oct2026 07:51:08.968] [Server thread/INFO] [deepluckyblock.procedures.Structures5Procedure/]: [STRUCT5] === PASTE citadel === off=[20,-35,20] dist=0 facing=south
[10Oct2026 07:51:09.094] [Server thread/INFO] [deepluckyblock.procedures.Structures5Procedure/]: [STRUCT5-FLAT] grille de scoring : 147x147 cellules (15502 connues) en 24 ms -- T59/T62 (5237611 recherche(s) de chunk, dont 6 ayant attendu >2 ms, 1029 ms au total)
[10Oct2026 07:51:09.103] [Server thread/INFO] [deepluckyblock.procedures.Structures5Procedure/]: [STRUCT5-FLAT] scoring termine : 3338 candidat(s) en 5 ms (joueur 0 ms, emprises 0 ms, mesures terrain 5 ms) -- T57
[10Oct2026 07:51:09.103] [Server thread/INFO] [deepluckyblock.procedures.Structures5Procedure/]: [STRUCT5-FLAT] 2542 candidat(s) ecarte(s) : surface en EAU (un lac est plat mais inconstructible) -- T75
[10Oct2026 07:51:09.104] [Server thread/INFO] [deepluckyblock.procedures.Structures5Procedure/]: [STRUCT5-FLAT] prefiltre relief sec (T233) : 1 candidat(s) ecarte(s) SANS generation de chunks (economie worldgen, porte 10x1,75+8)
[10Oct2026 07:51:09.210] [Server thread/INFO] [deepluckyblock.procedures.Structures5Procedure/]: [STRUCT5-FLAT] tranche 100ms terminée après 3 candidat(s); 3335 restent dans CE MÊME cercle
[10Oct2026 07:51:09.224] [Server thread/INFO] [deepluckyblock.procedures.Structures5Procedure/]: [STRUCT5] === PASTE citadel === off=[20,-35,20] dist=0 facing=south
[10Oct2026 07:51:09.349] [Server thread/INFO] [deepluckyblock.procedures.Structures5Procedure/]: [STRUCT5-FLAT] grille de scoring : 147x147 cellules (15490 connues) en 23 ms -- T59/T62 (5252707 recherche(s) de chunk, dont 6 ayant attendu >2 ms, 1033 ms au total)
[10Oct2026 07:51:09.358] [Server thread/INFO] [deepluckyblock.procedures.Structures5Procedure/]: [STRUCT5-FLAT] scoring termine : 3323 candidat(s) en 4 ms (joueur 0 ms, emprises 1 ms, mesures terrain 3 ms) -- T57
[10Oct2026 07:51:09.359] [Server thread/INFO] [deepluckyblock.procedures.Structures5Procedure/]: [STRUCT5-FLAT] 2542 candidat(s) ecarte(s) : surface en EAU (un lac est plat mais inconstructible) -- T75
[10Oct2026 07:51:09.359] [Server thread/INFO] [deepluckyblock.procedures.Structures5Procedure/]: [STRUCT5-FLAT] prefiltre relief sec (T233) : 1 candidat(s) ecarte(s) SANS generation de chunks (economie worldgen, porte 10x1,75+8)
[10Oct2026 07:51:09.472] [Server thread/INFO] [deepluckyblock.procedures.Structures5Procedure/]: [STRUCT5-FLAT] tranche 100ms terminée après 3 candidat(s); 3320 restent dans CE MÊME cercle
[10Oct2026 07:51:09.492] [Server thread/INFO] [deepluckyblock.procedures.Structures5Procedure/]: [STRUCT5] === PASTE citadel === off=[20,-35,20] dist=0 facing=south
[10Oct2026 07:51:09.617] [Server thread/INFO] [deepluckyblock.procedures.Structures5Procedure/]: [STRUCT5-FLAT] grille de scoring : 147x147 cellules (15490 connues) en 23 ms -- T59/T62 (5267803 recherche(s) de chunk, dont 6 ayant attendu >2 ms, 1036 ms au total)
[10Oct2026 07:51:09.626] [Server thread/INFO] [deepluckyblock.procedures.Structures5Procedure/]: [STRUCT5-FLAT] scoring termine : 3320 candidat(s) en 4 ms (joueur 0 ms, emprises 1 ms, mesures terrain 3 ms) -- T57
[10Oct2026 07:51:09.627] [Server thread/INFO] [deepluckyblock.procedures.Structures5Procedure/]: [STRUCT5-FLAT] 2542 candidat(s) ecarte(s) : surface en EAU (un lac est plat mais inconstructible) -- T75
[10Oct2026 07:51:09.627] [Server thread/INFO] [deepluckyblock.procedures.Structures5Procedure/]: [STRUCT5-FLAT] prefiltre relief sec (T233) : 1 candidat(s) ecarte(s) SANS generation de chunks (economie worldgen, porte 10x1,75+8)
[10Oct2026 07:51:09.737] [Server thread/INFO] [deepluckyblock.procedures.Structures5Procedure/]: [STRUCT5-FLAT] tranche 100ms terminée après 3 candidat(s); 3317 restent dans CE MÊME cercle
[10Oct2026 07:51:09.783] [Server thread/INFO] [deepluckyblock.procedures.Structures5Procedure/]: [STRUCT5] === PASTE citadel === off=[20,-35,20] dist=0 facing=south
[10Oct2026 07:51:09.913] [Server thread/INFO] [deepluckyblock.procedures.Structures5Procedure/]: [STRUCT5-FLAT] grille de scoring : 147x147 cellules (15202 connues) en 23 ms -- T59/T62 (5284175 recherche(s) de chunk, dont 6 ayant attendu >2 ms, 1040 ms au total)
[10Oct2026 07:51:09.924] [Server thread/INFO] [deepluckyblock.procedures.Structures5Procedure/]: [STRUCT5-FLAT] scoring termine : 3039 candidat(s) en 6 ms (joueur 0 ms, emprises 0 ms, mesures terrain 6 ms) -- T57
[10Oct2026 07:51:09.924] [Server thread/INFO] [deepluckyblock.procedures.Structures5Procedure/]: [STRUCT5-FLAT] 2539 candidat(s) ecarte(s) : surface en EAU (un lac est plat mais inconstructible) -- T75
[10Oct2026 07:51:09.924] [Server thread/INFO] [deepluckyblock.procedures.Structures5Procedure/]: [STRUCT5-FLAT] prefiltre relief sec (T233) : 1 candidat(s) ecarte(s) SANS generation de chunks (economie worldgen, porte 10x1,75+8)
[10Oct2026 07:51:10.042] [Server thread/INFO] [deepluckyblock.procedures.Structures5Procedure/]: [STRUCT5-FLAT] tranche 100ms terminée après 8 candidat(s); 3031 restent dans CE MÊME cercle
[10Oct2026 07:51:10.052] [Server thread/INFO] [deepluckyblock.procedures.Structures5Procedure/]: [STRUCT5] === PASTE citadel === off=[20,-35,20] dist=0 facing=south
[10Oct2026 07:51:10.083] [Server thread/INFO] [deepluckyblock.procedures.Structures5Procedure/]: [STRUCT5-FLAT] grille de scoring : 147x147 cellules (15193 connues) en 22 ms -- T59/T62 (5296889 recherche(s) de chunk, dont 6 ayant attendu >2 ms, 1043 ms au total)
[10Oct2026 07:51:10.091] [Server thread/INFO] [deepluckyblock.procedures.Structures5Procedure/]: [STRUCT5-FLAT] scoring termine : 3022 candidat(s) en 6 ms (joueur 1 ms, emprises 0 ms, mesures terrain 5 ms) -- T57
[10Oct2026 07:51:10.091] [Server thread/INFO] [deepluckyblock.procedures.Structures5Procedure/]: [STRUCT5-FLAT] 2539 candidat(s) ecarte(s) : surface en EAU (un lac est plat mais inconstructible) -- T75
[10Oct2026 07:51:10.091] [Server thread/INFO] [deepluckyblock.procedures.Structures5Procedure/]: [STRUCT5-FLAT] prefiltre relief sec (T233) : 1 candidat(s) ecarte(s) SANS generation de chunks (economie worldgen, porte 10x1,75+8)
[10Oct2026 07:51:10.196] [Server thread/INFO] [deepluckyblock.procedures.Structures5Procedure/]: [STRUCT5-FLAT] tranche 100ms terminée après 6 candidat(s); 3016 restent dans CE MÊME cercle
[10Oct2026 07:51:10.204] [Server thread/INFO] [deepluckyblock.procedures.Structures5Procedure/]: [STRUCT5] === PASTE citadel === off=[20,-35,20] dist=0 facing=south
[10Oct2026 07:51:10.317] [Server thread/INFO] [deepluckyblock.procedures.Structures5Procedure/]: [STRUCT5-FLAT] grille de scoring : 147x147 cellules (15253 connues) en 23 ms -- T59/T62 (5314607 recherche(s) de chunk, dont 6 ayant attendu >2 ms, 1046 ms au total)
[10Oct2026 07:51:10.325] [Server thread/INFO] [deepluckyblock.procedures.Structures5Procedure/]: [STRUCT5-FLAT] scoring termine : 3076 candidat(s) en 5 ms (joueur 1 ms, emprises 0 ms, mesures terrain 4 ms) -- T57
[10Oct2026 07:51:10.325] [Server thread/INFO] [deepluckyblock.procedures.Structures5Procedure/]: [STRUCT5-FLAT] 2542 candidat(s) ecarte(s) : surface en EAU (un lac est plat mais inconstructible) -- T75
[10Oct2026 07:51:10.325] [Server thread/INFO] [deepluckyblock.procedures.Structures5Procedure/]: [STRUCT5-FLAT] prefiltre relief sec (T233) : 1 candidat(s) ecarte(s) SANS generation de chunks (economie worldgen, porte 10x1,75+8)
[10Oct2026 07:51:10.443] [Server thread/INFO] [deepluckyblock.procedures.Structures5Procedure/]: [STRUCT5-FLAT] tranche 100ms terminée après 4 candidat(s); 3072 restent dans CE MÊME cercle
[10Oct2026 07:51:10.452] [Server thread/INFO] [deepluckyblock.procedures.Structures5Procedure/]: [STRUCT5] === PASTE citadel === off=[20,-35,20] dist=0 facing=south
[10Oct2026 07:51:10.483] [Server thread/INFO] [deepluckyblock.procedures.Structures5Procedure/]: [STRUCT5-FLAT] grille de scoring : 147x147 cellules (15253 connues) en 22 ms -- T59/T62 (5325477 recherche(s) de chunk, dont 6 ayant attendu >2 ms, 1048 ms au total)
[10Oct2026 07:51:10.490] [Server thread/INFO] [deepluckyblock.procedures.Structures5Procedure/]: [STRUCT5-FLAT] scoring termine : 3076 candidat(s) en 5 ms (joueur 0 ms, emprises 0 ms, mesures terrain 5 ms) -- T57
[10Oct2026 07:51:10.490] [Server thread/INFO] [deepluckyblock.procedures.Structures5Procedure/]: [STRUCT5-FLAT] 2542 candidat(s) ecarte(s) : surface en EAU (un lac est plat mais inconstructible) -- T75
[10Oct2026 07:51:10.491] [Server thread/INFO] [deepluckyblock.procedures.Structures5Procedure/]: [STRUCT5-FLAT] prefiltre relief sec (T233) : 1 candidat(s) ecarte(s) SANS generation de chunks (economie worldgen, porte 10x1,75+8)
[10Oct2026 07:51:10.608] [Server thread/INFO] [deepluckyblock.procedures.Structures5Procedure/]: [STRUCT5-FLAT] tranche 100ms terminée après 4 candidat(s); 3072 restent dans CE MÊME cercle
[10Oct2026 07:51:10.619] [Server thread/INFO] [deepluckyblock.procedures.Structures5Procedure/]: [STRUCT5] === PASTE citadel === off=[20,-35,20] dist=0 facing=south
[10Oct2026 07:51:10.707] [Server thread/INFO] [deepluckyblock.procedures.Structures5Procedure/]: [STRUCT5-FLAT] grille de scoring : 147x147 cellules (15283 connues) en 29 ms -- T59/T62 (5339665 recherche(s) de chunk, dont 6 ayant attendu >2 ms, 1051 ms au total)
[10Oct2026 07:51:10.715] [Server thread/INFO] [deepluckyblock.procedures.Structures5Procedure/]: [STRUCT5-FLAT] scoring termine : 3102 candidat(s) en 3 ms (joueur 0 ms, emprises 0 ms, mesures terrain 3 ms) -- T57
[10Oct2026 07:51:10.715] [Server thread/INFO] [deepluckyblock.procedures.Structures5Procedure/]: [STRUCT5-FLAT] 2542 candidat(s) ecarte(s) : surface en EAU (un lac est plat mais inconstructible) -- T75
[10Oct2026 07:51:10.715] [Server thread/INFO] [deepluckyblock.procedures.Structures5Procedure/]: [STRUCT5-FLAT] prefiltre relief sec (T233) : 1 candidat(s) ecarte(s) SANS generation de chunks (economie worldgen, porte 10x1,75+8)
[10Oct2026 07:51:10.870] [Server thread/INFO] [deepluckyblock.procedures.Structures5Procedure/]: [STRUCT5-FLAT] tranche 100ms terminée après 4 candidat(s); 3098 restent dans CE MÊME cercle
[10Oct2026 07:51:10.881] [Server thread/INFO] [deepluckyblock.procedures.Structures5Procedure/]: [STRUCT5] === PASTE citadel === off=[20,-35,20] dist=0 facing=south
[10Oct2026 07:51:11.030] [Server thread/INFO] [deepluckyblock.procedures.Structures5Procedure/]: [STRUCT5-FLAT] grille de scoring : 147x147 cellules (15262 connues) en 46 ms -- T59/T62 (5353922 recherche(s) de chunk, dont 6 ayant attendu >2 ms, 1054 ms au total)
[10Oct2026 07:51:11.038] [Server thread/INFO] [deepluckyblock.procedures.Structures5Procedure/]: [STRUCT5-FLAT] scoring termine : 3078 candidat(s) en 4 ms (joueur 0 ms, emprises 0 ms, mesures terrain 4 ms) -- T57
[10Oct2026 07:51:11.048] [Server thread/INFO] [deepluckyblock.procedures.Structures5Procedure/]: [STRUCT5-FLAT] 2539 candidat(s) ecarte(s) : surface en EAU (un lac est plat mais inconstructible) -- T75
[10Oct2026 07:51:11.048] [Server thread/INFO] [deepluckyblock.procedures.Structures5Procedure/]: [STRUCT5-FLAT] prefiltre relief sec (T233) : 1 candidat(s) ecarte(s) SANS generation de chunks (economie worldgen, porte 10x1,75+8)
[10Oct2026 07:51:11.173] [Server thread/INFO] [deepluckyblock.procedures.Structures5Procedure/]: [STRUCT5-FLAT] tranche 100ms terminée après 3 candidat(s); 3075 restent dans CE MÊME cercle
[10Oct2026 07:51:11.180] [Server thread/INFO] [deepluckyblock.procedures.Structures5Procedure/]: [STRUCT5] === PASTE citadel === off=[20,-35,20] dist=0 facing=south
[10Oct2026 07:51:11.199] [Server thread/INFO] [deepluckyblock.procedures.Structures5Procedure/]: [STRUCT5-FLAT] Zone choisie a 1476,-284 (candidat differe pret apres chargement fond, relief=8, flat=100%, Y sol=70, 75 s de recherche)
[10Oct2026 07:51:11.307] [Server thread/INFO] [deepluckyblock.procedures.Structures5Procedure/]: [STRUCT5] citadel -> 1496, 18, -264 (baseY=65, minRelY=12, rot=NONE, 127ms)
[10Oct2026 07:51:11.418] [Server thread/INFO] [deepluckyblock.procedures.Structures5Procedure/]: [STRUCT5-GROUND] citadel sol solide validé sous 100% de la zone centrale x0,6 : 2184 colonnes, 0 avec eau autorisée, sol Y=62..70 (relief=8)
[10Oct2026 07:51:11.419] [Server thread/INFO] [deepluckyblock.procedures.Structures5Procedure/]: [STRUCT5] citadel : center anchor confirmed by footprint (T76) -- median=65, min=62, max=70, 329 columns, delta=0 <= 4
[10Oct2026 07:51:11.459] [Server thread/INFO] [deepluckyblock.procedures.Structures5Procedure/]: [STRUCT5] citadel : 113930 a poser (1 verre supprime, air exterieur deja ecarte au chargement) -- T73
[10Oct2026 07:51:11.465] [Server thread/INFO] [deepluckyblock.procedures.Structures5Procedure/]: [STRUCT5] citadel : selected solid groundY=65, clearance starts at Y=66, model offsetY=-35, foundationBaseY=30
[10Oct2026 07:51:11.466] [Server thread/INFO] [deepluckyblock.util.ChunkKeeper/]: [DLB-CHUNKS] zone 1395, 30, -357 -> 1558, 231, -210 tenue en memoire pendant le pipeline (110 chunks)
[10Oct2026 07:51:11.466] [Server thread/INFO] [deepluckyblock.util.TerrainEditClamp/]: [DLB-CLAMP] fenetre d'edition ouverte sur 164x330x148 a 1395,-357 -- ticks de chute et de fluide neutralises dans la zone
[10Oct2026 07:51:16.676] [Server thread/WARN] [deepluckyblock.util.TerrainEditClamp/]: [DLB-LAGPROBE] periode de tick de 5201 ms pendant la phase « pre-chargement des chunks 59/110 » -- c'est cette phase qui accapare le thread principal (zone 87,-23 -> 97,-14 : 53 chunks epingles, 57 en attente, 12 demandes de chargement ; 1 tick(s) > 1 s au total)
[10Oct2026 07:51:17.942] [Server thread/INFO] [deepluckyblock.util.ChunkKeeper/]: [DLB-CHUNKS] 110/110 chunks epingles (maintien en memoire) -- zone complete
[10Oct2026 07:51:18.042] [Server thread/WARN] [deepluckyblock.procedures.StructureTerrainPrep/]: [DLB-STRUCTURE] lissage bridé : 1056 colonne(s) sortaient de la fenetre autorisee (adaptative T89 : jusqu'a +64/-64 au bord, +10/-2 au loin ; derive maximale mesuree : 18 blocs, colonne 1530,-319 de la zone) -- ramenees dans la fenetre
[10Oct2026 07:51:18.054] [Server thread/WARN] [deepluckyblock.procedures.StructureTerrainPrep/]: [DLB-STRUCTURE] lissage bridé : 80 colonne(s) sortaient de la fenetre autorisee (adaptative T89 : jusqu'a +64/-64 au bord, +10/-2 au loin ; derive maximale mesuree : 17 blocs, colonne 1530,-319 de la zone) -- ramenees dans la fenetre
[10Oct2026 07:51:18.213] [Server thread/INFO] [deepluckyblock.procedures.Structures5Procedure/]: [STRUCT5] citadel : sol 0 exhaustif fixé avant terrain=65, offsetY=-35, first model blockY=18; diagnostic post-prep median=63, min=62, max=64, samples=161 (aucun second décalage)
[10Oct2026 07:51:18.213] [Server thread/INFO] [deepluckyblock.util.StructureSites/]: [DLB-SITES] emprise enregistree : citadel (132x116 a 1411,-341), 2 structure(s) suivie(s)
[10Oct2026 07:51:18.659] [Server thread/INFO] [deepluckyblock.procedures.Structures5Procedure/]: [STRUCT5] 49 LIGHT/vines techniques souterrains supprimes apres paste
[10Oct2026 07:51:18.660] [Server thread/INFO] [deepluckyblock.procedures.Structures5Procedure/]: [STRUCT5] citadel en 7434ms (113930 blocs, 443 a gravite -- ticks de chute neutralises par DLB-CLAMP)
[10Oct2026 07:51:18.696] [Server thread/INFO] [deepluckyblock.procedures.Structures5Procedure/]: [STRUCT5] carve citadel programmee (4151 colonnes, 113930 blocs occupes, bottomY=30)
[10Oct2026 07:51:19.124] [Server thread/INFO] [deepluckyblock.procedures.Structures5Procedure/]: [STRUCT5] citadel termine : 0 blocs supprimes, 3 blocs de motte (bottomY=30)
[10Oct2026 07:51:19.196] [Server thread/INFO] [deepluckyblock.procedures.Structures5Procedure/]: [STRUCT5] decorate + post de citadel termine
[10Oct2026 07:51:19.838] [Server thread/INFO] [deepluckyblock.util.TerrainEditClamp/]: [DLB-CLAMP] fenetre fermee (fin de pipeline) : 8 s de travail, 100 ticks ; periode de tick moyenne 85 ms, pire 5201 ms (20 TPS = 50 ms) ; 4 tick(s) > 100 ms dont 1 > 1 s ; MSPT lisse 10.7 ms ; chute max 0 entite(s)
[10Oct2026 07:51:19.839] [Server thread/INFO] [deepluckyblock.util.TerrainEditClamp/]: [DLB-PERF] TACHE COMPLETE en 8.4 s -- ou est passe le temps : pre-chargement des chunks 1.6 s (19%) | replantTrees 0.6 s (7%) | prepZone 1c/11 0.4 s (5%) | prepZone 1b/11 0.3 s (3%) | rebuildTerrain 0.1 s (2%) | dressAndPlant 0.1 s (1%) | smooth graduel T109 0.1 s (1%) | prepZone 0.0 s (0%) | attente/tick system 5.2 sacces terrain : 2595 requete(s) moteur, 457566 lecture(s) servies par le cache (99%), 0 colonne(s) hors memoire
[10Oct2026 07:51:19.840] [Server thread/INFO] [deepluckyblock.util.ChunkKeeper/]: [DLB-CHUNKS] zone relachee (110 chunks rendus au chunk system, en tranches)
[10Oct2026 07:51:19.876] [Server thread/WARN] [net.minecraft.server.MinecraftServer/]: Can't keep up! Is the server overloaded? Running 27104ms or 542 ticks behind
[10Oct2026 07:51:20.996] [Server thread/INFO] [deepluckyblock.procedures.Structures5Procedure/]: [STRUCT5] Post-process de citadel termine
[10Oct2026 07:51:20.996] [Server thread/INFO] [deepluckyblock.procedures.Structures5Procedure/]: [STRUCT5] citadel entièrement terminé (recherche, pose, terrain, végétation et arbres) en 85765 ms : FIFO libérée
[10Oct2026 07:51:20.997] [Server thread/INFO] [deepluckyblock.procedures.Structures5Procedure/]: [STRUCT5] File d'attente : demarrage de la structure ID=1 (0 encore en attente)
[10Oct2026 07:51:20.997] [Server thread/INFO] [deepluckyblock.procedures.Structures5Procedure/]: [STRUCT5] === PASTE observatory === off=[0,-5,0] dist=0 facing=north
[10Oct2026 07:51:21.001] [Server thread/INFO] [deepluckyblock.procedures.Structures5Procedure/]: [STRUCT5-FLAT] grille de scoring : 41x41 cellules (1681 connues) en 3 ms -- T59/T62 (5382852 recherche(s) de chunk, dont 6 ayant attendu >2 ms, 1058 ms au total)
[10Oct2026 07:51:21.002] [Server thread/INFO] [deepluckyblock.procedures.Structures5Procedure/]: [STRUCT5-FLAT] scoring termine : 280 candidat(s) en 0 ms (joueur 0 ms, emprises 0 ms, mesures terrain 0 ms) -- T57
[10Oct2026 07:51:21.002] [Server thread/INFO] [deepluckyblock.procedures.Structures5Procedure/]: [STRUCT5-FLAT] 1152 candidat(s) ecarte(s) : surface en EAU (un lac est plat mais inconstructible) -- T75
[10Oct2026 07:51:21.104] [Server thread/INFO] [deepluckyblock.procedures.Structures5Procedure/]: [STRUCT5-FLAT] tranche 100ms terminée après 16 candidat(s); 264 restent dans CE MÊME cercle
[10Oct2026 07:51:21.113] [Server thread/INFO] [deepluckyblock.procedures.Structures5Procedure/]: [STRUCT5] === PASTE observatory === off=[0,-5,0] dist=0 facing=north
[10Oct2026 07:51:21.118] [Server thread/INFO] [deepluckyblock.procedures.Structures5Procedure/]: [STRUCT5-FLAT] grille de scoring : 41x41 cellules (1681 connues) en 3 ms -- T59/T62 (5389600 recherche(s) de chunk, dont 6 ayant attendu >2 ms, 1059 ms au total)
[10Oct2026 07:51:21.119] [Server thread/INFO] [deepluckyblock.procedures.Structures5Procedure/]: [STRUCT5-FLAT] scoring termine : 264 candidat(s) en 1 ms (joueur 0 ms, emprises 0 ms, mesures terrain 1 ms) -- T57
[10Oct2026 07:51:21.119] [Server thread/INFO] [deepluckyblock.procedures.Structures5Procedure/]: [STRUCT5-FLAT] 1152 candidat(s) ecarte(s) : surface en EAU (un lac est plat mais inconstructible) -- T75
[10Oct2026 07:51:21.221] [Server thread/INFO] [deepluckyblock.procedures.Structures5Procedure/]: [STRUCT5-FLAT] tranche 100ms terminée après 15 candidat(s); 249 restent dans CE MÊME cercle
[10Oct2026 07:51:21.233] [Server thread/INFO] [deepluckyblock.procedures.Structures5Procedure/]: [STRUCT5] === PASTE observatory === off=[0,-5,0] dist=0 facing=north
[10Oct2026 07:51:21.236] [Server thread/INFO] [deepluckyblock.procedures.Structures5Procedure/]: [STRUCT5-FLAT] grille de scoring : 41x41 cellules (1681 connues) en 3 ms -- T59/T62 (5395666 recherche(s) de chunk, dont 6 ayant attendu >2 ms, 1060 ms au total)
[10Oct2026 07:51:21.238] [Server thread/INFO] [deepluckyblock.procedures.Structures5Procedure/]: [STRUCT5-FLAT] scoring termine : 249 candidat(s) en 1 ms (joueur 0 ms, emprises 0 ms, mesures terrain 1 ms) -- T57
[10Oct2026 07:51:21.238] [Server thread/INFO] [deepluckyblock.procedures.Structures5Procedure/]: [STRUCT5-FLAT] 1152 candidat(s) ecarte(s) : surface en EAU (un lac est plat mais inconstructible) -- T75
[10Oct2026 07:51:21.343] [Server thread/INFO] [deepluckyblock.procedures.Structures5Procedure/]: [STRUCT5-FLAT] tranche 100ms terminée après 19 candidat(s); 230 restent dans CE MÊME cercle
[10Oct2026 07:51:21.354] [Server thread/INFO] [deepluckyblock.procedures.Structures5Procedure/]: [STRUCT5] === PASTE observatory === off=[0,-5,0] dist=0 facing=north
[10Oct2026 07:51:21.358] [Server thread/INFO] [deepluckyblock.procedures.Structures5Procedure/]: [STRUCT5-FLAT] grille de scoring : 41x41 cellules (1681 connues) en 4 ms -- T59/T62 (5403039 recherche(s) de chunk, dont 6 ayant attendu >2 ms, 1062 ms au total)
[10Oct2026 07:51:21.359] [Server thread/INFO] [deepluckyblock.procedures.Structures5Procedure/]: [STRUCT5-FLAT] scoring termine : 230 candidat(s) en 1 ms (joueur 0 ms, emprises 0 ms, mesures terrain 1 ms) -- T57
[10Oct2026 07:51:21.359] [Server thread/INFO] [deepluckyblock.procedures.Structures5Procedure/]: [STRUCT5-FLAT] 1152 candidat(s) ecarte(s) : surface en EAU (un lac est plat mais inconstructible) -- T75
[10Oct2026 07:51:21.469] [Server thread/INFO] [deepluckyblock.procedures.Structures5Procedure/]: [STRUCT5-FLAT] tranche 100ms terminée après 14 candidat(s); 216 restent dans CE MÊME cercle
[10Oct2026 07:51:21.478] [Server thread/INFO] [deepluckyblock.procedures.Structures5Procedure/]: [STRUCT5] === PASTE observatory === off=[0,-5,0] dist=0 facing=north
[10Oct2026 07:51:21.481] [Server thread/INFO] [deepluckyblock.procedures.Structures5Procedure/]: [STRUCT5-FLAT] grille de scoring : 41x41 cellules (1681 connues) en 3 ms -- T59/T62 (5410337 recherche(s) de chunk, dont 6 ayant attendu >2 ms, 1063 ms au total)
[10Oct2026 07:51:21.482] [Server thread/INFO] [deepluckyblock.procedures.Structures5Procedure/]: [STRUCT5-FLAT] scoring termine : 216 candidat(s) en 1 ms (joueur 0 ms, emprises 0 ms, mesures terrain 1 ms) -- T57
[10Oct2026 07:51:21.482] [Server thread/INFO] [deepluckyblock.procedures.Structures5Procedure/]: [STRUCT5-FLAT] 1152 candidat(s) ecarte(s) : surface en EAU (un lac est plat mais inconstructible) -- T75
[10Oct2026 07:51:21.590] [Server thread/INFO] [deepluckyblock.procedures.Structures5Procedure/]: [STRUCT5-FLAT] tranche 100ms terminée après 18 candidat(s); 198 restent dans CE MÊME cercle
[10Oct2026 07:51:21.603] [Server thread/INFO] [deepluckyblock.procedures.Structures5Procedure/]: [STRUCT5] === PASTE observatory === off=[0,-5,0] dist=0 facing=north
[10Oct2026 07:51:21.607] [Server thread/INFO] [deepluckyblock.procedures.Structures5Procedure/]: [STRUCT5-FLAT] grille de scoring : 41x41 cellules (1681 connues) en 4 ms -- T59/T62 (5417716 recherche(s) de chunk, dont 6 ayant attendu >2 ms, 1065 ms au total)
[10Oct2026 07:51:21.609] [Server thread/INFO] [deepluckyblock.procedures.Structures5Procedure/]: [STRUCT5-FLAT] scoring termine : 198 candidat(s) en 2 ms (joueur 0 ms, emprises 0 ms, mesures terrain 2 ms) -- T57
[10Oct2026 07:51:21.609] [Server thread/INFO] [deepluckyblock.procedures.Structures5Procedure/]: [STRUCT5-FLAT] 1152 candidat(s) ecarte(s) : surface en EAU (un lac est plat mais inconstructible) -- T75
[10Oct2026 07:51:21.716] [Server thread/INFO] [deepluckyblock.procedures.Structures5Procedure/]: [STRUCT5-FLAT] tranche 100ms terminée après 12 candidat(s); 186 restent dans CE MÊME cercle
[10Oct2026 07:51:21.728] [Server thread/INFO] [deepluckyblock.procedures.Structures5Procedure/]: [STRUCT5] === PASTE observatory === off=[0,-5,0] dist=0 facing=north
[10Oct2026 07:51:21.732] [Server thread/INFO] [deepluckyblock.procedures.Structures5Procedure/]: [STRUCT5-FLAT] grille de scoring : 41x41 cellules (1681 connues) en 4 ms -- T59/T62 (5424098 recherche(s) de chunk, dont 6 ayant attendu >2 ms, 1066 ms au total)
[10Oct2026 07:51:21.733] [Server thread/INFO] [deepluckyblock.procedures.Structures5Procedure/]: [STRUCT5-FLAT] scoring termine : 186 candidat(s) en 1 ms (joueur 0 ms, emprises 0 ms, mesures terrain 1 ms) -- T57
[10Oct2026 07:51:21.733] [Server thread/INFO] [deepluckyblock.procedures.Structures5Procedure/]: [STRUCT5-FLAT] 1152 candidat(s) ecarte(s) : surface en EAU (un lac est plat mais inconstructible) -- T75
[10Oct2026 07:51:21.839] [Server thread/INFO] [deepluckyblock.procedures.Structures5Procedure/]: [STRUCT5-FLAT] tranche 100ms terminée après 15 candidat(s); 171 restent dans CE MÊME cercle
[10Oct2026 07:51:21.847] [Server thread/INFO] [deepluckyblock.procedures.Structures5Procedure/]: [STRUCT5] === PASTE observatory === off=[0,-5,0] dist=0 facing=north
[10Oct2026 07:51:21.850] [Server thread/INFO] [deepluckyblock.procedures.Structures5Procedure/]: [STRUCT5-FLAT] grille de scoring : 41x41 cellules (1681 connues) en 3 ms -- T59/T62 (5432622 recherche(s) de chunk, dont 6 ayant attendu >2 ms, 1067 ms au total)
[10Oct2026 07:51:21.851] [Server thread/INFO] [deepluckyblock.procedures.Structures5Procedure/]: [STRUCT5-FLAT] scoring termine : 171 candidat(s) en 1 ms (joueur 0 ms, emprises 0 ms, mesures terrain 1 ms) -- T57
[10Oct2026 07:51:21.851] [Server thread/INFO] [deepluckyblock.procedures.Structures5Procedure/]: [STRUCT5-FLAT] 1152 candidat(s) ecarte(s) : surface en EAU (un lac est plat mais inconstructible) -- T75
[10Oct2026 07:51:21.958] [Server thread/INFO] [deepluckyblock.procedures.Structures5Procedure/]: [STRUCT5-FLAT] tranche 100ms terminée après 17 candidat(s); 154 restent dans CE MÊME cercle
[10Oct2026 07:51:21.966] [Server thread/INFO] [deepluckyblock.procedures.Structures5Procedure/]: [STRUCT5] === PASTE observatory === off=[0,-5,0] dist=0 facing=north
[10Oct2026 07:51:21.968] [Server thread/INFO] [deepluckyblock.procedures.Structures5Procedure/]: [STRUCT5-FLAT] grille de scoring : 41x41 cellules (1681 connues) en 2 ms -- T59/T62 (5441621 recherche(s) de chunk, dont 6 ayant attendu >2 ms, 1069 ms au total)
[10Oct2026 07:51:21.969] [Server thread/INFO] [deepluckyblock.procedures.Structures5Procedure/]: [STRUCT5-FLAT] scoring termine : 154 candidat(s) en 0 ms (joueur 0 ms, emprises 0 ms, mesures terrain 0 ms) -- T57
[10Oct2026 07:51:21.969] [Server thread/INFO] [deepluckyblock.procedures.Structures5Procedure/]: [STRUCT5-FLAT] 1152 candidat(s) ecarte(s) : surface en EAU (un lac est plat mais inconstructible) -- T75
[10Oct2026 07:51:22.075] [Server thread/INFO] [deepluckyblock.procedures.Structures5Procedure/]: [STRUCT5-FLAT] tranche 100ms terminée après 17 candidat(s); 137 restent dans CE MÊME cercle
[10Oct2026 07:51:22.082] [Server thread/INFO] [deepluckyblock.procedures.Structures5Procedure/]: [STRUCT5] === PASTE observatory === off=[0,-5,0] dist=0 facing=north
[10Oct2026 07:51:22.085] [Server thread/INFO] [deepluckyblock.procedures.Structures5Procedure/]: [STRUCT5-FLAT] grille de scoring : 41x41 cellules (1681 connues) en 3 ms -- T59/T62 (5450638 recherche(s) de chunk, dont 6 ayant attendu >2 ms, 1070 ms au total)
[10Oct2026 07:51:22.086] [Server thread/INFO] [deepluckyblock.procedures.Structures5Procedure/]: [STRUCT5-FLAT] scoring termine : 137 candidat(s) en 1 ms (joueur 0 ms, emprises 0 ms, mesures terrain 1 ms) -- T57
[10Oct2026 07:51:22.086] [Server thread/INFO] [deepluckyblock.procedures.Structures5Procedure/]: [STRUCT5-FLAT] 1152 candidat(s) ecarte(s) : surface en EAU (un lac est plat mais inconstructible) -- T75
[10Oct2026 07:51:22.188] [Server thread/INFO] [deepluckyblock.procedures.Structures5Procedure/]: [STRUCT5-FLAT] tranche 100ms terminée après 19 candidat(s); 118 restent dans CE MÊME cercle
[10Oct2026 07:51:22.195] [Server thread/INFO] [deepluckyblock.procedures.Structures5Procedure/]: [STRUCT5] === PASTE observatory === off=[0,-5,0] dist=0 facing=north
[10Oct2026 07:51:22.198] [Server thread/INFO] [deepluckyblock.procedures.Structures5Procedure/]: [STRUCT5-FLAT] grille de scoring : 41x41 cellules (1681 connues) en 2 ms -- T59/T62 (5459598 recherche(s) de chunk, dont 6 ayant attendu >2 ms, 1071 ms au total)
[10Oct2026 07:51:22.198] [Server thread/INFO] [deepluckyblock.procedures.Structures5Procedure/]: [STRUCT5-FLAT] scoring termine : 118 candidat(s) en 0 ms (joueur 0 ms, emprises 0 ms, mesures terrain 0 ms) -- T57
[10Oct2026 07:51:22.198] [Server thread/INFO] [deepluckyblock.procedures.Structures5Procedure/]: [STRUCT5-FLAT] 1152 candidat(s) ecarte(s) : surface en EAU (un lac est plat mais inconstructible) -- T75
[10Oct2026 07:51:22.302] [Server thread/INFO] [deepluckyblock.procedures.Structures5Procedure/]: [STRUCT5-FLAT] tranche 100ms terminée après 21 candidat(s); 97 restent dans CE MÊME cercle
[10Oct2026 07:51:22.309] [Server thread/INFO] [deepluckyblock.procedures.Structures5Procedure/]: [STRUCT5] === PASTE observatory === off=[0,-5,0] dist=0 facing=north
[10Oct2026 07:51:22.311] [Server thread/INFO] [deepluckyblock.procedures.Structures5Procedure/]: [STRUCT5-FLAT] grille de scoring : 41x41 cellules (1681 connues) en 2 ms -- T59/T62 (5468507 recherche(s) de chunk, dont 6 ayant attendu >2 ms, 1072 ms au total)
[10Oct2026 07:51:22.312] [Server thread/INFO] [deepluckyblock.procedures.Structures5Procedure/]: [STRUCT5-FLAT] scoring termine : 97 candidat(s) en 1 ms (joueur 0 ms, emprises 0 ms, mesures terrain 1 ms) -- T57
[10Oct2026 07:51:22.312] [Server thread/INFO] [deepluckyblock.procedures.Structures5Procedure/]: [STRUCT5-FLAT] 1152 candidat(s) ecarte(s) : surface en EAU (un lac est plat mais inconstructible) -- T75
[10Oct2026 07:51:22.418] [Server thread/INFO] [deepluckyblock.procedures.Structures5Procedure/]: [STRUCT5-FLAT] tranche 100ms terminée après 25 candidat(s); 72 restent dans CE MÊME cercle
[10Oct2026 07:51:22.425] [Server thread/INFO] [deepluckyblock.procedures.Structures5Procedure/]: [STRUCT5] === PASTE observatory === off=[0,-5,0] dist=0 facing=north
[10Oct2026 07:51:22.428] [Server thread/INFO] [deepluckyblock.procedures.Structures5Procedure/]: [STRUCT5-FLAT] grille de scoring : 41x41 cellules (1681 connues) en 2 ms -- T59/T62 (5477785 recherche(s) de chunk, dont 6 ayant attendu >2 ms, 1074 ms au total)
[10Oct2026 07:51:22.429] [Server thread/INFO] [deepluckyblock.procedures.Structures5Procedure/]: [STRUCT5-FLAT] scoring termine : 72 candidat(s) en 1 ms (joueur 0 ms, emprises 1 ms, mesures terrain 0 ms) -- T57
[10Oct2026 07:51:22.429] [Server thread/INFO] [deepluckyblock.procedures.Structures5Procedure/]: [STRUCT5-FLAT] 1152 candidat(s) ecarte(s) : surface en EAU (un lac est plat mais inconstructible) -- T75
[10Oct2026 07:51:22.535] [Server thread/INFO] [deepluckyblock.procedures.Structures5Procedure/]: [STRUCT5-FLAT] tranche 100ms terminée après 25 candidat(s); 47 restent dans CE MÊME cercle
[10Oct2026 07:51:22.543] [Server thread/INFO] [deepluckyblock.procedures.Structures5Procedure/]: [STRUCT5] === PASTE observatory === off=[0,-5,0] dist=0 facing=north
[10Oct2026 07:51:22.545] [Server thread/INFO] [deepluckyblock.procedures.Structures5Procedure/]: [STRUCT5-FLAT] grille de scoring : 41x41 cellules (1681 connues) en 2 ms -- T59/T62 (5486977 recherche(s) de chunk, dont 6 ayant attendu >2 ms, 1075 ms au total)
[10Oct2026 07:51:22.546] [Server thread/INFO] [deepluckyblock.procedures.Structures5Procedure/]: [STRUCT5-FLAT] scoring termine : 47 candidat(s) en 0 ms (joueur 0 ms, emprises 0 ms, mesures terrain 0 ms) -- T57
[10Oct2026 07:51:22.546] [Server thread/INFO] [deepluckyblock.procedures.Structures5Procedure/]: [STRUCT5-FLAT] 1152 candidat(s) ecarte(s) : surface en EAU (un lac est plat mais inconstructible) -- T75
[10Oct2026 07:51:22.651] [Server thread/INFO] [deepluckyblock.procedures.Structures5Procedure/]: [STRUCT5-FLAT] tranche 100ms terminée après 21 candidat(s); 26 restent dans CE MÊME cercle
[10Oct2026 07:51:22.659] [Server thread/INFO] [deepluckyblock.procedures.Structures5Procedure/]: [STRUCT5] === PASTE observatory === off=[0,-5,0] dist=0 facing=north
[10Oct2026 07:51:22.662] [Server thread/INFO] [deepluckyblock.procedures.Structures5Procedure/]: [STRUCT5-FLAT] grille de scoring : 41x41 cellules (1681 connues) en 3 ms -- T59/T62 (5496353 recherche(s) de chunk, dont 6 ayant attendu >2 ms, 1076 ms au total)
[10Oct2026 07:51:22.663] [Server thread/INFO] [deepluckyblock.procedures.Structures5Procedure/]: [STRUCT5-FLAT] scoring termine : 26 candidat(s) en 0 ms (joueur 0 ms, emprises 0 ms, mesures terrain 0 ms) -- T57
[10Oct2026 07:51:22.663] [Server thread/INFO] [deepluckyblock.procedures.Structures5Procedure/]: [STRUCT5-FLAT] 1152 candidat(s) ecarte(s) : surface en EAU (un lac est plat mais inconstructible) -- T75
[10Oct2026 07:51:22.768] [Server thread/INFO] [deepluckyblock.procedures.Structures5Procedure/]: [STRUCT5-FLAT] tranche 100ms terminée après 22 candidat(s); 4 restent dans CE MÊME cercle
[10Oct2026 07:51:22.776] [Server thread/INFO] [deepluckyblock.procedures.Structures5Procedure/]: [STRUCT5] === PASTE observatory === off=[0,-5,0] dist=0 facing=north
[10Oct2026 07:51:22.780] [Server thread/INFO] [deepluckyblock.procedures.Structures5Procedure/]: [STRUCT5-FLAT] grille de scoring : 41x41 cellules (1681 connues) en 4 ms -- T59/T62 (5504970 recherche(s) de chunk, dont 6 ayant attendu >2 ms, 1078 ms au total)
[10Oct2026 07:51:22.781] [Server thread/INFO] [deepluckyblock.procedures.Structures5Procedure/]: [STRUCT5-FLAT] scoring termine : 4 candidat(s) en 1 ms (joueur 0 ms, emprises 0 ms, mesures terrain 1 ms) -- T57
[10Oct2026 07:51:22.781] [Server thread/INFO] [deepluckyblock.procedures.Structures5Procedure/]: [STRUCT5-FLAT] 1152 candidat(s) ecarte(s) : surface en EAU (un lac est plat mais inconstructible) -- T75
[10Oct2026 07:51:22.813] [Server thread/INFO] [deepluckyblock.procedures.Structures5Procedure/]: [STRUCT5-FLAT] aucun centre x0,6 conforme (relief <= 10, eau=0) -- nouvelle couronne jusqu'a 64 blocs; reprise asynchrone
[10Oct2026 07:51:22.822] [Server thread/INFO] [deepluckyblock.procedures.Structures5Procedure/]: [STRUCT5] === PASTE observatory === off=[0,-5,0] dist=0 facing=north
[10Oct2026 07:51:22.829] [Server thread/INFO] [deepluckyblock.procedures.Structures5Procedure/]: [STRUCT5-FLAT] grille de scoring : 67x67 cellules (4489 connues) en 7 ms -- T59/T62 (5508268 recherche(s) de chunk, dont 6 ayant attendu >2 ms, 1078 ms au total)
[10Oct2026 07:51:22.831] [Server thread/INFO] [deepluckyblock.procedures.Structures5Procedure/]: [STRUCT5-FLAT] scoring termine : 1224 candidat(s) en 1 ms (joueur 0 ms, emprises 0 ms, mesures terrain 1 ms) -- T57
[10Oct2026 07:51:22.831] [Server thread/INFO] [deepluckyblock.procedures.Structures5Procedure/]: [STRUCT5-FLAT] 1041 candidat(s) ecarte(s) : surface en EAU (un lac est plat mais inconstructible) -- T75
[10Oct2026 07:51:22.855] [Server thread/INFO] [deepluckyblock.procedures.Structures5Procedure/]: [STRUCT5-FLAT] Zone choisie a 1354,-166 (candidat #6/1224) : flat=49%, pente=9 (score=968, terrain reel exhaustif x0,6, Y reel=69, 5 candidat(s) rejetes, 1 s de recherche)
[10Oct2026 07:51:22.859] [Server thread/INFO] [deepluckyblock.procedures.Structures5Procedure/]: [STRUCT5] observatory -> 1354, 56, -166 (baseY=69, minRelY=8, rot=NONE, 37ms)
[10Oct2026 07:51:22.864] [Server thread/INFO] [deepluckyblock.procedures.Structures5Procedure/]: [STRUCT5-GROUND] observatory sol solide validé sous 100% de la zone centrale x0,6 : 1073 colonnes, 0 avec eau autorisée, sol Y=65..72 (relief=7)
[10Oct2026 07:51:22.864] [Server thread/INFO] [deepluckyblock.procedures.Structures5Procedure/]: [STRUCT5] observatory : center anchor confirmed by footprint (T76) -- median=68, min=63, max=75, 146 columns, delta=1 <= 4
[10Oct2026 07:51:22.869] [Server thread/INFO] [deepluckyblock.procedures.Structures5Procedure/]: [STRUCT5] observatory : 14748 a poser (118 verre supprime, air exterieur deja ecarte au chargement) -- T73
[10Oct2026 07:51:22.871] [Server thread/INFO] [deepluckyblock.procedures.Structures5Procedure/]: [STRUCT5] observatory : Y0 OK -- plateforme Y=69 >= eau exterieure Y=62 + 1
[10Oct2026 07:51:22.871] [Server thread/INFO] [deepluckyblock.procedures.Structures5Procedure/]: [STRUCT5] observatory : selected solid groundY=69, clearance starts at Y=70, model offsetY=-5, foundationBaseY=64
[10Oct2026 07:51:22.871] [Server thread/INFO] [deepluckyblock.util.ChunkKeeper/]: [DLB-CHUNKS] zone 1285, 64, -229 -> 1423, 125, -103 tenue en memoire pendant le pipeline (81 chunks)
[10Oct2026 07:51:22.871] [Server thread/INFO] [deepluckyblock.util.TerrainEditClamp/]: [DLB-CLAMP] fenetre d'edition ouverte sur 139x190x127 a 1285,-229 -- ticks de chute et de fluide neutralises dans la zone
[10Oct2026 07:51:22.872] [Server thread/INFO] [deepluckyblock.util.ChunkKeeper/]: [DLB-CHUNKS] 81/81 chunks epingles (maintien en memoire) -- zone complete
[10Oct2026 07:51:23.117] [Server thread/WARN] [deepluckyblock.procedures.StructureTerrainPrep/]: [DLB-STRUCTURE] lissage bridé : 1516 colonne(s) sortaient de la fenetre autorisee (adaptative T89 : jusqu'a +64/-64 au bord, +10/-2 au loin ; derive maximale mesuree : 79 blocs, colonne 1400,-169 de la zone) -- ramenees dans la fenetre
[10Oct2026 07:51:23.132] [Server thread/WARN] [deepluckyblock.procedures.StructureTerrainPrep/]: [DLB-STRUCTURE] lissage bridé : 930 colonne(s) sortaient de la fenetre autorisee (adaptative T89 : jusqu'a +64/-64 au bord, +10/-2 au loin ; derive maximale mesuree : 46 blocs, colonne 1402,-153 de la zone) -- ramenees dans la fenetre
[10Oct2026 07:51:23.383] [Server thread/INFO] [deepluckyblock.procedures.Structures5Procedure/]: [STRUCT5] observatory : sol 0 exhaustif fixé avant terrain=69, offsetY=-5, first model blockY=64; diagnostic post-prep median=67, min=64, max=68, samples=86 (aucun second décalage)
[10Oct2026 07:51:23.383] [Server thread/INFO] [deepluckyblock.util.StructureSites/]: [DLB-SITES] emprise enregistree : observatory (107x95 a 1301,-213), 3 structure(s) suivie(s)
[10Oct2026 07:51:23.546] [Server thread/INFO] [deepluckyblock.procedures.Structures5Procedure/]: [STRUCT5] 32 LIGHT/vines techniques souterrains supprimes apres paste
[10Oct2026 07:51:23.552] [Server thread/INFO] [deepluckyblock.procedures.Structures5Procedure/]: [STRUCT5] observatory en 653ms (14748 blocs, 67 a gravite -- ticks de chute neutralises par DLB-CLAMP)
[10Oct2026 07:51:23.557] [Server thread/INFO] [deepluckyblock.procedures.Structures5Procedure/]: [STRUCT5] carve observatory programmee (1473 colonnes, 14748 blocs occupes, bottomY=64)
[10Oct2026 07:51:23.745] [Server thread/INFO] [deepluckyblock.procedures.Structures5Procedure/]: [STRUCT5] observatory termine : 129 blocs supprimes, 3 blocs de motte (bottomY=64)
[10Oct2026 07:51:23.834] [Server thread/INFO] [deepluckyblock.procedures.Structures5Procedure/]: [STRUCT5] decorate + post de observatory termine
[10Oct2026 07:51:24.543] [Server thread/INFO] [deepluckyblock.procedures.Structures5Procedure/]: [STRUCT5] Post-process de observatory termine
[10Oct2026 07:51:24.786] [Server thread/INFO] [deepluckyblock.util.TerrainEditClamp/]: [DLB-CLAMP] fenetre fermee (fin de pipeline) : 1 s de travail, 40 ticks ; periode de tick moyenne 48 ms, pire 277 ms (20 TPS = 50 ms) ; 4 tick(s) > 100 ms dont 0 > 1 s ; MSPT lisse 13.9 ms ; chute max 0 entite(s)
[10Oct2026 07:51:24.787] [Server thread/INFO] [deepluckyblock.util.TerrainEditClamp/]: [DLB-PERF] TACHE COMPLETE en 1.9 s -- ou est passe le temps : replantTrees 1.0 s (52%) | pre-chargement des chunks 0.4 s (20%) | rebuildTerrain 0.2 s (11%) | smooth graduel T109 0.1 s (3%) | verifyGrassSurface 0.0 s (1%) | dressAndPlant 0.0 s (1%) | prepZone 0.0 s (1%) | prepZone 1c/11 0.0 s (1%) | acces terrain : 186 requete(s) moteur, 325786 lecture(s) servies par le cache (100%), 0 colonne(s) hors memoire
[10Oct2026 07:51:24.788] [Server thread/INFO] [deepluckyblock.util.ChunkKeeper/]: [DLB-CHUNKS] zone relachee (81 chunks rendus au chunk system, en tranches)
[10Oct2026 07:51:24.815] [Server thread/INFO] [deepluckyblock.procedures.Structures5Procedure/]: [STRUCT5] observatory entièrement terminé (recherche, pose, terrain, végétation et arbres) en 3818 ms : FIFO libérée
